ISO-10303-21;
HEADER;
FILE_DESCRIPTION (( 'STEP AP203' ),
    '1' );
FILE_NAME ('fix2_jetson.STEP',
    '2026-06-02T09:32:19',
    ( '' ),
    ( '' ),
    'SwSTEP 2.0',
    'SolidWorks 2020',
    '' );
FILE_SCHEMA (( 'CONFIG_CONTROL_DESIGN' ));
ENDSEC;

DATA;
#1 = DIRECTION ( 'NONE',  ( -0.000000000000000000, 0.000000000000000000, 1.000000000000000000 ) ) ;
#2 = AXIS2_PLACEMENT_3D ( 'NONE', #292, #130, #799 ) ;
#3 = VECTOR ( 'NONE', #2151, 1000.000000000000000 ) ;
#4 = VECTOR ( 'NONE', #17, 1000.000000000000000 ) ;
#5 = EDGE_LOOP ( 'NONE', ( #1085, #567, #802, #423 ) ) ;
#6 = DIRECTION ( 'NONE',  ( -5.595882180570345426E-17, 1.000000000000000000, -0.000000000000000000 ) ) ;
#7 = AXIS2_PLACEMENT_3D ( 'NONE', #1095, #62, #94 ) ;
#8 = ADVANCED_FACE ( 'NONE', ( #1532 ), #910, .T. ) ;
#9 = DIRECTION ( 'NONE',  ( -2.312964634635743450E-16, -1.000000000000000000, 0.000000000000000000 ) ) ;
#10 = LINE ( 'NONE', #2036, #1814 ) ;
#11 = ADVANCED_FACE ( 'NONE', ( #59 ), #1882, .T. ) ;
#12 = ORIENTED_EDGE ( 'NONE', *, *, #342, .F. ) ;
#13 = EDGE_LOOP ( 'NONE', ( #425, #1427, #1592, #157 ) ) ;
#14 = LINE ( 'NONE', #676, #2119 ) ;
#15 = VERTEX_POINT ( 'NONE', #2041 ) ;
#16 = DIRECTION ( 'NONE',  ( 2.312964634635742957E-16, 1.000000000000000000, -0.000000000000000000 ) ) ;
#17 = DIRECTION ( 'NONE',  ( -1.000000000000000000, 0.000000000000000000, 0.000000000000000000 ) ) ;
#18 = DIRECTION ( 'NONE',  ( -0.7071067811865476838, 0.7071067811865474617, 0.000000000000000000 ) ) ;
#19 = EDGE_CURVE ( 'NONE', #1444, #827, #1066, .T. ) ;
#20 = ORIENTED_EDGE ( 'NONE', *, *, #1042, .T. ) ;
#21 = CARTESIAN_POINT ( 'NONE',  ( -19.75000000000000000, -14.25000000000000533, 6.000000000000000000 ) ) ;
#22 = ORIENTED_EDGE ( 'NONE', *, *, #2014, .T. ) ;
#23 = CARTESIAN_POINT ( 'NONE',  ( -19.98376667823489683, -4.950988170350147932, 0.000000000000000000 ) ) ;
#24 = DATE_AND_TIME ( #1015, #863 ) ;
#25 = CC_DESIGN_PERSON_AND_ORGANIZATION_ASSIGNMENT ( #1695, #1354, ( #1634 ) ) ;
#26 = PLANE ( 'NONE',  #1598 ) ;
#27 = FACE_OUTER_BOUND ( 'NONE', #1183, .T. ) ;
#28 = VECTOR ( 'NONE', #906, 1000.000000000000000 ) ;
#29 = EDGE_LOOP ( 'NONE', ( #607, #250, #1130, #842 ) ) ;
#30 = EDGE_CURVE ( 'NONE', #677, #962, #384, .T. ) ;
#31 = VERTEX_POINT ( 'NONE', #1582 ) ;
#32 = DIRECTION ( 'NONE',  ( -1.186135710069611665E-16, 1.000000000000000000, -0.000000000000000000 ) ) ;
#33 = PERSON_AND_ORGANIZATION_ROLE ( 'creator' ) ;
#34 = CC_DESIGN_PERSON_AND_ORGANIZATION_ASSIGNMENT ( #1508, #1678, ( #1487 ) ) ;
#35 = VECTOR ( 'NONE', #1921, 1000.000000000000000 ) ;
#36 = DIRECTION ( 'NONE',  ( 2.312964634635742957E-16, 0.000000000000000000, 1.000000000000000000 ) ) ;
#37 = CARTESIAN_POINT ( 'NONE',  ( -19.74999999999999645, 29.25000000000000000, 6.000000000000000000 ) ) ;
#38 = ORGANIZATION ( 'UNSPECIFIED', 'UNSPECIFIED', '' ) ;
#39 = ORIENTED_EDGE ( 'NONE', *, *, #1861, .F. ) ;
#40 = VECTOR ( 'NONE', #1345, 1000.000000000000000 ) ;
#41 = ORIENTED_EDGE ( 'NONE', *, *, #1790, .T. ) ;
#42 = LINE ( 'NONE', #1534, #1650 ) ;
#43 = CALENDAR_DATE ( 2026, 2, 6 ) ;
#44 = EDGE_CURVE ( 'NONE', #570, #406, #725, .T. ) ;
#45 = CARTESIAN_POINT ( 'NONE',  ( -19.75000000000000355, 29.25000000000000355, 0.000000000000000000 ) ) ;
#46 = PLANE ( 'NONE',  #521 ) ;
#47 = EDGE_CURVE ( 'NONE', #1992, #70, #1913, .T. ) ;
#48 = ORIENTED_EDGE ( 'NONE', *, *, #865, .T. ) ;
#49 = ORIENTED_EDGE ( 'NONE', *, *, #1743, .F. ) ;
#50 = CARTESIAN_POINT ( 'NONE',  ( -0.000000000000000000, 55.71848356007618719, 0.000000000000000000 ) ) ;
#51 = CARTESIAN_POINT ( 'NONE',  ( 6.000000000000002665, -48.99999999999999289, -4.250000000000004441 ) ) ;
#52 = DIRECTION ( 'NONE',  ( 0.000000000000000000, -0.000000000000000000, -1.000000000000000000 ) ) ;
#53 = ADVANCED_FACE ( 'NONE', ( #885 ), #1559, .F. ) ;
#54 = LINE ( 'NONE', #1470, #374 ) ;
#55 = CARTESIAN_POINT ( 'NONE',  ( -5.999999999999998224, -52.53356377309868463, -9.000000000000005329 ) ) ;
#56 = CARTESIAN_POINT ( 'NONE',  ( -7.406094352496946698, -55.60445832604970917, -1.681872201890496576 ) ) ;
#57 = ORIENTED_EDGE ( 'NONE', *, *, #1112, .F. ) ;
#58 = VECTOR ( 'NONE', #1971, 1000.000000000000227 ) ;
#59 = FACE_OUTER_BOUND ( 'NONE', #1820, .T. ) ;
#60 = LINE ( 'NONE', #2033, #712 ) ;
#61 = CARTESIAN_POINT ( 'NONE',  ( 6.000000000000002665, 46.99999999999999289, -4.250000000000004441 ) ) ;
#62 = DIRECTION ( 'NONE',  ( 0.000000000000000000, 1.000000000000000000, -0.000000000000000000 ) ) ;
#63 = VECTOR ( 'NONE', #2082, 1000.000000000000000 ) ;
#64 = LINE ( 'NONE', #1752, #804 ) ;
#65 = VECTOR ( 'NONE', #924, 1000.000000000000000 ) ;
#66 = DIRECTION ( 'NONE',  ( -0.000000000000000000, 1.000000000000000000, -0.000000000000000000 ) ) ;
#67 = DIRECTION ( 'NONE',  ( 1.000000000000000000, 0.000000000000000000, 0.000000000000000000 ) ) ;
#68 = EDGE_CURVE ( 'NONE', #296, #559, #2063, .T. ) ;
#69 = VECTOR ( 'NONE', #1132, 1000.000000000000000 ) ;
#70 = VERTEX_POINT ( 'NONE', #71 ) ;
#71 = CARTESIAN_POINT ( 'NONE',  ( 11.00000000000000178, 60.49999999999999289, 0.000000000000000000 ) ) ;
#72 = ORIENTED_EDGE ( 'NONE', *, *, #88, .F. ) ;
#73 = FACE_OUTER_BOUND ( 'NONE', #1127, .T. ) ;
#74 = DIRECTION ( 'NONE',  ( 0.000000000000000000, 0.000000000000000000, 1.000000000000000000 ) ) ;
#75 = CARTESIAN_POINT ( 'NONE',  ( 19.75000000000000355, -29.25000000000000000, 0.000000000000000000 ) ) ;
#76 = CARTESIAN_POINT ( 'NONE',  ( 21.50000000000000000, -31.99999999999998579, 0.000000000000000000 ) ) ;
#77 = DIRECTION ( 'NONE',  ( 0.000000000000000000, -1.000000000000000000, 0.000000000000000000 ) ) ;
#78 = ORIENTED_EDGE ( 'NONE', *, *, #624, .T. ) ;
#79 = ADVANCED_FACE ( 'NONE', ( #746 ), #1544, .T. ) ;
#80 = DIRECTION ( 'NONE',  ( 1.334402673828313093E-16, 0.000000000000000000, -1.000000000000000000 ) ) ;
#81 = DIRECTION ( 'NONE',  ( 1.334402673828313093E-16, 0.000000000000000000, -1.000000000000000000 ) ) ;
#82 = DIRECTION ( 'NONE',  ( -2.312964634635742957E-16, -1.000000000000000000, -0.000000000000000000 ) ) ;
#83 = DIRECTION ( 'NONE',  ( -1.000000000000000000, -1.186135710069611665E-16, 0.000000000000000000 ) ) ;
#84 = ORIENTED_EDGE ( 'NONE', *, *, #117, .F. ) ;
#85 = DIRECTION ( 'NONE',  ( -5.595882180570345426E-17, -1.000000000000000000, -0.000000000000000000 ) ) ;
#86 = PLANE ( 'NONE',  #1764 ) ;
#87 = EDGE_LOOP ( 'NONE', ( #1469, #1632, #41 ) ) ;
#88 = EDGE_CURVE ( 'NONE', #1286, #1840, #1900, .T. ) ;
#89 = CARTESIAN_POINT ( 'NONE',  ( -19.75000000000000355, -29.25000000000000355, 4.000000000000000000 ) ) ;
#90 = EDGE_LOOP ( 'NONE', ( #1877, #1649, #1583, #1829 ) ) ;
#91 = CARTESIAN_POINT ( 'NONE',  ( -19.74999999999999645, 14.24999999999999822, 4.000000000000000000 ) ) ;
#92 = DIRECTION ( 'NONE',  ( 5.203038332213747118E-17, 0.9743700647852361341, 0.2249510543438614785 ) ) ;
#93 = CC_DESIGN_DATE_AND_TIME_ASSIGNMENT ( #1024, #1328, ( #2021 ) ) ;
#94 = DIRECTION ( 'NONE',  ( 0.000000000000000000, 0.000000000000000000, 1.000000000000000000 ) ) ;
#95 = ORIENTED_EDGE ( 'NONE', *, *, #1512, .F. ) ;
#96 = LINE ( 'NONE', #2046, #63 ) ;
#97 = ORIENTED_EDGE ( 'NONE', *, *, #1401, .T. ) ;
#98 = LINE ( 'NONE', #1552, #1282 ) ;
#99 = VECTOR ( 'NONE', #1713, 1000.000000000000000 ) ;
#100 = FACE_OUTER_BOUND ( 'NONE', #180, .T. ) ;
#101 = ADVANCED_FACE ( 'NONE', ( #2074 ), #1242, .T. ) ;
#102 = VECTOR ( 'NONE', #1894, 1000.000000000000341 ) ;
#103 = ORIENTED_EDGE ( 'NONE', *, *, #1463, .T. ) ;
#104 = VECTOR ( 'NONE', #2067, 1000.000000000000000 ) ;
#105 = ORIENTED_EDGE ( 'NONE', *, *, #690, .T. ) ;
#106 = CARTESIAN_POINT ( 'NONE',  ( -11.00000000000000000, 64.49999999999998579, 3.999999999999995559 ) ) ;
#107 = CC_DESIGN_APPROVAL ( #711, ( #1487 ) ) ;
#108 = DIRECTION ( 'NONE',  ( -5.595882180570345426E-17, 1.000000000000000000, -0.000000000000000000 ) ) ;
#109 = LINE ( 'NONE', #1779, #1494 ) ;
#110 = EDGE_CURVE ( 'NONE', #1019, #264, #772, .T. ) ;
#111 = AXIS2_PLACEMENT_3D ( 'NONE', #445, #1677, #184 ) ;
#112 = EDGE_LOOP ( 'NONE', ( #1946, #514, #1531, #867 ) ) ;
#113 = ORIENTED_EDGE ( 'NONE', *, *, #752, .T. ) ;
#114 = CARTESIAN_POINT ( 'NONE',  ( -10.99999999999999822, 64.49999999999998579, -9.000000000000005329 ) ) ;
#115 = CARTESIAN_POINT ( 'NONE',  ( 19.74999999999999645, 29.25000000000000355, 0.000000000000000000 ) ) ;
#116 = ORIENTED_EDGE ( 'NONE', *, *, #231, .F. ) ;
#117 = EDGE_CURVE ( 'NONE', #677, #173, #817, .T. ) ;
#118 = EDGE_LOOP ( 'NONE', ( #1641, #256, #958 ) ) ;
#119 = DIRECTION ( 'NONE',  ( 1.000000000000000000, 0.000000000000000000, 0.000000000000000000 ) ) ;
#120 = DIRECTION ( 'NONE',  ( 1.000000000000000000, 0.000000000000000000, 0.000000000000000000 ) ) ;
#121 = CARTESIAN_POINT ( 'NONE',  ( -19.75000000000000355, 29.25000000000000355, 6.000000000000000000 ) ) ;
#122 = ORIENTED_EDGE ( 'NONE', *, *, #661, .F. ) ;
#123 = EDGE_LOOP ( 'NONE', ( #220, #208, #612 ) ) ;
#124 = EDGE_CURVE ( 'NONE', #300, #947, #64, .T. ) ;
#125 = CARTESIAN_POINT ( 'NONE',  ( 19.75000000000000355, 29.25000000000000000, 6.000000000000000000 ) ) ;
#126 = DIRECTION ( 'NONE',  ( 1.000000000000000000, 0.000000000000000000, 0.000000000000000000 ) ) ;
#127 = ORIENTED_EDGE ( 'NONE', *, *, #1366, .T. ) ;
#128 = ORIENTED_EDGE ( 'NONE', *, *, #1355, .F. ) ;
#129 = CARTESIAN_POINT ( 'NONE',  ( 6.000000000000002665, 48.99999999999999289, -5.250000000000004441 ) ) ;
#130 = DIRECTION ( 'NONE',  ( 0.000000000000000000, 0.7071067811865451302, -0.7071067811865500152 ) ) ;
#131 = PLANE ( 'NONE',  #494 ) ;
#132 = FACE_OUTER_BOUND ( 'NONE', #1589, .T. ) ;
#133 = ORIENTED_EDGE ( 'NONE', *, *, #2077, .T. ) ;
#134 = CARTESIAN_POINT ( 'NONE',  ( 7.406094352496946698, -55.71848356007618719, 0.000000000000000000 ) ) ;
#135 = VECTOR ( 'NONE', #1312, 1000.000000000000114 ) ;
#136 = ORIENTED_EDGE ( 'NONE', *, *, #1169, .F. ) ;
#137 = CARTESIAN_POINT ( 'NONE',  ( 6.000000000000002665, -48.99999999999999289, -5.250000000000004441 ) ) ;
#138 = DIRECTION ( 'NONE',  ( 0.9383431168171101344, -0.3457053588273563127, 0.000000000000000000 ) ) ;
#139 = ORIENTED_EDGE ( 'NONE', *, *, #1199, .T. ) ;
#140 = EDGE_CURVE ( 'NONE', #366, #1880, #96, .T. ) ;
#141 = EDGE_LOOP ( 'NONE', ( #703, #78, #97, #1802, #915, #714 ) ) ;
#142 = CARTESIAN_POINT ( 'NONE',  ( -21.50000000000000000, -60.49999999999999289, -5.419062086227038194E-15 ) ) ;
#143 = DIRECTION ( 'NONE',  ( 2.312964634635742957E-16, 0.000000000000000000, 1.000000000000000000 ) ) ;
#144 = EDGE_CURVE ( 'NONE', #2089, #1939, #399, .T. ) ;
#145 = ORIENTED_EDGE ( 'NONE', *, *, #2077, .F. ) ;
#146 = LINE ( 'NONE', #2121, #549 ) ;
#147 = PLANE ( 'NONE',  #242 ) ;
#148 = AXIS2_PLACEMENT_3D ( 'NONE', #1694, #174, #697 ) ;
#149 = ORIENTED_EDGE ( 'NONE', *, *, #719, .T. ) ;
#150 = ORIENTED_EDGE ( 'NONE', *, *, #945, .F. ) ;
#151 = EDGE_CURVE ( 'NONE', #413, #897, #1907, .T. ) ;
#152 = PLANE ( 'NONE',  #2039 ) ;
#153 = CARTESIAN_POINT ( 'NONE',  ( -21.50000000000000000, -31.99999999999998579, 5.932203389830508655 ) ) ;
#154 = APPLICATION_PROTOCOL_DEFINITION ( 'international standard', 'config_control_design', 1994, #1360 ) ;
#155 = CARTESIAN_POINT ( 'NONE',  ( -29.31097560975610250, -10.79878048780488520, 10.00000000000000000 ) ) ;
#156 = CARTESIAN_POINT ( 'NONE',  ( 7.406094352496946698, 56.01030634047045709, 4.304386010815557384 ) ) ;
#157 = ORIENTED_EDGE ( 'NONE', *, *, #1716, .F. ) ;
#158 = EDGE_LOOP ( 'NONE', ( #953, #1836, #440, #946 ) ) ;
#159 = LINE ( 'NONE', #56, #1371 ) ;
#160 = EDGE_CURVE ( 'NONE', #1298, #926, #1387, .T. ) ;
#161 = CARTESIAN_POINT ( 'NONE',  ( -19.74999999999999645, 14.24999999999999822, 4.000000000000000000 ) ) ;
#162 = ADVANCED_FACE ( 'NONE', ( #891 ), #1887, .T. ) ;
#163 = LINE ( 'NONE', #845, #172 ) ;
#164 = FACE_OUTER_BOUND ( 'NONE', #2135, .T. ) ;
#165 = VECTOR ( 'NONE', #1343, 1000.000000000000000 ) ;
#166 = ORIENTED_EDGE ( 'NONE', *, *, #1036, .T. ) ;
#167 = ADVANCED_FACE ( 'NONE', ( #1226 ), #380, .T. ) ;
#168 = ORIENTED_EDGE ( 'NONE', *, *, #957, .F. ) ;
#169 = DIRECTION ( 'NONE',  ( 3.785129453194893617E-18, -0.06764133573679179112, 0.9977097021176762892 ) ) ;
#170 = VECTOR ( 'NONE', #589, 1000.000000000000000 ) ;
#171 = PLANE ( 'NONE',  #2 ) ;
#172 = VECTOR ( 'NONE', #1348, 1000.000000000000227 ) ;
#173 = VERTEX_POINT ( 'NONE', #588 ) ;
#174 = DIRECTION ( 'NONE',  ( 0.000000000000000000, 1.000000000000000000, 0.000000000000000000 ) ) ;
#175 = DATE_AND_TIME ( #519, #1770 ) ;
#176 = VECTOR ( 'NONE', #889, 1000.000000000000000 ) ;
#177 = LINE ( 'NONE', #2019, #4 ) ;
#178 = CARTESIAN_POINT ( 'NONE',  ( 6.000000000000001776, 60.49999999999998579, -9.000000000000005329 ) ) ;
#179 = EDGE_CURVE ( 'NONE', #526, #199, #226, .T. ) ;
#180 = EDGE_LOOP ( 'NONE', ( #1625, #1740, #1935, #20 ) ) ;
#181 = EDGE_CURVE ( 'NONE', #432, #559, #914, .T. ) ;
#182 = LINE ( 'NONE', #21, #165 ) ;
#183 = VERTEX_POINT ( 'NONE', #1576 ) ;
#184 = DIRECTION ( 'NONE',  ( 0.000000000000000000, -0.000000000000000000, 1.000000000000000000 ) ) ;
#185 = DIRECTION ( 'NONE',  ( -1.000000000000000000, 0.000000000000000000, 2.312964634635742957E-16 ) ) ;
#186 = LINE ( 'NONE', #340, #488 ) ;
#187 = ADVANCED_FACE ( 'NONE', ( #1896 ), #1710, .T. ) ;
#188 = LINE ( 'NONE', #2138, #1315 ) ;
#189 = ORIENTED_EDGE ( 'NONE', *, *, #695, .T. ) ;
#190 = ORIENTED_EDGE ( 'NONE', *, *, #1391, .T. ) ;
#191 = EDGE_LOOP ( 'NONE', ( #405, #655, #1326, #139 ) ) ;
#192 = LINE ( 'NONE', #328, #321 ) ;
#193 = PERSON_AND_ORGANIZATION_ROLE ( 'classification_officer' ) ;
#194 = CARTESIAN_POINT ( 'NONE',  ( 19.74999999999999645, -29.25000000000000355, 4.000000000000000000 ) ) ;
#195 = PLANE ( 'NONE',  #1459 ) ;
#196 = VECTOR ( 'NONE', #1651, 1000.000000000000114 ) ;
#197 = ORIENTED_EDGE ( 'NONE', *, *, #673, .T. ) ;
#198 = ADVANCED_FACE ( 'NONE', ( #238 ), #2097, .T. ) ;
#199 = VERTEX_POINT ( 'NONE', #412 ) ;
#200 = VECTOR ( 'NONE', #1590, 1000.000000000000114 ) ;
#201 = LINE ( 'NONE', #1171, #1528 ) ;
#202 = PERSON_AND_ORGANIZATION ( #1578, #38 ) ;
#203 = VECTOR ( 'NONE', #1566, 1000.000000000000000 ) ;
#204 = CARTESIAN_POINT ( 'NONE',  ( -5.999999999999998224, 47.93933982822019146, -7.939339828220187023 ) ) ;
#205 = FACE_OUTER_BOUND ( 'NONE', #1781, .T. ) ;
#206 = VECTOR ( 'NONE', #436, 1000.000000000000227 ) ;
#207 = VECTOR ( 'NONE', #658, 1000.000000000000000 ) ;
#208 = ORIENTED_EDGE ( 'NONE', *, *, #562, .T. ) ;
#209 = VECTOR ( 'NONE', #1353, 1000.000000000000114 ) ;
#210 = EDGE_CURVE ( 'NONE', #1103, #2136, #927, .T. ) ;
#211 = VERTEX_POINT ( 'NONE', #880 ) ;
#212 = EDGE_LOOP ( 'NONE', ( #1191, #113, #1240, #145, #1560, #189, #1440, #930 ) ) ;
#213 = DIRECTION ( 'NONE',  ( 1.000000000000000000, 1.119176436114069085E-16, -0.000000000000000000 ) ) ;
#214 = DIRECTION ( 'NONE',  ( 1.119176436114069085E-16, -1.000000000000000000, 0.000000000000000000 ) ) ;
#215 = CARTESIAN_POINT ( 'NONE',  ( 6.000000000000001776, -60.49999999999998579, -9.000000000000005329 ) ) ;
#216 = CARTESIAN_POINT ( 'NONE',  ( -5.999999999999997335, -46.99999999999999289, -6.999999999999974243 ) ) ;
#217 = LINE ( 'NONE', #1062, #170 ) ;
#218 = DIRECTION ( 'NONE',  ( 0.4856429311786319980, 0.000000000000000000, 0.8741572761215378184 ) ) ;
#219 = EDGE_LOOP ( 'NONE', ( #608, #1786, #364, #385 ) ) ;
#220 = ORIENTED_EDGE ( 'NONE', *, *, #179, .T. ) ;
#221 = FACE_OUTER_BOUND ( 'NONE', #230, .T. ) ;
#222 = EDGE_CURVE ( 'NONE', #1086, #1007, #54, .T. ) ;
#223 = DIRECTION ( 'NONE',  ( -0.000000000000000000, -0.000000000000000000, -1.000000000000000000 ) ) ;
#224 = DIRECTION ( 'NONE',  ( 3.785129453194892847E-18, -0.06764133573679180500, 0.9977097021176765113 ) ) ;
#225 = EDGE_CURVE ( 'NONE', #1626, #296, #701, .T. ) ;
#226 = LINE ( 'NONE', #1422, #934 ) ;
#227 = ORIENTED_EDGE ( 'NONE', *, *, #752, .F. ) ;
#228 = LINE ( 'NONE', #55, #516 ) ;
#229 = DIRECTION ( 'NONE',  ( -0.4856429311786319425, -0.000000000000000000, -0.8741572761215378184 ) ) ;
#230 = EDGE_LOOP ( 'NONE', ( #1619, #1400, #909, #896 ) ) ;
#231 = EDGE_CURVE ( 'NONE', #1615, #736, #923, .T. ) ;
#232 = VECTOR ( 'NONE', #275, 1000.000000000000114 ) ;
#233 = DIRECTION ( 'NONE',  ( 1.000000000000000000, 0.000000000000000000, 0.000000000000000000 ) ) ;
#234 = DIRECTION ( 'NONE',  ( 0.9705251053591572585, -0.2404480793350332879, 0.01630156470068026137 ) ) ;
#235 = DIRECTION ( 'NONE',  ( 0.000000000000000000, -0.000000000000000000, -1.000000000000000000 ) ) ;
#236 = CARTESIAN_POINT ( 'NONE',  ( 6.000000000000001776, 64.49999999999998579, -9.000000000000005329 ) ) ;
#237 = VECTOR ( 'NONE', #916, 1000.000000000000000 ) ;
#238 = FACE_OUTER_BOUND ( 'NONE', #158, .T. ) ;
#239 = EDGE_CURVE ( 'NONE', #1828, #1753, #188, .T. ) ;
#240 = DIRECTION ( 'NONE',  ( -1.000000000000000000, -5.595882180570345426E-17, -1.334402673828313339E-16 ) ) ;
#241 = DIRECTION ( 'NONE',  ( 0.000000000000000000, -0.000000000000000000, 1.000000000000000000 ) ) ;
#242 = AXIS2_PLACEMENT_3D ( 'NONE', #1957, #1458, #993 ) ;
#243 = EDGE_LOOP ( 'NONE', ( #504, #2123, #403, #1686 ) ) ;
#244 = EDGE_CURVE ( 'NONE', #795, #1198, #1474, .T. ) ;
#245 = CARTESIAN_POINT ( 'NONE',  ( -11.00000000000000000, 64.49999999999998579, 3.999999999999995559 ) ) ;
#246 = VECTOR ( 'NONE', #1283, 1000.000000000000000 ) ;
#247 = LINE ( 'NONE', #1212, #1557 ) ;
#248 = CARTESIAN_POINT ( 'NONE',  ( -11.00000000000000000, 64.49999999999998579, 3.999999999999995559 ) ) ;
#249 = LINE ( 'NONE', #718, #667 ) ;
#250 = ORIENTED_EDGE ( 'NONE', *, *, #1629, .F. ) ;
#251 = LINE ( 'NONE', #1237, #237 ) ;
#252 = CARTESIAN_POINT ( 'NONE',  ( 8.405660377358490365, 64.49999999999998579, -4.669811320754715389 ) ) ;
#253 = EDGE_CURVE ( 'NONE', #962, #1664, #1972, .T. ) ;
#254 = ORIENTED_EDGE ( 'NONE', *, *, #931, .F. ) ;
#255 = VERTEX_POINT ( 'NONE', #1150 ) ;
#256 = ORIENTED_EDGE ( 'NONE', *, *, #1743, .T. ) ;
#257 = PLANE ( 'NONE',  #1725 ) ;
#258 = LINE ( 'NONE', #377, #102 ) ;
#259 = DIRECTION ( 'NONE',  ( 0.000000000000000000, 0.000000000000000000, -1.000000000000000000 ) ) ;
#260 = ORIENTED_EDGE ( 'NONE', *, *, #865, .F. ) ;
#261 = DIRECTION ( 'NONE',  ( 0.000000000000000000, -1.000000000000000000, 0.000000000000000000 ) ) ;
#262 = CARTESIAN_POINT ( 'NONE',  ( 19.74999999999999645, -29.25000000000000355, 4.000000000000000000 ) ) ;
#263 = DIRECTION ( 'NONE',  ( 0.000000000000000000, 1.000000000000000000, 0.000000000000000000 ) ) ;
#264 = VERTEX_POINT ( 'NONE', #1160 ) ;
#265 = ORIENTED_EDGE ( 'NONE', *, *, #244, .F. ) ;
#266 = ADVANCED_FACE ( 'NONE', ( #1663 ), #171, .T. ) ;
#267 = CARTESIAN_POINT ( 'NONE',  ( 19.75000000000000355, 29.25000000000000000, 4.000000000000000000 ) ) ;
#268 = VECTOR ( 'NONE', #893, 1000.000000000000000 ) ;
#269 = FACE_BOUND ( 'NONE', #686, .T. ) ;
#270 = PLANE ( 'NONE',  #1601 ) ;
#271 = EDGE_LOOP ( 'NONE', ( #601, #2156, #1809, #2005 ) ) ;
#272 = EDGE_CURVE ( 'NONE', #596, #1471, #751, .T. ) ;
#273 = FACE_BOUND ( 'NONE', #1003, .T. ) ;
#274 = VECTOR ( 'NONE', #1370, 1000.000000000000000 ) ;
#275 = DIRECTION ( 'NONE',  ( -0.4856429311786319425, 0.000000000000000000, -0.8741572761215378184 ) ) ;
#276 = AXIS2_PLACEMENT_3D ( 'NONE', #1985, #801, #611 ) ;
#277 = VECTOR ( 'NONE', #1766, 1000.000000000000000 ) ;
#278 = ORIENTED_EDGE ( 'NONE', *, *, #1074, .F. ) ;
#279 = VECTOR ( 'NONE', #2010, 1000.000000000000341 ) ;
#280 = VERTEX_POINT ( 'NONE', #1271 ) ;
#281 = CARTESIAN_POINT ( 'NONE',  ( -19.74999999999999645, 29.25000000000000000, 4.000000000000000000 ) ) ;
#282 = EDGE_CURVE ( 'NONE', #1411, #199, #1110, .T. ) ;
#283 = ORIENTED_EDGE ( 'NONE', *, *, #1666, .F. ) ;
#284 = CARTESIAN_POINT ( 'NONE',  ( -8.405660377358492141, 64.49999999999998579, -4.669811320754713613 ) ) ;
#285 = ORIENTED_EDGE ( 'NONE', *, *, #19, .F. ) ;
#286 = VERTEX_POINT ( 'NONE', #1272 ) ;
#287 = FACE_OUTER_BOUND ( 'NONE', #1498, .T. ) ;
#288 = DIRECTION ( 'NONE',  ( -1.334402673828313093E-16, 0.000000000000000000, 1.000000000000000000 ) ) ;
#289 = VERTEX_POINT ( 'NONE', #134 ) ;
#290 = EDGE_LOOP ( 'NONE', ( #1067, #808, #265, #122 ) ) ;
#291 = FACE_OUTER_BOUND ( 'NONE', #806, .T. ) ;
#292 = CARTESIAN_POINT ( 'NONE',  ( 0.000000000000000000, -46.99999999999999289, -6.999999999999975131 ) ) ;
#293 = CARTESIAN_POINT ( 'NONE',  ( 6.000000000000002665, 48.99999999999999289, -4.250000000000004441 ) ) ;
#294 = PLANE ( 'NONE',  #770 ) ;
#295 = VERTEX_POINT ( 'NONE', #1546 ) ;
#296 = VERTEX_POINT ( 'NONE', #414 ) ;
#297 = DIRECTION ( 'NONE',  ( 3.785129453194893617E-18, 0.06764133573679179112, 0.9977097021176762892 ) ) ;
#298 = LINE ( 'NONE', #1144, #1039 ) ;
#299 = EDGE_CURVE ( 'NONE', #778, #1341, #1897, .T. ) ;
#300 = VERTEX_POINT ( 'NONE', #1730 ) ;
#301 = EDGE_LOOP ( 'NONE', ( #643, #495, #1273, #1955 ) ) ;
#302 = EDGE_CURVE ( 'NONE', #1892, #2053, #217, .T. ) ;
#303 = LINE ( 'NONE', #476, #1064 ) ;
#304 = CARTESIAN_POINT ( 'NONE',  ( 0.000000000000000000, -55.71848356007618719, 0.000000000000000000 ) ) ;
#305 = PLANE ( 'NONE',  #2052 ) ;
#306 = ORIENTED_EDGE ( 'NONE', *, *, #225, .F. ) ;
#307 = VECTOR ( 'NONE', #1931, 1000.000000000000000 ) ;
#308 = DIRECTION ( 'NONE',  ( 0.8741572761215378184, 0.000000000000000000, -0.4856429311786319980 ) ) ;
#309 = FACE_OUTER_BOUND ( 'NONE', #243, .T. ) ;
#310 = EDGE_CURVE ( 'NONE', #1103, #596, #881, .T. ) ;
#311 = EDGE_LOOP ( 'NONE', ( #773, #465, #1135, #190, #1968, #168 ) ) ;
#312 = VECTOR ( 'NONE', #2004, 1000.000000000000000 ) ;
#313 = VERTEX_POINT ( 'NONE', #1217 ) ;
#314 = CARTESIAN_POINT ( 'NONE',  ( 21.49999999999999289, 31.00000000000000711, 6.000000000000000000 ) ) ;
#315 = VECTOR ( 'NONE', #700, 1000.000000000000000 ) ;
#316 = VECTOR ( 'NONE', #739, 1000.000000000000114 ) ;
#317 = CARTESIAN_POINT ( 'NONE',  ( 6.000000000000001776, 46.99999999999999289, -9.000000000000005329 ) ) ;
#318 = CARTESIAN_POINT ( 'NONE',  ( 11.00000000000000000, -64.49999999999998579, 3.999999999999995559 ) ) ;
#319 = DIRECTION ( 'NONE',  ( 0.000000000000000000, 0.000000000000000000, 1.000000000000000000 ) ) ;
#320 = DIRECTION ( 'NONE',  ( -0.000000000000000000, -0.000000000000000000, -1.000000000000000000 ) ) ;
#321 = VECTOR ( 'NONE', #509, 1000.000000000000000 ) ;
#322 = ORIENTED_EDGE ( 'NONE', *, *, #877, .T. ) ;
#323 = EDGE_CURVE ( 'NONE', #1626, #432, #2048, .T. ) ;
#324 = APPLICATION_CONTEXT ( 'configuration controlled 3d designs of mechanical parts and assemblies' ) ;
#325 = ORIENTED_EDGE ( 'NONE', *, *, #1307, .F. ) ;
#326 = LINE ( 'NONE', #2013, #1001 ) ;
#327 = EDGE_CURVE ( 'NONE', #2136, #1122, #228, .T. ) ;
#328 = CARTESIAN_POINT ( 'NONE',  ( 6.000000000000001776, -46.99999999999999289, -9.000000000000005329 ) ) ;
#329 = APPROVAL_DATE_TIME ( #859, #1357 ) ;
#330 = CARTESIAN_POINT ( 'NONE',  ( 12.00000000000000000, 37.14682883687268600, -0.4305074907598477885 ) ) ;
#331 = DIRECTION ( 'NONE',  ( 0.000000000000000000, 1.000000000000000000, 0.000000000000000000 ) ) ;
#332 = ORIENTED_EDGE ( 'NONE', *, *, #1463, .F. ) ;
#333 = EDGE_LOOP ( 'NONE', ( #1451, #1869, #653, #1028, #1504, #790, #166, #1693 ) ) ;
#334 = DIRECTION ( 'NONE',  ( -0.000000000000000000, -1.000000000000000000, -0.000000000000000000 ) ) ;
#335 = EDGE_CURVE ( 'NONE', #70, #15, #1719, .T. ) ;
#336 = ORIENTED_EDGE ( 'NONE', *, *, #2124, .T. ) ;
#337 = LINE ( 'NONE', #1499, #491 ) ;
#338 = SECURITY_CLASSIFICATION_LEVEL ( 'unclassified' ) ;
#339 = DIRECTION ( 'NONE',  ( 0.000000000000000000, 0.000000000000000000, 1.000000000000000000 ) ) ;
#340 = CARTESIAN_POINT ( 'NONE',  ( -29.31097560975610250, -10.79878048780488520, 0.000000000000000000 ) ) ;
#341 = VECTOR ( 'NONE', #809, 1000.000000000000000 ) ;
#342 = EDGE_CURVE ( 'NONE', #962, #211, #905, .T. ) ;
#343 = EDGE_LOOP ( 'NONE', ( #1620, #1174, #758, #382 ) ) ;
#344 = ORIENTED_EDGE ( 'NONE', *, *, #618, .T. ) ;
#345 = DIRECTION ( 'NONE',  ( 0.000000000000000000, 0.000000000000000000, -1.000000000000000000 ) ) ;
#346 = VECTOR ( 'NONE', #1930, 1000.000000000000000 ) ;
#347 = VECTOR ( 'NONE', #214, 1000.000000000000000 ) ;
#348 = ORIENTED_EDGE ( 'NONE', *, *, #1920, .T. ) ;
#349 = CARTESIAN_POINT ( 'NONE',  ( -5.999999999999997335, 60.49999999999999289, -5.250000000000004441 ) ) ;
#350 = COORDINATED_UNIVERSAL_TIME_OFFSET ( 1, 0, .AHEAD. ) ;
#351 = ADVANCED_FACE ( 'NONE', ( #767 ), #426, .F. ) ;
#352 = VECTOR ( 'NONE', #1339, 1000.000000000000000 ) ;
#353 = ORIENTED_EDGE ( 'NONE', *, *, #434, .F. ) ;
#354 = DIRECTION ( 'NONE',  ( -1.000000000000000000, 2.312964634635743450E-16, 0.000000000000000000 ) ) ;
#355 = FACE_OUTER_BOUND ( 'NONE', #1097, .T. ) ;
#356 = ORIENTED_EDGE ( 'NONE', *, *, #458, .T. ) ;
#357 = LINE ( 'NONE', #1497, #2155 ) ;
#358 = ORIENTED_EDGE ( 'NONE', *, *, #2111, .F. ) ;
#359 = CARTESIAN_POINT ( 'NONE',  ( 6.000000000000002665, -46.99999999999999289, -6.999999999999975131 ) ) ;
#360 = DIRECTION ( 'NONE',  ( 1.000000000000000000, 0.000000000000000000, 0.000000000000000000 ) ) ;
#361 = DIRECTION ( 'NONE',  ( -0.000000000000000000, -1.000000000000000000, -0.000000000000000000 ) ) ;
#362 = CARTESIAN_POINT ( 'NONE',  ( -11.99999999999999645, 37.17601578539879625, -1.355252715606880543E-16 ) ) ;
#363 = EDGE_CURVE ( 'NONE', #715, #778, #1888, .T. ) ;
#364 = ORIENTED_EDGE ( 'NONE', *, *, #1199, .F. ) ;
#365 = EDGE_CURVE ( 'NONE', #1321, #183, #720, .T. ) ;
#366 = VERTEX_POINT ( 'NONE', #76 ) ;
#367 = CARTESIAN_POINT ( 'NONE',  ( 11.00000000000000000, -64.49999999999998579, 3.999999999999995559 ) ) ;
#368 = DATE_AND_TIME ( #991, #1208 ) ;
#369 = LINE ( 'NONE', #194, #939 ) ;
#370 = CARTESIAN_POINT ( 'NONE',  ( 0.000000000000000000, 0.000000000000000000, 4.000000000000000000 ) ) ;
#371 = ADVANCED_FACE ( 'NONE', ( #743 ), #391, .F. ) ;
#372 = ORIENTED_EDGE ( 'NONE', *, *, #1906, .T. ) ;
#373 = ORIENTED_EDGE ( 'NONE', *, *, #1379, .F. ) ;
#374 = VECTOR ( 'NONE', #2146, 1000.000000000000000 ) ;
#375 = CARTESIAN_POINT ( 'NONE',  ( -11.00000000000000000, -64.49999999999998579, 3.999999999999995559 ) ) ;
#376 = AXIS2_PLACEMENT_3D ( 'NONE', #1404, #762, #2079 ) ;
#377 = CARTESIAN_POINT ( 'NONE',  ( 7.406094352496946698, 55.60445832604970917, -1.681872201890496576 ) ) ;
#378 = CARTESIAN_POINT ( 'NONE',  ( -5.999999999999998224, -46.99999999999999289, -9.000000000000005329 ) ) ;
#379 = VECTOR ( 'NONE', #512, 1000.000000000000227 ) ;
#380 = PLANE ( 'NONE',  #1875 ) ;
#381 = MANIFOLD_SOLID_BREP ( 'Chamfer4', #483 ) ;
#382 = ORIENTED_EDGE ( 'NONE', *, *, #1496, .F. ) ;
#383 = EDGE_CURVE ( 'NONE', #313, #596, #251, .T. ) ;
#384 = LINE ( 'NONE', #89, #1812 ) ;
#385 = ORIENTED_EDGE ( 'NONE', *, *, #1279, .F. ) ;
#386 = ADVANCED_FACE ( 'NONE', ( #1388 ), #1227, .F. ) ;
#387 = FACE_OUTER_BOUND ( 'NONE', #1683, .T. ) ;
#388 = CARTESIAN_POINT ( 'NONE',  ( 6.000000000000002665, 46.99999999999999289, -6.999999999999988454 ) ) ;
#389 = FACE_OUTER_BOUND ( 'NONE', #1166, .T. ) ;
#390 = EDGE_CURVE ( 'NONE', #1444, #300, #1579, .T. ) ;
#391 = PLANE ( 'NONE',  #1006 ) ;
#392 = CARTESIAN_POINT ( 'NONE',  ( -19.74999999999999645, 29.25000000000000000, 4.000000000000000000 ) ) ;
#393 = ORIENTED_EDGE ( 'NONE', *, *, #1721, .F. ) ;
#394 = CARTESIAN_POINT ( 'NONE',  ( -12.00000000000000000, -37.14682883687269310, -0.4305074907598477885 ) ) ;
#395 = LINE ( 'NONE', #1232, #1572 ) ;
#396 = EDGE_CURVE ( 'NONE', #1390, #264, #98, .T. ) ;
#397 = PLANE ( 'NONE',  #810 ) ;
#398 = PLANE ( 'NONE',  #1700 ) ;
#399 = LINE ( 'NONE', #602, #1596 ) ;
#400 = CARTESIAN_POINT ( 'NONE',  ( -5.999999999999998224, -46.99999999999999289, -9.000000000000005329 ) ) ;
#401 = FACE_OUTER_BOUND ( 'NONE', #1953, .T. ) ;
#402 = EDGE_CURVE ( 'NONE', #850, #1992, #2060, .T. ) ;
#403 = ORIENTED_EDGE ( 'NONE', *, *, #1089, .T. ) ;
#404 = VECTOR ( 'NONE', #768, 1000.000000000000227 ) ;
#405 = ORIENTED_EDGE ( 'NONE', *, *, #907, .T. ) ;
#406 = VERTEX_POINT ( 'NONE', #754 ) ;
#407 = DIRECTION ( 'NONE',  ( 0.3457053588273563127, -0.9383431168171101344, 0.000000000000000000 ) ) ;
#408 = CARTESIAN_POINT ( 'NONE',  ( -21.50000000000000355, 31.00000000000000711, 0.000000000000000000 ) ) ;
#409 = FACE_OUTER_BOUND ( 'NONE', #2032, .T. ) ;
#410 = EDGE_CURVE ( 'NONE', #1856, #1880, #2099, .T. ) ;
#411 = AXIS2_PLACEMENT_3D ( 'NONE', #1375, #1251, #1729 ) ;
#412 = CARTESIAN_POINT ( 'NONE',  ( 4.750000000000004441, 29.25000000000000000, 6.000000000000000000 ) ) ;
#413 = VERTEX_POINT ( 'NONE', #733 ) ;
#414 = CARTESIAN_POINT ( 'NONE',  ( -5.999999999999997335, -60.49999999999999289, -5.250000000000004441 ) ) ;
#415 = PLANE ( 'NONE',  #797 ) ;
#416 = ORIENTED_EDGE ( 'NONE', *, *, #1524, .T. ) ;
#417 = ORIENTED_EDGE ( 'NONE', *, *, #844, .T. ) ;
#418 = ORIENTED_EDGE ( 'NONE', *, *, #710, .T. ) ;
#419 = VECTOR ( 'NONE', #143, 1000.000000000000000 ) ;
#420 = CARTESIAN_POINT ( 'NONE',  ( -10.99999999999999822, 52.53356377309851410, -9.000000000000005329 ) ) ;
#421 = CARTESIAN_POINT ( 'NONE',  ( -5.999999999999998224, -60.49999999999998579, -9.000000000000005329 ) ) ;
#422 = CARTESIAN_POINT ( 'NONE',  ( 0.000000000000000000, -60.49999999999999289, 0.000000000000000000 ) ) ;
#423 = ORIENTED_EDGE ( 'NONE', *, *, #117, .T. ) ;
#424 = CARTESIAN_POINT ( 'NONE',  ( -19.75000000000000355, -29.25000000000000355, 4.000000000000000000 ) ) ;
#425 = ORIENTED_EDGE ( 'NONE', *, *, #1374, .T. ) ;
#426 = PLANE ( 'NONE',  #1668 ) ;
#427 = CARTESIAN_POINT ( 'NONE',  ( -4.749999999999997335, -29.25000000000000355, 6.000000000000000000 ) ) ;
#428 = MANIFOLD_SOLID_BREP ( 'Boss-Extrude10[1]', #2086 ) ;
#429 = ADVANCED_FACE ( 'NONE', ( #565 ), #449, .F. ) ;
#430 = ORIENTED_EDGE ( 'NONE', *, *, #1757, .F. ) ;
#431 = DIRECTION ( 'NONE',  ( -1.186135710069611665E-16, 1.000000000000000000, -0.000000000000000000 ) ) ;
#432 = VERTEX_POINT ( 'NONE', #137 ) ;
#433 = LINE ( 'NONE', #1611, #341 ) ;
#434 = EDGE_CURVE ( 'NONE', #856, #457, #1477, .T. ) ;
#435 = CARTESIAN_POINT ( 'NONE',  ( -5.999999999999998224, 60.49999999999998579, -9.000000000000005329 ) ) ;
#436 = DIRECTION ( 'NONE',  ( 1.173390130490413770E-16, -0.9977097021176762892, -0.06764133573679179112 ) ) ;
#437 = ORIENTED_EDGE ( 'NONE', *, *, #496, .T. ) ;
#438 = CARTESIAN_POINT ( 'NONE',  ( 19.74999999999999645, 29.25000000000000355, 0.000000000000000000 ) ) ;
#439 = CARTESIAN_POINT ( 'NONE',  ( 19.75000000000000000, 14.24999999999999822, 4.000000000000000000 ) ) ;
#440 = ORIENTED_EDGE ( 'NONE', *, *, #1702, .T. ) ;
#441 = ADVANCED_FACE ( 'NONE', ( #1782 ), #823, .T. ) ;
#442 = ORIENTED_EDGE ( 'NONE', *, *, #1332, .T. ) ;
#443 = DIRECTION ( 'NONE',  ( 1.000000000000000000, 0.000000000000000000, 0.000000000000000000 ) ) ;
#444 = VECTOR ( 'NONE', #1810, 1000.000000000000000 ) ;
#445 = CARTESIAN_POINT ( 'NONE',  ( 0.000000000000000000, -46.99999999999999289, 0.000000000000000000 ) ) ;
#446 = DIRECTION ( 'NONE',  ( 1.000000000000000000, 0.000000000000000000, 0.000000000000000000 ) ) ;
#447 = EDGE_LOOP ( 'NONE', ( #1533, #2113, #543, #1701 ) ) ;
#448 = ORIENTED_EDGE ( 'NONE', *, *, #1881, .T. ) ;
#449 = PLANE ( 'NONE',  #1554 ) ;
#450 = VECTOR ( 'NONE', #1908, 1000.000000000000000 ) ;
#451 = CARTESIAN_POINT ( 'NONE',  ( 6.000000000000001776, 46.99999999999999289, -9.000000000000005329 ) ) ;
#452 = AXIS2_PLACEMENT_3D ( 'NONE', #522, #354, #9 ) ;
#453 = VERTEX_POINT ( 'NONE', #791 ) ;
#454 = AXIS2_PLACEMENT_3D ( 'NONE', #1468, #331, #1976 ) ;
#455 = ORIENTED_EDGE ( 'NONE', *, *, #363, .F. ) ;
#456 = LINE ( 'NONE', #2137, #2011 ) ;
#457 = VERTEX_POINT ( 'NONE', #1289 ) ;
#458 = EDGE_CURVE ( 'NONE', #2132, #1856, #2109, .T. ) ;
#459 = CARTESIAN_POINT ( 'NONE',  ( 8.405660377358490365, 60.49999999999998579, -4.669811320754715389 ) ) ;
#460 = DIRECTION ( 'NONE',  ( -5.595882180570345426E-17, 1.000000000000000000, -0.000000000000000000 ) ) ;
#461 = ORIENTED_EDGE ( 'NONE', *, *, #1435, .T. ) ;
#462 = VERTEX_POINT ( 'NONE', #965 ) ;
#463 = DIRECTION ( 'NONE',  ( -1.000000000000000000, -0.000000000000000000, -0.000000000000000000 ) ) ;
#464 = FACE_OUTER_BOUND ( 'NONE', #1438, .T. ) ;
#465 = ORIENTED_EDGE ( 'NONE', *, *, #855, .T. ) ;
#466 = ORIENTED_EDGE ( 'NONE', *, *, #253, .T. ) ;
#467 = CARTESIAN_POINT ( 'NONE',  ( 19.74999999999999645, -29.25000000000000355, 4.000000000000000000 ) ) ;
#468 = CARTESIAN_POINT ( 'NONE',  ( 4.750000000000004441, -29.25000000000000355, 4.000000000000000000 ) ) ;
#469 = CARTESIAN_POINT ( 'NONE',  ( -7.406094352496946698, -55.60445832604970917, -1.681872201890496576 ) ) ;
#470 = ADVANCED_FACE ( 'NONE', ( #492, #273 ), #814, .F. ) ;
#471 = ORIENTED_EDGE ( 'NONE', *, *, #1008, .T. ) ;
#472 = FACE_OUTER_BOUND ( 'NONE', #886, .T. ) ;
#473 = CARTESIAN_POINT ( 'NONE',  ( 6.000000000000001776, 60.49999999999999289, -9.000000000000005329 ) ) ;
#474 = ORIENTED_EDGE ( 'NONE', *, *, #646, .F. ) ;
#475 = ORIENTED_EDGE ( 'NONE', *, *, #1932, .T. ) ;
#476 = CARTESIAN_POINT ( 'NONE',  ( -4.749999999999997335, 29.25000000000000000, 4.000000000000000000 ) ) ;
#477 = CARTESIAN_POINT ( 'NONE',  ( -4.749999999999997335, -29.25000000000000355, 4.000000000000000000 ) ) ;
#478 = PLANE ( 'NONE',  #982 ) ;
#479 = CARTESIAN_POINT ( 'NONE',  ( -11.00000000000000000, -60.49999999999998579, 3.999999999999995559 ) ) ;
#480 = ADVANCED_FACE ( 'NONE', ( #287 ), #1308, .F. ) ;
#481 = CARTESIAN_POINT ( 'NONE',  ( -11.00000000000000000, 60.49999999999999289, 3.999999999999995559 ) ) ;
#482 = DIRECTION ( 'NONE',  ( 1.635512977795593411E-16, 0.7071067811865500152, 0.7071067811865451302 ) ) ;
#483 = CLOSED_SHELL ( 'NONE', ( #825, #470, #198, #532, #1776, #782, #1119, #1264, #2069, #2027, #1342, #1518, #785, #1065, #1948, #386, #1796, #2040, #568, #429, #1691, #351, #2051, #1428, #101, #1060, #640, #951, #1020, #1222, #1618, #2139, #480, #53, #187, #1104, #79, #1220, #548, #1657, #11, #935, #2115, #1569, #1543, #2009, #1830, #684, #1145, #441, #266, #2003, #1977, #1177 ) ) ;
#484 = EDGE_LOOP ( 'NONE', ( #1484, #1027, #2145, #57, #471, #1746 ) ) ;
#485 = VECTOR ( 'NONE', #223, 1000.000000000000000 ) ;
#486 = EDGE_LOOP ( 'NONE', ( #1361, #437, #1293 ) ) ;
#487 = CARTESIAN_POINT ( 'NONE',  ( -11.00000000000000000, 64.49999999999998579, 3.999999999999995559 ) ) ;
#488 = VECTOR ( 'NONE', #2020, 999.9999999999998863 ) ;
#489 = DIRECTION ( 'NONE',  ( 0.000000000000000000, 0.000000000000000000, 1.000000000000000000 ) ) ;
#490 = PLANE ( 'NONE',  #148 ) ;
#491 = VECTOR ( 'NONE', #16, 1000.000000000000000 ) ;
#492 = FACE_OUTER_BOUND ( 'NONE', #1351, .T. ) ;
#493 = LINE ( 'NONE', #1826, #732 ) ;
#494 = AXIS2_PLACEMENT_3D ( 'NONE', #317, #800, #983 ) ;
#495 = ORIENTED_EDGE ( 'NONE', *, *, #1652, .T. ) ;
#496 = EDGE_CURVE ( 'NONE', #897, #457, #1607, .T. ) ;
#497 = ORIENTED_EDGE ( 'NONE', *, *, #1156, .F. ) ;
#498 = LINE ( 'NONE', #1377, #444 ) ;
#499 = VERTEX_POINT ( 'NONE', #1113 ) ;
#500 = CARTESIAN_POINT ( 'NONE',  ( -19.74999999999999645, 14.24999999999999822, 6.000000000000000000 ) ) ;
#501 = EDGE_CURVE ( 'NONE', #926, #1390, #1956, .T. ) ;
#502 = LINE ( 'NONE', #992, #2047 ) ;
#503 = CARTESIAN_POINT ( 'NONE',  ( 12.00000000000000000, -37.17601578539878204, 9.215718466126787689E-16 ) ) ;
#504 = ORIENTED_EDGE ( 'NONE', *, *, #525, .F. ) ;
#505 = ORIENTED_EDGE ( 'NONE', *, *, #1455, .F. ) ;
#506 = EDGE_CURVE ( 'NONE', #280, #1086, #146, .T. ) ;
#507 = DIRECTION ( 'NONE',  ( 0.000000000000000000, 0.000000000000000000, 1.000000000000000000 ) ) ;
#508 = EDGE_LOOP ( 'NONE', ( #1692, #1368, #704, #968 ) ) ;
#509 = DIRECTION ( 'NONE',  ( -0.000000000000000000, -1.000000000000000000, -0.000000000000000000 ) ) ;
#510 = VERTEX_POINT ( 'NONE', #481 ) ;
#511 = CARTESIAN_POINT ( 'NONE',  ( 6.000000000000002665, -46.99999999999999289, -4.250000000000004441 ) ) ;
#512 = DIRECTION ( 'NONE',  ( -0.3450079303948192511, 0.9364500967859379355, -0.06348814215497899927 ) ) ;
#513 = AXIS2_PLACEMENT_3D ( 'NONE', #91, #1464, #1303 ) ;
#514 = ORIENTED_EDGE ( 'NONE', *, *, #907, .F. ) ;
#515 = DIRECTION ( 'NONE',  ( -0.3457053588273562572, 0.9383431168171101344, 0.000000000000000000 ) ) ;
#516 = VECTOR ( 'NONE', #1376, 999.9999999999998863 ) ;
#517 = EDGE_LOOP ( 'NONE', ( #1311, #1344, #1200, #973 ) ) ;
#518 = LINE ( 'NONE', #1184, #524 ) ;
#519 = CALENDAR_DATE ( 2026, 2, 6 ) ;
#520 = EDGE_CURVE ( 'NONE', #644, #1019, #1616, .T. ) ;
#521 = AXIS2_PLACEMENT_3D ( 'NONE', #691, #18, #879 ) ;
#522 = CARTESIAN_POINT ( 'NONE',  ( -19.75000000000000355, -29.25000000000000355, 4.000000000000000000 ) ) ;
#523 = LINE ( 'NONE', #178, #1213 ) ;
#524 = VECTOR ( 'NONE', #1151, 1000.000000000000000 ) ;
#525 = EDGE_CURVE ( 'NONE', #639, #526, #942, .T. ) ;
#526 = VERTEX_POINT ( 'NONE', #125 ) ;
#527 = ORIENTED_EDGE ( 'NONE', *, *, #1538, .T. ) ;
#528 = CARTESIAN_POINT ( 'NONE',  ( -5.999999999999998224, -46.99999999999999289, -9.000000000000005329 ) ) ;
#529 = DATE_TIME_ROLE ( 'creation_date' ) ;
#530 = CARTESIAN_POINT ( 'NONE',  ( 0.000000000000000000, 0.000000000000000000, 4.000000000000000000 ) ) ;
#531 = CARTESIAN_POINT ( 'NONE',  ( -5.999999999999998224, 60.49999999999999289, -9.000000000000005329 ) ) ;
#532 = ADVANCED_FACE ( 'NONE', ( #1446 ), #780, .T. ) ;
#533 = CARTESIAN_POINT ( 'NONE',  ( -5.999999999999997335, -46.99999999999999289, -5.250000000000004441 ) ) ;
#534 = ORIENTED_EDGE ( 'NONE', *, *, #1584, .T. ) ;
#535 = ORIENTED_EDGE ( 'NONE', *, *, #1480, .F. ) ;
#536 = LINE ( 'NONE', #281, #1854 ) ;
#537 = APPROVAL_STATUS ( 'not_yet_approved' ) ;
#538 = LINE ( 'NONE', #2058, #1699 ) ;
#539 = CARTESIAN_POINT ( 'NONE',  ( -19.74999999999999645, 14.24999999999999822, 4.000000000000000000 ) ) ;
#540 = EDGE_CURVE ( 'NONE', #685, #1828, #1124, .T. ) ;
#541 = VECTOR ( 'NONE', #67, 1000.000000000000000 ) ;
#542 = EDGE_CURVE ( 'NONE', #1994, #1525, #1646, .T. ) ;
#543 = ORIENTED_EDGE ( 'NONE', *, *, #47, .F. ) ;
#544 = CARTESIAN_POINT ( 'NONE',  ( 11.00000000000000178, 60.49999999999999289, 10.00000000000000000 ) ) ;
#545 = VECTOR ( 'NONE', #1969, 1000.000000000000000 ) ;
#546 = DIRECTION ( 'NONE',  ( 0.2404800341618860693, 0.9706540852278415787, 0.000000000000000000 ) ) ;
#547 = CC_DESIGN_APPROVAL ( #1558, ( #1395 ) ) ;
#548 = ADVANCED_FACE ( 'NONE', ( #472 ), #1627, .T. ) ;
#549 = VECTOR ( 'NONE', #463, 1000.000000000000000 ) ;
#550 = VECTOR ( 'NONE', #1914, 1000.000000000000000 ) ;
#551 = DIRECTION ( 'NONE',  ( -1.000000000000000000, -0.000000000000000000, -0.000000000000000000 ) ) ;
#552 = DIRECTION ( 'NONE',  ( 0.000000000000000000, 0.2249510543438614785, -0.9743700647852361341 ) ) ;
#553 = VECTOR ( 'NONE', #1466, 1000.000000000000000 ) ;
#554 = DIRECTION ( 'NONE',  ( -1.186135710069611665E-16, 1.000000000000000000, 0.000000000000000000 ) ) ;
#555 = DIRECTION ( 'NONE',  ( 1.000000000000000000, -5.595882180570345426E-17, 0.000000000000000000 ) ) ;
#556 = EDGE_LOOP ( 'NONE', ( #1092, #278, #1123, #1703 ) ) ;
#557 = ADVANCED_FACE ( 'NONE', ( #1016 ), #1031, .T. ) ;
#558 = ORIENTED_EDGE ( 'NONE', *, *, #179, .F. ) ;
#559 = VERTEX_POINT ( 'NONE', #1696 ) ;
#560 = PLANE ( 'NONE',  #1492 ) ;
#561 = CARTESIAN_POINT ( 'NONE',  ( -12.00000000000000000, -37.14682883687269310, -0.4305074907598477885 ) ) ;
#562 = EDGE_CURVE ( 'NONE', #199, #639, #689, .T. ) ;
#563 = FACE_OUTER_BOUND ( 'NONE', #1870, .T. ) ;
#564 = DIRECTION ( 'NONE',  ( 1.000000000000000000, 0.000000000000000000, 0.000000000000000000 ) ) ;
#565 = FACE_OUTER_BOUND ( 'NONE', #1407, .T. ) ;
#566 = DIRECTION ( 'NONE',  ( -1.000000000000000000, -2.891205793294678326E-16, -0.000000000000000000 ) ) ;
#567 = ORIENTED_EDGE ( 'NONE', *, *, #1491, .F. ) ;
#568 = ADVANCED_FACE ( 'NONE', ( #1153 ), #1517, .F. ) ;
#569 = CARTESIAN_POINT ( 'NONE',  ( 19.74999999999999645, 29.25000000000000355, 0.000000000000000000 ) ) ;
#570 = VERTEX_POINT ( 'NONE', #853 ) ;
#571 = CARTESIAN_POINT ( 'NONE',  ( -12.00000000000000000, 37.14682883687269310, -0.4305074907598477885 ) ) ;
#572 = CARTESIAN_POINT ( 'NONE',  ( -5.999999999999997335, 46.99999999999999289, -4.250000000000004441 ) ) ;
#573 = CARTESIAN_POINT ( 'NONE',  ( -21.50000000000000000, -31.99999999999998579, 10.00000000000000000 ) ) ;
#574 = DIRECTION ( 'NONE',  ( 1.334402673828313339E-16, 0.000000000000000000, -1.000000000000000000 ) ) ;
#575 = ORIENTED_EDGE ( 'NONE', *, *, #931, .T. ) ;
#576 = DIRECTION ( 'NONE',  ( -0.000000000000000000, 1.000000000000000000, -0.000000000000000000 ) ) ;
#577 = LINE ( 'NONE', #1228, #1515 ) ;
#578 = VERTEX_POINT ( 'NONE', #204 ) ;
#579 = VECTOR ( 'NONE', #620, 1000.000000000000000 ) ;
#580 = CARTESIAN_POINT ( 'NONE',  ( -11.00000000000000000, 64.49999999999998579, 3.999999999999995559 ) ) ;
#581 = CARTESIAN_POINT ( 'NONE',  ( -11.00000000000000000, -64.49999999999998579, 3.999999999999995559 ) ) ;
#582 = LINE ( 'NONE', #1058, #1254 ) ;
#583 = CARTESIAN_POINT ( 'NONE',  ( -11.00000000000000000, -64.49999999999998579, 3.999999999999995559 ) ) ;
#584 = VECTOR ( 'NONE', #489, 1000.000000000000000 ) ;
#585 = EDGE_CURVE ( 'NONE', #1413, #921, #1679, .T. ) ;
#586 = CARTESIAN_POINT ( 'NONE',  ( -5.999999999999997335, -46.99999999999999289, -4.250000000000004441 ) ) ;
#587 = ORIENTED_EDGE ( 'NONE', *, *, #807, .F. ) ;
#588 = CARTESIAN_POINT ( 'NONE',  ( -19.75000000000000355, -29.25000000000000355, 6.000000000000000000 ) ) ;
#589 = DIRECTION ( 'NONE',  ( -1.000000000000000000, -2.891205793294678326E-16, 0.000000000000000000 ) ) ;
#590 = PLANE ( 'NONE',  #722 ) ;
#591 = AXIS2_PLACEMENT_3D ( 'NONE', #1235, #552, #2093 ) ;
#592 = AXIS2_PLACEMENT_3D ( 'NONE', #852, #2007, #360 ) ;
#593 = ORIENTED_EDGE ( 'NONE', *, *, #585, .F. ) ;
#594 = EDGE_CURVE ( 'NONE', #255, #313, #1689, .T. ) ;
#595 = ORIENTED_EDGE ( 'NONE', *, *, #1018, .T. ) ;
#596 = VERTEX_POINT ( 'NONE', #1997 ) ;
#597 = VECTOR ( 'NONE', #1995, 1000.000000000000000 ) ;
#598 = CARTESIAN_POINT ( 'NONE',  ( 0.000000000000000000, 0.000000000000000000, 6.000000000000000000 ) ) ;
#599 = CARTESIAN_POINT ( 'NONE',  ( 11.00000000000000000, 64.49999999999998579, 3.999999999999995559 ) ) ;
#600 = DIRECTION ( 'NONE',  ( -1.000000000000000000, 0.000000000000000000, 0.000000000000000000 ) ) ;
#601 = ORIENTED_EDGE ( 'NONE', *, *, #793, .F. ) ;
#602 = CARTESIAN_POINT ( 'NONE',  ( -8.405660377358492141, 60.49999999999998579, -4.669811320754713613 ) ) ;
#603 = VERTEX_POINT ( 'NONE', #1163 ) ;
#604 = ADVANCED_FACE ( 'NONE', ( #1866 ), #26, .F. ) ;
#605 = DIRECTION ( 'NONE',  ( 2.312964634635742957E-16, 0.000000000000000000, 1.000000000000000000 ) ) ;
#606 = FACE_OUTER_BOUND ( 'NONE', #343, .T. ) ;
#607 = ORIENTED_EDGE ( 'NONE', *, *, #978, .T. ) ;
#608 = ORIENTED_EDGE ( 'NONE', *, *, #1872, .T. ) ;
#609 = LINE ( 'NONE', #1267, #1547 ) ;
#610 = FACE_OUTER_BOUND ( 'NONE', #1637, .T. ) ;
#611 = DIRECTION ( 'NONE',  ( 1.000000000000000000, 0.000000000000000000, -0.000000000000000000 ) ) ;
#612 = ORIENTED_EDGE ( 'NONE', *, *, #525, .T. ) ;
#613 = ORIENTED_EDGE ( 'NONE', *, *, #1954, .T. ) ;
#614 = DIRECTION ( 'NONE',  ( 1.000000000000000000, 0.000000000000000000, 0.000000000000000000 ) ) ;
#615 = CARTESIAN_POINT ( 'NONE',  ( -19.74999999999999645, 29.25000000000000000, 6.000000000000000000 ) ) ;
#616 = EDGE_CURVE ( 'NONE', #31, #296, #502, .T. ) ;
#617 = EDGE_LOOP ( 'NONE', ( #49, #84, #813, #466 ) ) ;
#618 = EDGE_CURVE ( 'NONE', #856, #1321, #369, .T. ) ;
#619 = ORIENTED_EDGE ( 'NONE', *, *, #396, .T. ) ;
#620 = DIRECTION ( 'NONE',  ( 0.7071067811865474617, -0.7071067811865476838, 0.000000000000000000 ) ) ;
#621 = AXIS2_PLACEMENT_3D ( 'NONE', #1483, #1158, #218 ) ;
#622 = DIRECTION ( 'NONE',  ( -0.4856429311786319425, -0.000000000000000000, -0.8741572761215378184 ) ) ;
#623 = LINE ( 'NONE', #1121, #1115 ) ;
#624 = EDGE_CURVE ( 'NONE', #1806, #818, #177, .T. ) ;
#625 = ORIENTED_EDGE ( 'NONE', *, *, #310, .T. ) ;
#626 = ORIENTED_EDGE ( 'NONE', *, *, #890, .F. ) ;
#627 = DIRECTION ( 'NONE',  ( -1.000000000000000000, 0.000000000000000000, -0.000000000000000000 ) ) ;
#628 = VECTOR ( 'NONE', #319, 1000.000000000000000 ) ;
#629 = LINE ( 'NONE', #1783, #1182 ) ;
#630 = AXIS2_PLACEMENT_3D ( 'NONE', #860, #1175, #699 ) ;
#631 = ORIENTED_EDGE ( 'NONE', *, *, #1325, .F. ) ;
#632 = VECTOR ( 'NONE', #126, 1000.000000000000000 ) ;
#633 = ORIENTED_EDGE ( 'NONE', *, *, #890, .T. ) ;
#634 = ADVANCED_FACE ( 'NONE', ( #1529 ), #833, .T. ) ;
#635 = LINE ( 'NONE', #1416, #1807 ) ;
#636 = VECTOR ( 'NONE', #32, 1000.000000000000000 ) ;
#637 = DIRECTION ( 'NONE',  ( -0.000000000000000000, -0.000000000000000000, -1.000000000000000000 ) ) ;
#638 = CARTESIAN_POINT ( 'NONE',  ( -5.999999999999997335, 46.99999999999999289, -5.250000000000004441 ) ) ;
#639 = VERTEX_POINT ( 'NONE', #1825 ) ;
#640 = ADVANCED_FACE ( 'NONE', ( #1655 ), #1847, .F. ) ;
#641 = CARTESIAN_POINT ( 'NONE',  ( -12.00000000000000000, -37.14682883687269310, -0.4305074907598477885 ) ) ;
#642 = LINE ( 'NONE', #976, #1673 ) ;
#643 = ORIENTED_EDGE ( 'NONE', *, *, #1748, .T. ) ;
#644 = VERTEX_POINT ( 'NONE', #1509 ) ;
#645 = DIRECTION ( 'NONE',  ( 1.000000000000000000, 0.000000000000000000, 0.000000000000000000 ) ) ;
#646 = EDGE_CURVE ( 'NONE', #1266, #1444, #1194, .T. ) ;
#647 = DIRECTION ( 'NONE',  ( 1.000000000000000000, 0.000000000000000000, 0.000000000000000000 ) ) ;
#648 = PRODUCT_DEFINITION_SHAPE ( 'NONE', 'NONE',  #1395 ) ;
#649 = CARTESIAN_POINT ( 'NONE',  ( -12.00000000000000000, -37.55267685129344812, 5.555750721946211002 ) ) ;
#650 = CARTESIAN_POINT ( 'NONE',  ( -5.999999999999997335, -46.99999999999999289, -5.250000000000004441 ) ) ;
#651 = DIRECTION ( 'NONE',  ( -0.7071067811865474617, -0.7071067811865476838, 0.000000000000000000 ) ) ;
#652 = DIRECTION ( 'NONE',  ( 0.3457053588273563127, 0.9383431168171101344, 0.000000000000000000 ) ) ;
#653 = ORIENTED_EDGE ( 'NONE', *, *, #1803, .T. ) ;
#654 = CARTESIAN_POINT ( 'NONE',  ( -19.75000000000000355, -29.25000000000000355, 4.000000000000000000 ) ) ;
#655 = ORIENTED_EDGE ( 'NONE', *, *, #1980, .F. ) ;
#656 = PLANE ( 'NONE',  #621 ) ;
#657 = LINE ( 'NONE', #830, #1077 ) ;
#658 = DIRECTION ( 'NONE',  ( -1.000000000000000000, 0.000000000000000000, 0.000000000000000000 ) ) ;
#659 = CARTESIAN_POINT ( 'NONE',  ( -7.406094352496946698, 55.60445832604970917, -1.681872201890496576 ) ) ;
#660 = LINE ( 'NONE', #615, #769 ) ;
#661 = EDGE_CURVE ( 'NONE', #2012, #795, #1834, .T. ) ;
#662 = VECTOR ( 'NONE', #80, 1000.000000000000000 ) ;
#663 = ORIENTED_EDGE ( 'NONE', *, *, #585, .T. ) ;
#664 = VECTOR ( 'NONE', #361, 1000.000000000000000 ) ;
#665 = EDGE_LOOP ( 'NONE', ( #1941, #1046, #2147, #986 ) ) ;
#666 = DIRECTION ( 'NONE',  ( 1.000000000000000000, 0.000000000000000000, 0.000000000000000000 ) ) ;
#667 = VECTOR ( 'NONE', #1373, 1000.000000000000114 ) ;
#668 = ORIENTED_EDGE ( 'NONE', *, *, #1861, .T. ) ;
#669 = CARTESIAN_POINT ( 'NONE',  ( -21.50000000000000000, 31.99999999999998579, 0.000000000000000000 ) ) ;
#670 = APPROVAL_DATE_TIME ( #24, #1558 ) ;
#671 = DIRECTION ( 'NONE',  ( 0.000000000000000000, -0.000000000000000000, 1.000000000000000000 ) ) ;
#672 = DIRECTION ( 'NONE',  ( 1.000000000000000000, 0.000000000000000000, 0.000000000000000000 ) ) ;
#673 = EDGE_CURVE ( 'NONE', #2132, #839, #163, .T. ) ;
#674 = ORIENTED_EDGE ( 'NONE', *, *, #2101, .F. ) ;
#675 = ORIENTED_EDGE ( 'NONE', *, *, #253, .F. ) ;
#676 = CARTESIAN_POINT ( 'NONE',  ( 29.31097560975608474, 10.79878048780487099, 0.000000000000000000 ) ) ;
#677 = VERTEX_POINT ( 'NONE', #1488 ) ;
#678 = CARTESIAN_POINT ( 'NONE',  ( -5.999999999999997335, -46.99999999999999289, -6.999999999999975131 ) ) ;
#679 = ORIENTED_EDGE ( 'NONE', *, *, #1455, .T. ) ;
#680 = PLANE ( 'NONE',  #1285 ) ;
#681 = LINE ( 'NONE', #1189, #279 ) ;
#682 = ORIENTED_EDGE ( 'NONE', *, *, #239, .T. ) ;
#683 = CARTESIAN_POINT ( 'NONE',  ( -19.75000000000000355, -29.25000000000000355, 6.000000000000000000 ) ) ;
#684 = ADVANCED_FACE ( 'NONE', ( #1501 ), #680, .T. ) ;
#685 = VERTEX_POINT ( 'NONE', #912 ) ;
#686 = EDGE_LOOP ( 'NONE', ( #417, #1090, #1229, #1523 ) ) ;
#687 = DIRECTION ( 'NONE',  ( -2.312964634635742957E-16, 0.000000000000000000, -1.000000000000000000 ) ) ;
#688 = COORDINATED_UNIVERSAL_TIME_OFFSET ( 1, 0, .AHEAD. ) ;
#689 = LINE ( 'NONE', #708, #837 ) ;
#690 = EDGE_CURVE ( 'NONE', #827, #453, #1726, .T. ) ;
#691 = CARTESIAN_POINT ( 'NONE',  ( 19.74999999999999645, -14.25000000000000533, 4.000000000000000000 ) ) ;
#692 = VECTOR ( 'NONE', #1622, 1000.000000000000000 ) ;
#693 = ORIENTED_EDGE ( 'NONE', *, *, #383, .F. ) ;
#694 = VECTOR ( 'NONE', #2084, 1000.000000000000114 ) ;
#695 = EDGE_CURVE ( 'NONE', #255, #432, #1717, .T. ) ;
#696 = ORIENTED_EDGE ( 'NONE', *, *, #1885, .T. ) ;
#697 = DIRECTION ( 'NONE',  ( 0.000000000000000000, -0.000000000000000000, 1.000000000000000000 ) ) ;
#698 = PERSON_AND_ORGANIZATION_ROLE ( 'creator' ) ;
#699 = DIRECTION ( 'NONE',  ( 0.000000000000000000, -0.000000000000000000, -1.000000000000000000 ) ) ;
#700 = DIRECTION ( 'NONE',  ( 0.000000000000000000, -1.000000000000000000, 0.000000000000000000 ) ) ;
#701 = LINE ( 'NONE', #533, #1520 ) ;
#702 = VECTOR ( 'NONE', #637, 1000.000000000000000 ) ;
#703 = ORIENTED_EDGE ( 'NONE', *, *, #1803, .F. ) ;
#704 = ORIENTED_EDGE ( 'NONE', *, *, #506, .T. ) ;
#705 = LINE ( 'NONE', #50, #550 ) ;
#706 = COORDINATED_UNIVERSAL_TIME_OFFSET ( 1, 0, .AHEAD. ) ;
#707 = EDGE_CURVE ( 'NONE', #818, #578, #1749, .T. ) ;
#708 = CARTESIAN_POINT ( 'NONE',  ( 4.750000000000004441, 29.25000000000000000, 6.000000000000000000 ) ) ;
#709 = CARTESIAN_POINT ( 'NONE',  ( -10.99999999999999822, -64.49999999999998579, -9.000000000000005329 ) ) ;
#710 = EDGE_CURVE ( 'NONE', #31, #1301, #1385, .T. ) ;
#711 = APPROVAL ( #537, 'UNSPECIFIED' ) ;
#712 = VECTOR ( 'NONE', #1383, 1000.000000000000000 ) ;
#713 = ORIENTED_EDGE ( 'NONE', *, *, #1524, .F. ) ;
#714 = ORIENTED_EDGE ( 'NONE', *, *, #1906, .F. ) ;
#715 = VERTEX_POINT ( 'NONE', #61 ) ;
#716 = CARTESIAN_POINT ( 'NONE',  ( -12.00000000000000000, 37.55267685129344812, 5.555750721946211002 ) ) ;
#717 = CARTESIAN_POINT ( 'NONE',  ( -19.75000000000000355, -29.25000000000000355, 4.000000000000000000 ) ) ;
#718 = CARTESIAN_POINT ( 'NONE',  ( -19.98376667823489683, 4.950988170350147932, 0.000000000000000000 ) ) ;
#719 = EDGE_CURVE ( 'NONE', #1286, #510, #1736, .T. ) ;
#720 = LINE ( 'NONE', #262, #1910 ) ;
#721 = DIRECTION ( 'NONE',  ( 1.000000000000000000, 0.000000000000000000, 0.000000000000000000 ) ) ;
#722 = AXIS2_PLACEMENT_3D ( 'NONE', #1568, #263, #241 ) ;
#723 = ORIENTED_EDGE ( 'NONE', *, *, #1881, .F. ) ;
#724 = EDGE_CURVE ( 'NONE', #2118, #1134, #538, .T. ) ;
#725 = LINE ( 'NONE', #569, #1350 ) ;
#726 = EDGE_LOOP ( 'NONE', ( #967, #1500, #674 ) ) ;
#727 = VECTOR ( 'NONE', #564, 1000.000000000000000 ) ;
#728 = CARTESIAN_POINT ( 'NONE',  ( -5.999999999999998224, -52.53356377309868463, -9.000000000000005329 ) ) ;
#729 = VECTOR ( 'NONE', #82, 1000.000000000000000 ) ;
#730 = DIRECTION ( 'NONE',  ( 1.000000000000000000, 0.000000000000000000, -0.000000000000000000 ) ) ;
#731 = FACE_OUTER_BOUND ( 'NONE', #1785, .T. ) ;
#732 = VECTOR ( 'NONE', #482, 1000.000000000000114 ) ;
#733 = CARTESIAN_POINT ( 'NONE',  ( 19.74999999999999645, -14.25000000000000533, 4.000000000000000000 ) ) ;
#734 = PLANE ( 'NONE',  #1481 ) ;
#735 = EDGE_CURVE ( 'NONE', #211, #677, #1587, .T. ) ;
#736 = VERTEX_POINT ( 'NONE', #572 ) ;
#737 = DIRECTION ( 'NONE',  ( -1.000000000000000000, 5.595882180570345426E-17, -1.334402673828313339E-16 ) ) ;
#738 = VERTEX_POINT ( 'NONE', #749 ) ;
#739 = DIRECTION ( 'NONE',  ( -0.4856429311786319425, 0.000000000000000000, -0.8741572761215378184 ) ) ;
#740 = LINE ( 'NONE', #1904, #2095 ) ;
#741 = PLANE ( 'NONE',  #1147 ) ;
#742 = CARTESIAN_POINT ( 'NONE',  ( 11.00000000000000000, 64.49999999999998579, 3.999999999999995559 ) ) ;
#743 = FACE_OUTER_BOUND ( 'NONE', #118, .T. ) ;
#744 = DIRECTION ( 'NONE',  ( 0.000000000000000000, 0.000000000000000000, 1.000000000000000000 ) ) ;
#745 = VERTEX_POINT ( 'NONE', #1071 ) ;
#746 = FACE_OUTER_BOUND ( 'NONE', #271, .T. ) ;
#747 = EDGE_CURVE ( 'NONE', #2053, #864, #1224, .T. ) ;
#748 = LINE ( 'NONE', #2076, #316 ) ;
#749 = CARTESIAN_POINT ( 'NONE',  ( -19.74999999999999645, 29.25000000000000000, 6.000000000000000000 ) ) ;
#750 = DIRECTION ( 'NONE',  ( 1.186135710069611665E-16, -1.000000000000000000, 0.000000000000000000 ) ) ;
#751 = LINE ( 'NONE', #586, #1207 ) ;
#752 = EDGE_CURVE ( 'NONE', #1433, #1456, #1372, .T. ) ;
#753 = ORIENTED_EDGE ( 'NONE', *, *, #1613, .F. ) ;
#754 = CARTESIAN_POINT ( 'NONE',  ( 19.74999999999999645, 29.25000000000000355, 0.000000000000000000 ) ) ;
#755 = CARTESIAN_POINT ( 'NONE',  ( 8.405660377358490365, -60.49999999999998579, -4.669811320754715389 ) ) ;
#756 = ORIENTED_EDGE ( 'NONE', *, *, #501, .T. ) ;
#757 = DIRECTION ( 'NONE',  ( 0.000000000000000000, -0.06764133573679179112, 0.9977097021176762892 ) ) ;
#758 = ORIENTED_EDGE ( 'NONE', *, *, #1748, .F. ) ;
#759 = LINE ( 'NONE', #948, #1940 ) ;
#760 = ADVANCED_FACE ( 'NONE', ( #1234 ), #1214, .T. ) ;
#761 = AXIS2_PLACEMENT_3D ( 'NONE', #580, #737, #1392 ) ;
#762 = DIRECTION ( 'NONE',  ( 0.000000000000000000, 1.000000000000000000, 0.000000000000000000 ) ) ;
#763 = CARTESIAN_POINT ( 'NONE',  ( 4.750000000000004441, 29.25000000000000000, 4.000000000000000000 ) ) ;
#764 = VECTOR ( 'NONE', #92, 999.9999999999998863 ) ;
#765 = VERTEX_POINT ( 'NONE', #1884 ) ;
#766 = ORIENTED_EDGE ( 'NONE', *, *, #335, .F. ) ;
#767 = FACE_OUTER_BOUND ( 'NONE', #2112, .T. ) ;
#768 = DIRECTION ( 'NONE',  ( 0.2410000412190771713, -0.9683023137656111556, -0.06564761449258400827 ) ) ;
#769 = VECTOR ( 'NONE', #1276, 1000.000000000000000 ) ;
#770 = AXIS2_PLACEMENT_3D ( 'NONE', #638, #1314, #446 ) ;
#771 = ORIENTED_EDGE ( 'NONE', *, *, #988, .T. ) ;
#772 = LINE ( 'NONE', #1808, #545 ) ;
#773 = ORIENTED_EDGE ( 'NONE', *, *, #144, .T. ) ;
#774 = DIRECTION ( 'NONE',  ( 1.334402673828313339E-16, 0.000000000000000000, -1.000000000000000000 ) ) ;
#775 = CARTESIAN_POINT ( 'NONE',  ( 21.50000000000000000, 31.99999999999998579, 0.000000000000000000 ) ) ;
#776 = FACE_OUTER_BOUND ( 'NONE', #726, .T. ) ;
#777 = EDGE_CURVE ( 'NONE', #836, #1753, #258, .T. ) ;
#778 = VERTEX_POINT ( 'NONE', #388 ) ;
#779 = ORIENTED_EDGE ( 'NONE', *, *, #1112, .T. ) ;
#780 = PLANE ( 'NONE',  #1983 ) ;
#781 = FACE_OUTER_BOUND ( 'NONE', #1964, .T. ) ;
#782 = ADVANCED_FACE ( 'NONE', ( #1082 ), #1536, .F. ) ;
#783 = ORIENTED_EDGE ( 'NONE', *, *, #225, .T. ) ;
#784 = ORIENTED_EDGE ( 'NONE', *, *, #646, .T. ) ;
#785 = ADVANCED_FACE ( 'NONE', ( #1051 ), #397, .T. ) ;
#786 = CARTESIAN_POINT ( 'NONE',  ( 19.75000000000000355, 29.25000000000000000, 6.000000000000000000 ) ) ;
#787 = CARTESIAN_POINT ( 'NONE',  ( -21.50000000000000355, 31.00000000000000711, 6.000000000000000000 ) ) ;
#788 = PLANE ( 'NONE',  #276 ) ;
#789 = ORIENTED_EDGE ( 'NONE', *, *, #1366, .F. ) ;
#790 = ORIENTED_EDGE ( 'NONE', *, *, #501, .F. ) ;
#791 = CARTESIAN_POINT ( 'NONE',  ( -21.50000000000000000, -30.99999999999999289, 6.000000000000000000 ) ) ;
#792 = FACE_OUTER_BOUND ( 'NONE', #191, .T. ) ;
#793 = EDGE_CURVE ( 'NONE', #2089, #1840, #582, .T. ) ;
#794 = ORIENTED_EDGE ( 'NONE', *, *, #124, .F. ) ;
#795 = VERTEX_POINT ( 'NONE', #1563 ) ;
#796 = CARTESIAN_POINT ( 'NONE',  ( -10.99999999999999822, 64.49999999999998579, -9.000000000000005329 ) ) ;
#797 = AXIS2_PLACEMENT_3D ( 'NONE', #943, #1425, #1608 ) ;
#798 = EDGE_CURVE ( 'NONE', #578, #1341, #740, .T. ) ;
#799 = DIRECTION ( 'NONE',  ( 1.000000000000000000, -0.000000000000000000, 0.000000000000000000 ) ) ;
#800 = DIRECTION ( 'NONE',  ( 1.000000000000000000, 0.000000000000000000, -2.312964634635742957E-16 ) ) ;
#801 = DIRECTION ( 'NONE',  ( 0.000000000000000000, -0.000000000000000000, 1.000000000000000000 ) ) ;
#802 = ORIENTED_EDGE ( 'NONE', *, *, #735, .T. ) ;
#803 = CARTESIAN_POINT ( 'NONE',  ( 6.000000000000002665, 48.99999999999999289, -4.250000000000004441 ) ) ;
#804 = VECTOR ( 'NONE', #1406, 1000.000000000000000 ) ;
#805 = LINE ( 'NONE', #955, #1950 ) ;
#806 = EDGE_LOOP ( 'NONE', ( #1302, #1581, #448, #442 ) ) ;
#807 = EDGE_CURVE ( 'NONE', #987, #295, #2066, .T. ) ;
#808 = ORIENTED_EDGE ( 'NONE', *, *, #1164, .T. ) ;
#809 = DIRECTION ( 'NONE',  ( 0.4856429311786317760, 0.000000000000000000, -0.8741572761215379295 ) ) ;
#810 = AXIS2_PLACEMENT_3D ( 'NONE', #1041, #1708, #235 ) ;
#811 = LINE ( 'NONE', #1465, #1356 ) ;
#812 = FACE_OUTER_BOUND ( 'NONE', #1944, .T. ) ;
#813 = ORIENTED_EDGE ( 'NONE', *, *, #30, .T. ) ;
#814 = PLANE ( 'NONE',  #2125 ) ;
#815 = DIRECTION ( 'NONE',  ( -0.000000000000000000, -1.000000000000000000, -0.000000000000000000 ) ) ;
#816 = ORIENTED_EDGE ( 'NONE', *, *, #1591, .F. ) ;
#817 = LINE ( 'NONE', #654, #274 ) ;
#818 = VERTEX_POINT ( 'NONE', #1915 ) ;
#819 = LINE ( 'NONE', #981, #1101 ) ;
#820 = EDGE_CURVE ( 'NONE', #1840, #1614, #1645, .T. ) ;
#821 = LINE ( 'NONE', #1269, #419 ) ;
#822 = CARTESIAN_POINT ( 'NONE',  ( 21.49999999999999645, -31.99999999999998579, 5.932203389830508655 ) ) ;
#823 = PLANE ( 'NONE',  #1844 ) ;
#824 = LINE ( 'NONE', #1966, #69 ) ;
#825 = ADVANCED_FACE ( 'NONE', ( #1107, #269, #2116, #1129 ), #1799, .F. ) ;
#826 = ORIENTED_EDGE ( 'NONE', *, *, #1164, .F. ) ;
#827 = VERTEX_POINT ( 'NONE', #787 ) ;
#828 = LINE ( 'NONE', #882, #196 ) ;
#829 = ORIENTED_EDGE ( 'NONE', *, *, #777, .F. ) ;
#830 = CARTESIAN_POINT ( 'NONE',  ( -5.999999999999997335, 46.99999999999999289, -4.250000000000004441 ) ) ;
#831 = VECTOR ( 'NONE', #288, 1000.000000000000000 ) ;
#832 = EDGE_CURVE ( 'NONE', #70, #1763, #949, .T. ) ;
#833 = PLANE ( 'NONE',  #630 ) ;
#834 = CARTESIAN_POINT ( 'NONE',  ( 19.74999999999999645, -29.25000000000000355, 6.000000000000000000 ) ) ;
#835 = AXIS2_PLACEMENT_3D ( 'NONE', #1221, #1723, #1256 ) ;
#836 = VERTEX_POINT ( 'NONE', #1778 ) ;
#837 = VECTOR ( 'NONE', #2008, 1000.000000000000000 ) ;
#838 = AXIS2_PLACEMENT_3D ( 'NONE', #420, #1883, #887 ) ;
#839 = VERTEX_POINT ( 'NONE', #153 ) ;
#840 = DIRECTION ( 'NONE',  ( -1.000000000000000000, 0.000000000000000000, 0.000000000000000000 ) ) ;
#841 = AXIS2_PLACEMENT_3D ( 'NONE', #650, #1823, #1938 ) ;
#842 = ORIENTED_EDGE ( 'NONE', *, *, #1980, .T. ) ;
#843 = PLANE ( 'NONE',  #1426 ) ;
#844 = EDGE_CURVE ( 'NONE', #1274, #289, #1454, .T. ) ;
#845 = CARTESIAN_POINT ( 'NONE',  ( -21.82456772082909779, -31.11903047203531258, 5.991930137489131170 ) ) ;
#846 = DIRECTION ( 'NONE',  ( -0.000000000000000000, 0.000000000000000000, 1.000000000000000000 ) ) ;
#847 = EDGE_CURVE ( 'NONE', #1525, #1751, #1305, .T. ) ;
#848 = ORIENTED_EDGE ( 'NONE', *, *, #1186, .T. ) ;
#849 = LINE ( 'NONE', #1505, #1631 ) ;
#850 = VERTEX_POINT ( 'NONE', #599 ) ;
#851 = CARTESIAN_POINT ( 'NONE',  ( -4.749999999999997335, -29.25000000000000355, 4.000000000000000000 ) ) ;
#852 = CARTESIAN_POINT ( 'NONE',  ( 0.000000000000000000, 0.000000000000000000, 0.000000000000000000 ) ) ;
#853 = CARTESIAN_POINT ( 'NONE',  ( 19.75000000000000355, -29.25000000000000000, 0.000000000000000000 ) ) ;
#854 = CARTESIAN_POINT ( 'NONE',  ( -11.00000000000000000, 64.49999999999998579, 5.545777512430476124E-15 ) ) ;
#855 = EDGE_CURVE ( 'NONE', #1939, #1019, #821, .T. ) ;
#856 = VERTEX_POINT ( 'NONE', #468 ) ;
#857 = ORIENTED_EDGE ( 'NONE', *, *, #1621, .F. ) ;
#858 = FACE_OUTER_BOUND ( 'NONE', #1335, .T. ) ;
#859 = DATE_AND_TIME ( #1202, #1033 ) ;
#860 = CARTESIAN_POINT ( 'NONE',  ( 19.74999999999999645, -29.25000000000000355, 4.000000000000000000 ) ) ;
#861 = DIRECTION ( 'NONE',  ( -0.9705251053591572585, -0.2404480793350331769, 0.01630156470068026137 ) ) ;
#862 = VECTOR ( 'NONE', #1949, 1000.000000000000000 ) ;
#863 = LOCAL_TIME ( 11, 32, 19.00000000000000000, #350 ) ;
#864 = VERTEX_POINT ( 'NONE', #649 ) ;
#865 = EDGE_CURVE ( 'NONE', #1471, #255, #811, .T. ) ;
#866 = VECTOR ( 'NONE', #1540, 1000.000000000000000 ) ;
#867 = ORIENTED_EDGE ( 'NONE', *, *, #2124, .F. ) ;
#868 = CARTESIAN_POINT ( 'NONE',  ( -11.00000000000000000, 64.49999999999998579, 3.999999999999995559 ) ) ;
#869 = VECTOR ( 'NONE', #815, 1000.000000000000000 ) ;
#870 = APPLICATION_PROTOCOL_DEFINITION ( 'international standard', 'config_control_design', 1994, #324 ) ;
#871 = DIRECTION ( 'NONE',  ( 1.000000000000000000, 0.000000000000000000, -0.000000000000000000 ) ) ;
#872 = PLANE ( 'NONE',  #1521 ) ;
#873 = AXIS2_PLACEMENT_3D ( 'NONE', #1442, #1761, #1788 ) ;
#874 = EDGE_LOOP ( 'NONE', ( #713, #1577, #789 ) ) ;
#875 = DIRECTION ( 'NONE',  ( 0.000000000000000000, -0.000000000000000000, 1.000000000000000000 ) ) ;
#876 = DIRECTION ( 'NONE',  ( -1.119176436114069085E-16, 1.000000000000000000, 0.000000000000000000 ) ) ;
#877 = EDGE_CURVE ( 'NONE', #1298, #644, #937, .T. ) ;
#878 = DIRECTION ( 'NONE',  ( -5.595882180570345426E-17, -1.000000000000000000, -0.000000000000000000 ) ) ;
#879 = DIRECTION ( 'NONE',  ( -0.7071067811865474617, -0.7071067811865476838, 0.000000000000000000 ) ) ;
#880 = CARTESIAN_POINT ( 'NONE',  ( -19.75000000000000000, -14.25000000000000533, 4.000000000000000000 ) ) ;
#881 = LINE ( 'NONE', #400, #1378 ) ;
#882 = CARTESIAN_POINT ( 'NONE',  ( 19.98376667823489328, -4.950988170350145268, 0.000000000000000000 ) ) ;
#883 = CC_DESIGN_DATE_AND_TIME_ASSIGNMENT ( #368, #529, ( #1395 ) ) ;
#884 = ORIENTED_EDGE ( 'NONE', *, *, #520, .F. ) ;
#885 = FACE_OUTER_BOUND ( 'NONE', #301, .T. ) ;
#886 = EDGE_LOOP ( 'NONE', ( #283, #766, #1010, #372 ) ) ;
#887 = DIRECTION ( 'NONE',  ( 1.000000000000000000, -0.000000000000000000, 0.000000000000000000 ) ) ;
#888 = DIRECTION ( 'NONE',  ( 5.203038332213867913E-17, -0.9743700647852348018, 0.2249510543438666965 ) ) ;
#889 = DIRECTION ( 'NONE',  ( -0.000000000000000000, -0.000000000000000000, 1.000000000000000000 ) ) ;
#890 = EDGE_CURVE ( 'NONE', #1753, #795, #1094, .T. ) ;
#891 = FACE_OUTER_BOUND ( 'NONE', #617, .T. ) ;
#892 = DIRECTION ( 'NONE',  ( 1.000000000000000000, 1.186135710069611665E-16, 0.000000000000000000 ) ) ;
#893 = DIRECTION ( 'NONE',  ( 0.000000000000000000, 0.000000000000000000, 1.000000000000000000 ) ) ;
#894 = AXIS2_PLACEMENT_3D ( 'NONE', #392, #1594, #1767 ) ;
#895 = ORIENTED_EDGE ( 'NONE', *, *, #1584, .F. ) ;
#896 = ORIENTED_EDGE ( 'NONE', *, *, #624, .F. ) ;
#897 = VERTEX_POINT ( 'NONE', #1602 ) ;
#898 = VECTOR ( 'NONE', #1275, 1000.000000000000000 ) ;
#899 = FACE_OUTER_BOUND ( 'NONE', #1511, .T. ) ;
#900 = VECTOR ( 'NONE', #1299, 1000.000000000000000 ) ;
#901 = DIRECTION ( 'NONE',  ( -0.000000000000000000, 1.000000000000000000, -0.000000000000000000 ) ) ;
#902 = LINE ( 'NONE', #1419, #206 ) ;
#903 = VECTOR ( 'NONE', #1330, 1000.000000000000000 ) ;
#904 = DIRECTION ( 'NONE',  ( -1.000000000000000000, 0.000000000000000000, 0.000000000000000000 ) ) ;
#905 = LINE ( 'NONE', #1098, #450 ) ;
#906 = DIRECTION ( 'NONE',  ( -0.000000000000000000, -0.000000000000000000, -1.000000000000000000 ) ) ;
#907 = EDGE_CURVE ( 'NONE', #1929, #462, #1120, .T. ) ;
#908 = VECTOR ( 'NONE', #6, 1000.000000000000000 ) ;
#909 = ORIENTED_EDGE ( 'NONE', *, *, #707, .F. ) ;
#910 = PLANE ( 'NONE',  #2045 ) ;
#911 = DIRECTION ( 'NONE',  ( -0.9383431168171101344, -0.3457053588273563127, 0.000000000000000000 ) ) ;
#912 = CARTESIAN_POINT ( 'NONE',  ( -7.406094352496946698, 55.71848356007618719, 0.000000000000000000 ) ) ;
#913 = FACE_OUTER_BOUND ( 'NONE', #219, .T. ) ;
#914 = LINE ( 'NONE', #1550, #203 ) ;
#915 = ORIENTED_EDGE ( 'NONE', *, *, #1379, .T. ) ;
#916 = DIRECTION ( 'NONE',  ( -1.000000000000000000, -0.000000000000000000, -0.000000000000000000 ) ) ;
#917 = DIRECTION ( 'NONE',  ( 1.173390130490413770E-16, -0.9977097021176762892, -0.06764133573679179112 ) ) ;
#918 = ORIENTED_EDGE ( 'NONE', *, *, #710, .F. ) ;
#919 = ADVANCED_FACE ( 'NONE', ( #1973 ), #478, .T. ) ;
#920 = CARTESIAN_POINT ( 'NONE',  ( -21.50000000000000355, 31.00000000000000711, 6.000000000000000000 ) ) ;
#921 = VERTEX_POINT ( 'NONE', #960 ) ;
#922 = DIRECTION ( 'NONE',  ( 0.000000000000000000, 0.000000000000000000, 1.000000000000000000 ) ) ;
#923 = LINE ( 'NONE', #1659, #1106 ) ;
#924 = DIRECTION ( 'NONE',  ( -0.000000000000000000, -1.000000000000000000, -0.000000000000000000 ) ) ;
#925 = DIRECTION ( 'NONE',  ( -1.000000000000000000, 0.000000000000000000, -0.000000000000000000 ) ) ;
#926 = VERTEX_POINT ( 'NONE', #293 ) ;
#927 = LINE ( 'NONE', #216, #200 ) ;
#928 = CARTESIAN_POINT ( 'NONE',  ( -5.999999999999996447, -48.99999999999999289, -5.250000000000004441 ) ) ;
#929 = CARTESIAN_POINT ( 'NONE',  ( -10.99999999999999822, 60.49999999999999289, 10.00000000000000000 ) ) ;
#930 = ORIENTED_EDGE ( 'NONE', *, *, #1818, .T. ) ;
#931 = EDGE_CURVE ( 'NONE', #366, #947, #2105, .T. ) ;
#932 = ORIENTED_EDGE ( 'NONE', *, *, #1473, .F. ) ;
#933 = DIRECTION ( 'NONE',  ( -0.000000000000000000, -0.000000000000000000, -1.000000000000000000 ) ) ;
#934 = VECTOR ( 'NONE', #904, 1000.000000000000000 ) ;
#935 = ADVANCED_FACE ( 'NONE', ( #1623 ), #131, .T. ) ;
#936 = CC_DESIGN_APPROVAL ( #1357, ( #2021 ) ) ;
#937 = LINE ( 'NONE', #1951, #702 ) ;
#938 = CARTESIAN_POINT ( 'NONE',  ( -11.00000000000000000, 60.49999999999998579, 5.545777512430476124E-15 ) ) ;
#939 = VECTOR ( 'NONE', #1025, 1000.000000000000000 ) ;
#940 = ORIENTED_EDGE ( 'NONE', *, *, #1912, .F. ) ;
#941 = EDGE_LOOP ( 'NONE', ( #461, #1078, #626, #829 ) ) ;
#942 = LINE ( 'NONE', #1815, #277 ) ;
#943 = CARTESIAN_POINT ( 'NONE',  ( 12.00000000000000000, -37.14682883687268600, -0.4305074907598477885 ) ) ;
#944 = AXIS2_PLACEMENT_3D ( 'NONE', #583, #259, #925 ) ;
#945 = EDGE_CURVE ( 'NONE', #1939, #1614, #1927, .T. ) ;
#946 = ORIENTED_EDGE ( 'NONE', *, *, #402, .T. ) ;
#947 = VERTEX_POINT ( 'NONE', #775 ) ;
#948 = CARTESIAN_POINT ( 'NONE',  ( 21.50000000000000000, -31.99999999999998579, 10.00000000000000000 ) ) ;
#949 = LINE ( 'NONE', #459, #1565 ) ;
#950 = LINE ( 'NONE', #972, #207 ) ;
#951 = ADVANCED_FACE ( 'NONE', ( #610 ), #1937, .T. ) ;
#952 = ORIENTED_EDGE ( 'NONE', *, *, #616, .T. ) ;
#953 = ORIENTED_EDGE ( 'NONE', *, *, #47, .T. ) ;
#954 = DIRECTION ( 'NONE',  ( 0.2404800341618860693, -0.9706540852278415787, 0.000000000000000000 ) ) ;
#955 = CARTESIAN_POINT ( 'NONE',  ( 19.74999999999999645, -29.25000000000000355, 4.000000000000000000 ) ) ;
#956 = VERTEX_POINT ( 'NONE', #359 ) ;
#957 = EDGE_CURVE ( 'NONE', #2089, #70, #1192, .T. ) ;
#958 = ORIENTED_EDGE ( 'NONE', *, *, #1480, .T. ) ;
#959 = LINE ( 'NONE', #796, #692 ) ;
#960 = CARTESIAN_POINT ( 'NONE',  ( -11.00000000000000000, -64.49999999999998579, 5.545777512430476124E-15 ) ) ;
#961 = LINE ( 'NONE', #121, #3 ) ;
#962 = VERTEX_POINT ( 'NONE', #851 ) ;
#963 = ORIENTED_EDGE ( 'NONE', *, *, #855, .F. ) ;
#964 = EDGE_CURVE ( 'NONE', #736, #1298, #518, .T. ) ;
#965 = CARTESIAN_POINT ( 'NONE',  ( 19.74999999999999645, -29.25000000000000355, 6.000000000000000000 ) ) ;
#966 = PLANE ( 'NONE',  #454 ) ;
#967 = ORIENTED_EDGE ( 'NONE', *, *, #1705, .F. ) ;
#968 = ORIENTED_EDGE ( 'NONE', *, *, #1233, .T. ) ;
#969 = DIRECTION ( 'NONE',  ( 1.000000000000000000, 5.595882180570345426E-17, 0.000000000000000000 ) ) ;
#970 = AXIS2_PLACEMENT_3D ( 'NONE', #2148, #1821, #345 ) ;
#971 = DIRECTION ( 'NONE',  ( 1.000000000000000000, 0.000000000000000000, 0.000000000000000000 ) ) ;
#972 = CARTESIAN_POINT ( 'NONE',  ( -5.999999999999998224, -46.99999999999999289, -6.999999999999975131 ) ) ;
#973 = ORIENTED_EDGE ( 'NONE', *, *, #151, .T. ) ;
#974 = DIRECTION ( 'NONE',  ( -0.4856429311786319980, 0.000000000000000000, -0.8741572761215378184 ) ) ;
#975 = AXIS2_PLACEMENT_3D ( 'NONE', #438, #892, #554 ) ;
#976 = CARTESIAN_POINT ( 'NONE',  ( -21.50000000000000000, 31.99999999999998579, 10.00000000000000000 ) ) ;
#977 = ORIENTED_EDGE ( 'NONE', *, *, #1872, .F. ) ;
#978 = EDGE_CURVE ( 'NONE', #462, #1362, #1029, .T. ) ;
#979 = APPROVAL_PERSON_ORGANIZATION ( #1858, #1558, #2034 ) ;
#980 = ORIENTED_EDGE ( 'NONE', *, *, #690, .F. ) ;
#981 = CARTESIAN_POINT ( 'NONE',  ( 11.00000000000000000, -60.49999999999998579, 0.000000000000000000 ) ) ;
#982 = AXIS2_PLACEMENT_3D ( 'NONE', #1139, #2140, #1813 ) ;
#983 = DIRECTION ( 'NONE',  ( -2.312964634635742957E-16, 0.000000000000000000, -1.000000000000000000 ) ) ;
#984 = DIRECTION ( 'NONE',  ( 0.000000000000000000, 0.000000000000000000, -1.000000000000000000 ) ) ;
#985 = CARTESIAN_POINT ( 'NONE',  ( 11.00000000000000000, 64.49999999999998579, 3.999999999999995559 ) ) ;
#986 = ORIENTED_EDGE ( 'NONE', *, *, #540, .F. ) ;
#987 = VERTEX_POINT ( 'NONE', #669 ) ;
#988 = EDGE_CURVE ( 'NONE', #715, #736, #657, .T. ) ;
#989 = FACE_OUTER_BOUND ( 'NONE', #1506, .T. ) ;
#990 = FACE_OUTER_BOUND ( 'NONE', #1658, .T. ) ;
#991 = CALENDAR_DATE ( 2026, 2, 6 ) ;
#992 = CARTESIAN_POINT ( 'NONE',  ( -5.999999999999998224, -60.49999999999999289, -9.000000000000005329 ) ) ;
#993 = DIRECTION ( 'NONE',  ( 2.312964634635743450E-16, 1.000000000000000000, 0.000000000000000000 ) ) ;
#994 = ORIENTED_EDGE ( 'NONE', *, *, #1868, .F. ) ;
#995 = ORIENTED_EDGE ( 'NONE', *, *, #695, .F. ) ;
#996 = ORIENTED_EDGE ( 'NONE', *, *, #1473, .T. ) ;
#997 = FACE_OUTER_BOUND ( 'NONE', #1460, .T. ) ;
#998 = EDGE_CURVE ( 'NONE', #738, #1929, #1507, .T. ) ;
#999 = ORIENTED_EDGE ( 'NONE', *, *, #140, .F. ) ;
#1000 = PLANE ( 'NONE',  #1707 ) ;
#1001 = VECTOR ( 'NONE', #721, 1000.000000000000000 ) ;
#1002 = EDGE_CURVE ( 'NONE', #1170, #286, #1857, .T. ) ;
#1003 = EDGE_LOOP ( 'NONE', ( #633, #1811, #2015, #682 ) ) ;
#1004 = DIRECTION ( 'NONE',  ( 3.785129453194893617E-18, 0.06764133573679179112, 0.9977097021176762892 ) ) ;
#1005 = DIRECTION ( 'NONE',  ( -0.000000000000000000, 1.000000000000000000, -0.000000000000000000 ) ) ;
#1006 = AXIS2_PLACEMENT_3D ( 'NONE', #1075, #1087, #1262 ) ;
#1007 = VERTEX_POINT ( 'NONE', #1023 ) ;
#1008 = EDGE_CURVE ( 'NONE', #765, #2118, #1865, .T. ) ;
#1009 = VECTOR ( 'NONE', #1204, 1000.000000000000341 ) ;
#1010 = ORIENTED_EDGE ( 'NONE', *, *, #832, .T. ) ;
#1011 = CARTESIAN_POINT ( 'NONE',  ( 6.000000000000002665, -47.93933982822020567, -7.939339828220179918 ) ) ;
#1012 = VECTOR ( 'NONE', #1490, 1000.000000000000000 ) ;
#1013 = ORIENTED_EDGE ( 'NONE', *, *, #1435, .F. ) ;
#1014 = CARTESIAN_POINT ( 'NONE',  ( -19.75000000000000355, 29.25000000000000355, 6.000000000000000000 ) ) ;
#1015 = CALENDAR_DATE ( 2026, 2, 6 ) ;
#1016 = FACE_OUTER_BOUND ( 'NONE', #5, .T. ) ;
#1017 = DIRECTION ( 'NONE',  ( 0.7071067811865474617, 0.7071067811865474617, 0.000000000000000000 ) ) ;
#1018 = EDGE_CURVE ( 'NONE', #1433, #1890, #192, .T. ) ;
#1019 = VERTEX_POINT ( 'NONE', #349 ) ;
#1020 = ADVANCED_FACE ( 'NONE', ( #858 ), #490, .F. ) ;
#1021 = CARTESIAN_POINT ( 'NONE',  ( 4.750000000000004441, 29.25000000000000000, 4.000000000000000000 ) ) ;
#1022 = ORIENTED_EDGE ( 'NONE', *, *, #1197, .F. ) ;
#1023 = CARTESIAN_POINT ( 'NONE',  ( -19.74999999999999645, 14.24999999999999822, 4.000000000000000000 ) ) ;
#1024 = DATE_AND_TIME ( #43, #1249 ) ;
#1025 = DIRECTION ( 'NONE',  ( 1.000000000000000000, -0.000000000000000000, -0.000000000000000000 ) ) ;
#1026 = LINE ( 'NONE', #1176, #1245 ) ;
#1027 = ORIENTED_EDGE ( 'NONE', *, *, #1316, .T. ) ;
#1028 = ORIENTED_EDGE ( 'NONE', *, *, #1391, .F. ) ;
#1029 = LINE ( 'NONE', #1475, #636 ) ;
#1030 = APPROVAL_DATE_TIME ( #175, #711 ) ;
#1031 = PLANE ( 'NONE',  #452 ) ;
#1032 = LINE ( 'NONE', #539, #2129 ) ;
#1033 = LOCAL_TIME ( 11, 32, 19.00000000000000000, #706 ) ;
#1034 = ORIENTED_EDGE ( 'NONE', *, *, #210, .F. ) ;
#1035 = AXIS2_PLACEMENT_3D ( 'NONE', #1548, #74, #730 ) ;
#1036 = EDGE_CURVE ( 'NONE', #926, #715, #201, .T. ) ;
#1037 = ORIENTED_EDGE ( 'NONE', *, *, #964, .T. ) ;
#1038 = CARTESIAN_POINT ( 'NONE',  ( -29.31097560975610250, 10.79878048780488520, 0.000000000000000000 ) ) ;
#1039 = VECTOR ( 'NONE', #1154, 1000.000000000000341 ) ;
#1040 = APPROVAL_PERSON_ORGANIZATION ( #2017, #711, #1347 ) ;
#1041 = CARTESIAN_POINT ( 'NONE',  ( 2.238352872228138170E-16, -64.49999999999998579, 0.000000000000000000 ) ) ;
#1042 = EDGE_CURVE ( 'NONE', #1007, #1170, #1841, .T. ) ;
#1043 = DIRECTION ( 'NONE',  ( -1.000000000000000000, 0.000000000000000000, -0.000000000000000000 ) ) ;
#1044 = CARTESIAN_POINT ( 'NONE',  ( 0.000000000000000000, 0.000000000000000000, 6.000000000000000000 ) ) ;
#1045 = VECTOR ( 'NONE', #1962, 1000.000000000000227 ) ;
#1046 = ORIENTED_EDGE ( 'NONE', *, *, #777, .T. ) ;
#1047 = DESIGN_CONTEXT ( 'detailed design', #324, 'design' ) ;
#1048 = EDGE_CURVE ( 'NONE', #2053, #1274, #1485, .T. ) ;
#1049 = ORIENTED_EDGE ( 'NONE', *, *, #1307, .T. ) ;
#1050 = DIRECTION ( 'NONE',  ( -5.203038332213867913E-17, 0.9743700647852348018, -0.2249510543438666965 ) ) ;
#1051 = FACE_OUTER_BOUND ( 'NONE', #484, .T. ) ;
#1052 = DIRECTION ( 'NONE',  ( -0.7071067811865476838, -0.7071067811865474617, 0.000000000000000000 ) ) ;
#1053 = DIRECTION ( 'NONE',  ( 1.173390130490413770E-16, 0.9977097021176762892, -0.06764133573679179112 ) ) ;
#1054 = CARTESIAN_POINT ( 'NONE',  ( -8.405660377358492141, 60.49999999999998579, -4.669811320754713613 ) ) ;
#1055 = ORIENTED_EDGE ( 'NONE', *, *, #210, .T. ) ;
#1056 = DIRECTION ( 'NONE',  ( -2.884584070788933267E-16, 0.9977097021176765113, 0.06764133573679180500 ) ) ;
#1057 = FACE_OUTER_BOUND ( 'NONE', #1080, .T. ) ;
#1058 = CARTESIAN_POINT ( 'NONE',  ( -11.00000000000000000, 60.49999999999998579, 5.545777512430476124E-15 ) ) ;
#1059 = CARTESIAN_POINT ( 'NONE',  ( 0.000000000000000000, 0.000000000000000000, -4.250000000000004441 ) ) ;
#1060 = ADVANCED_FACE ( 'NONE', ( #990 ), #843, .F. ) ;
#1061 = DIRECTION ( 'NONE',  ( 0.000000000000000000, 0.000000000000000000, 1.000000000000000000 ) ) ;
#1062 = CARTESIAN_POINT ( 'NONE',  ( 1.074835122103593864E-14, -37.17601578539878915, 0.000000000000000000 ) ) ;
#1063 = FACE_OUTER_BOUND ( 'NONE', #1555, .T. ) ;
#1064 = VECTOR ( 'NONE', #1633, 1000.000000000000000 ) ;
#1065 = ADVANCED_FACE ( 'NONE', ( #2016 ), #1000, .F. ) ;
#1066 = LINE ( 'NONE', #920, #1178 ) ;
#1067 = ORIENTED_EDGE ( 'NONE', *, *, #1197, .T. ) ;
#1068 = VECTOR ( 'NONE', #233, 1000.000000000000000 ) ;
#1069 = DIRECTION ( 'NONE',  ( 1.000000000000000000, 0.000000000000000000, 0.000000000000000000 ) ) ;
#1070 = AXIS2_PLACEMENT_3D ( 'NONE', #1403, #911, #407 ) ;
#1071 = CARTESIAN_POINT ( 'NONE',  ( -19.75000000000000000, -14.25000000000000533, 6.000000000000000000 ) ) ;
#1072 = FACE_OUTER_BOUND ( 'NONE', #1146, .T. ) ;
#1073 = ORIENTED_EDGE ( 'NONE', *, *, #1885, .F. ) ;
#1074 = EDGE_CURVE ( 'NONE', #1134, #2132, #1653, .T. ) ;
#1075 = CARTESIAN_POINT ( 'NONE',  ( 0.000000000000000000, 0.000000000000000000, 6.000000000000000000 ) ) ;
#1076 = PLANE ( 'NONE',  #894 ) ;
#1077 = VECTOR ( 'NONE', #2025, 1000.000000000000000 ) ;
#1078 = ORIENTED_EDGE ( 'NONE', *, *, #661, .T. ) ;
#1079 = ORIENTED_EDGE ( 'NONE', *, *, #1818, .F. ) ;
#1080 = EDGE_LOOP ( 'NONE', ( #1482, #1100, #1734, #1380, #980, #1126 ) ) ;
#1081 = DIRECTION ( 'NONE',  ( -1.000000000000000000, 2.891205793294678326E-16, 0.000000000000000000 ) ) ;
#1082 = FACE_OUTER_BOUND ( 'NONE', #311, .T. ) ;
#1083 = PLANE ( 'NONE',  #591 ) ;
#1084 = DIRECTION ( 'NONE',  ( 4.336808689942013792E-16, -1.000000000000000000, 0.000000000000000000 ) ) ;
#1085 = ORIENTED_EDGE ( 'NONE', *, *, #1450, .F. ) ;
#1086 = VERTEX_POINT ( 'NONE', #1833 ) ;
#1087 = DIRECTION ( 'NONE',  ( 0.000000000000000000, 0.000000000000000000, -1.000000000000000000 ) ) ;
#1088 = LINE ( 'NONE', #439, #268 ) ;
#1089 = EDGE_CURVE ( 'NONE', #1899, #1323, #337, .T. ) ;
#1090 = ORIENTED_EDGE ( 'NONE', *, *, #1496, .T. ) ;
#1091 = CARTESIAN_POINT ( 'NONE',  ( -8.405660377358492141, -60.49999999999998579, -4.669811320754713613 ) ) ;
#1092 = ORIENTED_EDGE ( 'NONE', *, *, #458, .F. ) ;
#1093 = CARTESIAN_POINT ( 'NONE',  ( -19.75000000000000355, 29.25000000000000355, 0.000000000000000000 ) ) ;
#1094 = LINE ( 'NONE', #2092, #1738 ) ;
#1095 = CARTESIAN_POINT ( 'NONE',  ( 19.75000000000000355, 29.25000000000000000, 4.000000000000000000 ) ) ;
#1096 = ORIENTED_EDGE ( 'NONE', *, *, #1279, .T. ) ;
#1097 = EDGE_LOOP ( 'NONE', ( #2149, #1421, #723 ) ) ;
#1098 = CARTESIAN_POINT ( 'NONE',  ( -19.75000000000000000, -14.25000000000000533, 4.000000000000000000 ) ) ;
#1099 = CARTESIAN_POINT ( 'NONE',  ( -5.999999999999997335, 46.99999999999999289, -6.999999999999988454 ) ) ;
#1100 = ORIENTED_EDGE ( 'NONE', *, *, #807, .T. ) ;
#1101 = VECTOR ( 'NONE', #334, 1000.000000000000000 ) ;
#1102 = MANIFOLD_SOLID_BREP ( 'Boss-Extrude10[4]', #1769 ) ;
#1103 = VERTEX_POINT ( 'NONE', #678 ) ;
#1104 = ADVANCED_FACE ( 'NONE', ( #2006 ), #1573, .F. ) ;
#1105 = FACE_OUTER_BOUND ( 'NONE', #1630, .T. ) ;
#1106 = VECTOR ( 'NONE', #1340, 1000.000000000000000 ) ;
#1107 = FACE_OUTER_BOUND ( 'NONE', #1310, .T. ) ;
#1108 = CARTESIAN_POINT ( 'NONE',  ( 6.000000000000001776, -64.49999999999998579, -9.000000000000005329 ) ) ;
#1109 = VECTOR ( 'NONE', #1004, 1000.000000000000341 ) ;
#1110 = LINE ( 'NONE', #1800, #1635 ) ;
#1111 = ORIENTED_EDGE ( 'NONE', *, *, #30, .F. ) ;
#1112 = EDGE_CURVE ( 'NONE', #765, #2062, #748, .T. ) ;
#1113 = CARTESIAN_POINT ( 'NONE',  ( -19.74999999999999645, 29.25000000000000000, 6.000000000000000000 ) ) ;
#1114 = DIRECTION ( 'NONE',  ( -0.000000000000000000, 1.000000000000000000, -0.000000000000000000 ) ) ;
#1115 = VECTOR ( 'NONE', #1974, 1000.000000000000000 ) ;
#1116 = ORIENTED_EDGE ( 'NONE', *, *, #110, .F. ) ;
#1117 = ORIENTED_EDGE ( 'NONE', *, *, #1074, .T. ) ;
#1118 = CARTESIAN_POINT ( 'NONE',  ( -21.82456772082909779, 31.11903047203531258, 5.991930137489131170 ) ) ;
#1119 = ADVANCED_FACE ( 'NONE', ( #1057 ), #560, .F. ) ;
#1120 = LINE ( 'NONE', #1612, #1991 ) ;
#1121 = CARTESIAN_POINT ( 'NONE',  ( 19.74999999999999645, -14.25000000000000533, 4.000000000000000000 ) ) ;
#1122 = VERTEX_POINT ( 'NONE', #728 ) ;
#1123 = ORIENTED_EDGE ( 'NONE', *, *, #724, .F. ) ;
#1124 = LINE ( 'NONE', #1436, #1489 ) ;
#1125 = LINE ( 'NONE', #1309, #1012 ) ;
#1126 = ORIENTED_EDGE ( 'NONE', *, *, #1591, .T. ) ;
#1127 = EDGE_LOOP ( 'NONE', ( #2120, #48, #1261, #1852 ) ) ;
#1128 = CARTESIAN_POINT ( 'NONE',  ( 21.49999999999999645, -30.99999999999999289, 6.000000000000000000 ) ) ;
#1129 = FACE_BOUND ( 'NONE', #1933, .T. ) ;
#1130 = ORIENTED_EDGE ( 'NONE', *, *, #44, .F. ) ;
#1131 = CARTESIAN_POINT ( 'NONE',  ( -7.406094352496946698, -56.01030634047045709, 4.304386010815562713 ) ) ;
#1132 = DIRECTION ( 'NONE',  ( -1.000000000000000000, -0.000000000000000000, -0.000000000000000000 ) ) ;
#1133 = EDGE_CURVE ( 'NONE', #685, #836, #705, .T. ) ;
#1134 = VERTEX_POINT ( 'NONE', #581 ) ;
#1135 = ORIENTED_EDGE ( 'NONE', *, *, #110, .T. ) ;
#1136 = DIRECTION ( 'NONE',  ( 0.000000000000000000, 1.000000000000000000, 0.000000000000000000 ) ) ;
#1137 = VECTOR ( 'NONE', #566, 1000.000000000000000 ) ;
#1138 = ORIENTED_EDGE ( 'NONE', *, *, #2037, .T. ) ;
#1139 = CARTESIAN_POINT ( 'NONE',  ( -19.75000000000000000, -14.25000000000000533, 4.000000000000000000 ) ) ;
#1140 = DIRECTION ( 'NONE',  ( 0.000000000000000000, 0.06764133573679179112, -0.9977097021176762892 ) ) ;
#1141 = CLOSED_SHELL ( 'NONE', ( #1420, #634, #1891, #2094, #2144 ) ) ;
#1142 = DIRECTION ( 'NONE',  ( -0.9705251053591572585, -0.2404480793350332879, -0.01630156470068026137 ) ) ;
#1143 = AXIS2_PLACEMENT_3D ( 'NONE', #1091, #1745, #1439 ) ;
#1144 = CARTESIAN_POINT ( 'NONE',  ( 12.00000000000000000, -37.14682883687268600, -0.4305074907598477885 ) ) ;
#1145 = ADVANCED_FACE ( 'NONE', ( #387 ), #1724, .T. ) ;
#1146 = EDGE_LOOP ( 'NONE', ( #1265, #2108, #1676, #1768 ) ) ;
#1147 = AXIS2_PLACEMENT_3D ( 'NONE', #763, #1052, #1895 ) ;
#1148 = ORIENTED_EDGE ( 'NONE', *, *, #1008, .F. ) ;
#1149 = CARTESIAN_POINT ( 'NONE',  ( -11.00000000000000000, -60.49999999999998579, 5.545777512430476124E-15 ) ) ;
#1150 = CARTESIAN_POINT ( 'NONE',  ( 6.000000000000002665, -48.99999999999999289, -4.250000000000004441 ) ) ;
#1151 = DIRECTION ( 'NONE',  ( 4.336808689942013792E-16, 1.000000000000000000, 0.000000000000000000 ) ) ;
#1152 = DIRECTION ( 'NONE',  ( 0.000000000000000000, -0.9977097021176765113, -0.06764133573679180500 ) ) ;
#1153 = FACE_OUTER_BOUND ( 'NONE', #1280, .T. ) ;
#1154 = DIRECTION ( 'NONE',  ( 3.785129453194893617E-18, -0.06764133573679179112, 0.9977097021176762892 ) ) ;
#1155 = ORIENTED_EDGE ( 'NONE', *, *, #793, .T. ) ;
#1156 = EDGE_CURVE ( 'NONE', #1198, #1828, #1244, .T. ) ;
#1157 = ORIENTED_EDGE ( 'NONE', *, *, #410, .T. ) ;
#1158 = DIRECTION ( 'NONE',  ( -0.8741572761215378184, 0.000000000000000000, 0.4856429311786319980 ) ) ;
#1159 = EDGE_CURVE ( 'NONE', #1341, #1806, #1369, .T. ) ;
#1160 = CARTESIAN_POINT ( 'NONE',  ( 6.000000000000002665, 60.49999999999999289, -5.250000000000004441 ) ) ;
#1161 = ORIENTED_EDGE ( 'NONE', *, *, #1771, .F. ) ;
#1162 = DIRECTION ( 'NONE',  ( 1.000000000000000000, 0.000000000000000000, -2.312964634635742957E-16 ) ) ;
#1163 = CARTESIAN_POINT ( 'NONE',  ( -19.74999999999999645, -29.25000000000000000, 0.000000000000000000 ) ) ;
#1164 = EDGE_CURVE ( 'NONE', #1924, #1198, #247, .T. ) ;
#1165 = CARTESIAN_POINT ( 'NONE',  ( -19.75000000000000355, 29.25000000000000355, 0.000000000000000000 ) ) ;
#1166 = EDGE_LOOP ( 'NONE', ( #2070, #2056, #227, #1759 ) ) ;
#1167 = ORIENTED_EDGE ( 'NONE', *, *, #707, .T. ) ;
#1168 = CARTESIAN_POINT ( 'NONE',  ( -5.999999999999996447, -48.99999999999999289, -4.250000000000004441 ) ) ;
#1169 = EDGE_CURVE ( 'NONE', #1134, #921, #2042, .T. ) ;
#1170 = VERTEX_POINT ( 'NONE', #1893 ) ;
#1171 = CARTESIAN_POINT ( 'NONE',  ( 6.000000000000002665, 46.99999999999999289, -4.250000000000004441 ) ) ;
#1172 = VECTOR ( 'NONE', #1644, 1000.000000000000000 ) ;
#1173 = MECHANICAL_CONTEXT ( 'NONE', #1360, 'mechanical' ) ;
#1174 = ORIENTED_EDGE ( 'NONE', *, *, #847, .T. ) ;
#1175 = DIRECTION ( 'NONE',  ( 0.000000000000000000, -1.000000000000000000, 0.000000000000000000 ) ) ;
#1176 = CARTESIAN_POINT ( 'NONE',  ( -5.999999999999998224, 48.00000000000000000, -7.999999999999996447 ) ) ;
#1177 = ADVANCED_FACE ( 'NONE', ( #221 ), #1715, .T. ) ;
#1178 = VECTOR ( 'NONE', #1211, 1000.000000000000000 ) ;
#1179 = VECTOR ( 'NONE', #1363, 1000.000000000000227 ) ;
#1180 = ORIENTED_EDGE ( 'NONE', *, *, #402, .F. ) ;
#1181 = CARTESIAN_POINT ( 'NONE',  ( 19.98376667823489328, 4.950988170350145268, 0.000000000000000000 ) ) ;
#1182 = VECTOR ( 'NONE', #1290, 1000.000000000000000 ) ;
#1183 = EDGE_LOOP ( 'NONE', ( #2087, #1231, #1792, #1595 ) ) ;
#1184 = CARTESIAN_POINT ( 'NONE',  ( -5.999999999999997335, 46.99999999999999289, -4.250000000000004441 ) ) ;
#1185 = COORDINATED_UNIVERSAL_TIME_OFFSET ( 1, 0, .AHEAD. ) ;
#1186 = EDGE_CURVE ( 'NONE', #987, #2089, #1545, .T. ) ;
#1187 = VECTOR ( 'NONE', #1246, 1000.000000000000000 ) ;
#1188 = DIRECTION ( 'NONE',  ( -0.000000000000000000, 1.000000000000000000, 0.000000000000000000 ) ) ;
#1189 = CARTESIAN_POINT ( 'NONE',  ( 7.406094352496946698, -55.60445832604970917, -1.681872201890496576 ) ) ;
#1190 = EDGE_LOOP ( 'NONE', ( #558, #857, #416, #1780 ) ) ;
#1191 = ORIENTED_EDGE ( 'NONE', *, *, #1018, .F. ) ;
#1192 = LINE ( 'NONE', #1327, #1917 ) ;
#1193 = PERSON_AND_ORGANIZATION ( #1578, #38 ) ;
#1194 = LINE ( 'NONE', #1364, #1210 ) ;
#1195 = CARTESIAN_POINT ( 'NONE',  ( 11.00000000000000178, -60.49999999999999289, 3.999999999999994671 ) ) ;
#1196 = DIRECTION ( 'NONE',  ( -0.000000000000000000, -1.000000000000000000, -0.000000000000000000 ) ) ;
#1197 = EDGE_CURVE ( 'NONE', #2012, #1924, #42, .T. ) ;
#1198 = VERTEX_POINT ( 'NONE', #1706 ) ;
#1199 = EDGE_CURVE ( 'NONE', #603, #1929, #60, .T. ) ;
#1200 = ORIENTED_EDGE ( 'NONE', *, *, #1705, .T. ) ;
#1201 = DIRECTION ( 'NONE',  ( 0.3457053588273565348, 0.9383431168171101344, 0.000000000000000000 ) ) ;
#1202 = CALENDAR_DATE ( 2026, 2, 6 ) ;
#1203 = VECTOR ( 'NONE', #229, 1000.000000000000114 ) ;
#1204 = DIRECTION ( 'NONE',  ( 3.785129453194893617E-18, -0.06764133573679179112, 0.9977097021176762892 ) ) ;
#1205 = DIRECTION ( 'NONE',  ( 0.000000000000000000, 0.000000000000000000, -1.000000000000000000 ) ) ;
#1206 = EDGE_CURVE ( 'NONE', #1456, #2136, #395, .T. ) ;
#1207 = VECTOR ( 'NONE', #1084, 1000.000000000000000 ) ;
#1208 = LOCAL_TIME ( 11, 32, 19.00000000000000000, #688 ) ;
#1209 = ORIENTED_EDGE ( 'NONE', *, *, #410, .F. ) ;
#1210 = VECTOR ( 'NONE', #2035, 1000.000000000000000 ) ;
#1211 = DIRECTION ( 'NONE',  ( -1.000000000000000000, -0.000000000000000000, -0.000000000000000000 ) ) ;
#1212 = CARTESIAN_POINT ( 'NONE',  ( -12.00000000000000000, 37.14682883687269310, -0.4305074907598477885 ) ) ;
#1213 = VECTOR ( 'NONE', #1005, 1000.000000000000000 ) ;
#1214 = PLANE ( 'NONE',  #1035 ) ;
#1215 = CARTESIAN_POINT ( 'NONE',  ( -7.406094352496946698, -56.01030634047045709, 4.304386010815562713 ) ) ;
#1216 = DIRECTION ( 'NONE',  ( 1.000000000000000000, 0.000000000000000000, 0.000000000000000000 ) ) ;
#1217 = CARTESIAN_POINT ( 'NONE',  ( 6.000000000000002665, -46.99999999999999289, -4.250000000000004441 ) ) ;
#1218 = DIRECTION ( 'NONE',  ( 1.173390130490413770E-16, 0.9977097021176762892, -0.06764133573679179112 ) ) ;
#1219 = EDGE_LOOP ( 'NONE', ( #575, #794, #1288, #474, #534, #2107 ) ) ;
#1220 = ADVANCED_FACE ( 'NONE', ( #899 ), #1902, .T. ) ;
#1221 = CARTESIAN_POINT ( 'NONE',  ( -5.999999999999998224, 46.99999999999999289, -9.000000000000005329 ) ) ;
#1222 = ADVANCED_FACE ( 'NONE', ( #73 ), #1526, .T. ) ;
#1223 = CARTESIAN_POINT ( 'NONE',  ( -21.50000000000000355, 31.00000000000000711, 6.000000000000000000 ) ) ;
#1224 = LINE ( 'NONE', #561, #1009 ) ;
#1225 = DIRECTION ( 'NONE',  ( 0.000000000000000000, 0.7071067811865475727, 0.7071067811865475727 ) ) ;
#1226 = FACE_OUTER_BOUND ( 'NONE', #87, .T. ) ;
#1227 = PLANE ( 'NONE',  #975 ) ;
#1228 = CARTESIAN_POINT ( 'NONE',  ( 21.49999999999999645, -30.99999999999999289, 6.000000000000000000 ) ) ;
#1229 = ORIENTED_EDGE ( 'NONE', *, *, #302, .T. ) ;
#1230 = CARTESIAN_POINT ( 'NONE',  ( -5.999999999999997335, -60.49999999999999289, -5.250000000000004441 ) ) ;
#1231 = ORIENTED_EDGE ( 'NONE', *, *, #151, .F. ) ;
#1232 = CARTESIAN_POINT ( 'NONE',  ( -5.999999999999998224, -47.93933982822020567, -7.939339828220178141 ) ) ;
#1233 = EDGE_CURVE ( 'NONE', #1086, #499, #536, .T. ) ;
#1234 = FACE_OUTER_BOUND ( 'NONE', #123, .T. ) ;
#1235 = CARTESIAN_POINT ( 'NONE',  ( -10.99999999999999822, -52.53356377309868463, -9.000000000000005329 ) ) ;
#1236 = ORIENTED_EDGE ( 'NONE', *, *, #282, .F. ) ;
#1237 = CARTESIAN_POINT ( 'NONE',  ( -5.999999999999997335, -46.99999999999999289, -4.250000000000004441 ) ) ;
#1238 = CARTESIAN_POINT ( 'NONE',  ( -5.999999999999998224, 64.49999999999998579, -9.000000000000005329 ) ) ;
#1239 = VECTOR ( 'NONE', #1253, 1000.000000000000000 ) ;
#1240 = ORIENTED_EDGE ( 'NONE', *, *, #1721, .T. ) ;
#1241 = CC_DESIGN_SECURITY_CLASSIFICATION ( #2021, ( #1487 ) ) ;
#1242 = PLANE ( 'NONE',  #1143 ) ;
#1243 = VECTOR ( 'NONE', #1061, 1000.000000000000000 ) ;
#1244 = LINE ( 'NONE', #716, #1179 ) ;
#1245 = VECTOR ( 'NONE', #1690, 1000.000000000000114 ) ;
#1246 = DIRECTION ( 'NONE',  ( 1.119176436114069085E-16, -1.000000000000000000, 0.000000000000000000 ) ) ;
#1247 = CARTESIAN_POINT ( 'NONE',  ( -10.99999999999999822, 49.00000000000000711, -9.000000000000005329 ) ) ;
#1248 = EDGE_CURVE ( 'NONE', #183, #897, #635, .T. ) ;
#1249 = LOCAL_TIME ( 11, 32, 19.00000000000000000, #1185 ) ;
#1250 = ORIENTED_EDGE ( 'NONE', *, *, #520, .T. ) ;
#1251 = DIRECTION ( 'NONE',  ( -0.9383431168171101344, 0.3457053588273565348, 0.000000000000000000 ) ) ;
#1252 = DIRECTION ( 'NONE',  ( -1.334402673828313339E-16, 0.000000000000000000, 1.000000000000000000 ) ) ;
#1253 = DIRECTION ( 'NONE',  ( 0.000000000000000000, 0.000000000000000000, 1.000000000000000000 ) ) ;
#1254 = VECTOR ( 'NONE', #901, 1000.000000000000000 ) ;
#1255 = ORIENTED_EDGE ( 'NONE', *, *, #299, .F. ) ;
#1256 = DIRECTION ( 'NONE',  ( 2.312964634635742957E-16, 0.000000000000000000, 1.000000000000000000 ) ) ;
#1257 = ORIENTED_EDGE ( 'NONE', *, *, #1728, .F. ) ;
#1258 = CARTESIAN_POINT ( 'NONE',  ( 6.000000000000001776, 47.93933982822019146, -7.939339828220187023 ) ) ;
#1259 = CARTESIAN_POINT ( 'NONE',  ( 21.49999999999999289, 31.00000000000000711, 0.000000000000000000 ) ) ;
#1260 = DIRECTION ( 'NONE',  ( 0.000000000000000000, -0.9977097021176762892, -0.06764133573679179112 ) ) ;
#1261 = ORIENTED_EDGE ( 'NONE', *, *, #594, .T. ) ;
#1262 = DIRECTION ( 'NONE',  ( -1.000000000000000000, 0.000000000000000000, -0.000000000000000000 ) ) ;
#1263 = CARTESIAN_POINT ( 'NONE',  ( -5.999999999999996447, -48.99999999999999289, -5.250000000000004441 ) ) ;
#1264 = ADVANCED_FACE ( 'NONE', ( #2091, #1936 ), #1926, .T. ) ;
#1265 = ORIENTED_EDGE ( 'NONE', *, *, #964, .F. ) ;
#1266 = VERTEX_POINT ( 'NONE', #1128 ) ;
#1267 = CARTESIAN_POINT ( 'NONE',  ( 0.000000000000000000, 46.99999999999999289, -6.999999999999988454 ) ) ;
#1268 = CC_DESIGN_PERSON_AND_ORGANIZATION_ASSIGNMENT ( #1516, #33, ( #1395 ) ) ;
#1269 = CARTESIAN_POINT ( 'NONE',  ( -5.999999999999998224, 60.49999999999999289, -9.000000000000005329 ) ) ;
#1270 = PLANE ( 'NONE',  #841 ) ;
#1271 = CARTESIAN_POINT ( 'NONE',  ( -4.749999999999997335, 29.25000000000000000, 4.000000000000000000 ) ) ;
#1272 = CARTESIAN_POINT ( 'NONE',  ( -4.749999999999997335, 29.25000000000000000, 6.000000000000000000 ) ) ;
#1273 = ORIENTED_EDGE ( 'NONE', *, *, #747, .F. ) ;
#1274 = VERTEX_POINT ( 'NONE', #2128 ) ;
#1275 = DIRECTION ( 'NONE',  ( 1.000000000000000000, 5.595882180570345426E-17, 0.000000000000000000 ) ) ;
#1276 = DIRECTION ( 'NONE',  ( -1.000000000000000000, -0.000000000000000000, -0.000000000000000000 ) ) ;
#1277 = ORIENTED_EDGE ( 'NONE', *, *, #272, .F. ) ;
#1278 = AXIS2_PLACEMENT_3D ( 'NONE', #598, #1294, #645 ) ;
#1279 = EDGE_CURVE ( 'NONE', #1958, #603, #1960, .T. ) ;
#1280 = EDGE_LOOP ( 'NONE', ( #336, #977, #430, #2022 ) ) ;
#1281 = LINE ( 'NONE', #1118, #1660 ) ;
#1282 = VECTOR ( 'NONE', #66, 1000.000000000000000 ) ;
#1283 = DIRECTION ( 'NONE',  ( 0.4856429311786317760, 0.000000000000000000, -0.8741572761215379295 ) ) ;
#1284 = CARTESIAN_POINT ( 'NONE',  ( 0.000000000000000000, 0.000000000000000000, 4.000000000000000000 ) ) ;
#1285 = AXIS2_PLACEMENT_3D ( 'NONE', #1669, #1338, #1418 ) ;
#1286 = VERTEX_POINT ( 'NONE', #106 ) ;
#1287 = VECTOR ( 'NONE', #1050, 1000.000000000000000 ) ;
#1288 = ORIENTED_EDGE ( 'NONE', *, *, #390, .F. ) ;
#1289 = CARTESIAN_POINT ( 'NONE',  ( 4.750000000000004441, -29.25000000000000355, 6.000000000000000000 ) ) ;
#1290 = DIRECTION ( 'NONE',  ( -2.312964634635742957E-16, -0.000000000000000000, -1.000000000000000000 ) ) ;
#1291 = AXIS2_PLACEMENT_3D ( 'NONE', #370, #846, #672 ) ;
#1292 = EDGE_LOOP ( 'NONE', ( #535, #675, #1901, #1352 ) ) ;
#1293 = ORIENTED_EDGE ( 'NONE', *, *, #1784, .T. ) ;
#1294 = DIRECTION ( 'NONE',  ( -0.000000000000000000, 0.000000000000000000, 1.000000000000000000 ) ) ;
#1295 = ADVANCED_FACE ( 'NONE', ( #291 ), #1760, .T. ) ;
#1296 = DIRECTION ( 'NONE',  ( -0.000000000000000000, 1.000000000000000000, -0.000000000000000000 ) ) ;
#1297 = FACE_OUTER_BOUND ( 'NONE', #2038, .T. ) ;
#1298 = VERTEX_POINT ( 'NONE', #1599 ) ;
#1299 = DIRECTION ( 'NONE',  ( -0.000000000000000000, 1.000000000000000000, -0.000000000000000000 ) ) ;
#1300 = CARTESIAN_POINT ( 'NONE',  ( -21.50000000000000000, -30.99999999999999289, 6.000000000000000000 ) ) ;
#1301 = VERTEX_POINT ( 'NONE', #2104 ) ;
#1302 = ORIENTED_EDGE ( 'NONE', *, *, #1002, .F. ) ;
#1303 = DIRECTION ( 'NONE',  ( 0.7071067811865474617, 0.7071067811865474617, 0.000000000000000000 ) ) ;
#1304 = CARTESIAN_POINT ( 'NONE',  ( -12.00000000000000000, 37.55267685129344812, 5.555750721946211002 ) ) ;
#1305 = LINE ( 'NONE', #1636, #1045 ) ;
#1306 = DIRECTION ( 'NONE',  ( -0.000000000000000000, -0.000000000000000000, -1.000000000000000000 ) ) ;
#1307 = EDGE_CURVE ( 'NONE', #1413, #1880, #1430, .T. ) ;
#1308 = PLANE ( 'NONE',  #1848 ) ;
#1309 = CARTESIAN_POINT ( 'NONE',  ( -19.75000000000000355, -29.25000000000000355, 6.000000000000000000 ) ) ;
#1310 = EDGE_LOOP ( 'NONE', ( #1542, #1772, #254, #2126, #325, #994, #587, #848 ) ) ;
#1311 = ORIENTED_EDGE ( 'NONE', *, *, #1248, .F. ) ;
#1312 = DIRECTION ( 'NONE',  ( 0.2404800341618859583, -0.9706540852278415787, 0.000000000000000000 ) ) ;
#1313 = DIRECTION ( 'NONE',  ( 1.000000000000000000, -5.595882180570345426E-17, 0.000000000000000000 ) ) ;
#1314 = DIRECTION ( 'NONE',  ( -0.000000000000000000, 0.000000000000000000, 1.000000000000000000 ) ) ;
#1315 = VECTOR ( 'NONE', #647, 1000.000000000000000 ) ;
#1316 = EDGE_CURVE ( 'NONE', #921, #1301, #433, .T. ) ;
#1317 = DIRECTION ( 'NONE',  ( 0.9383431168171101344, 0.3457053588273565348, -0.000000000000000000 ) ) ;
#1318 = VECTOR ( 'NONE', #888, 1000.000000000000000 ) ;
#1319 = PLANE ( 'NONE',  #1562 ) ;
#1320 = EDGE_CURVE ( 'NONE', #603, #570, #456, .T. ) ;
#1321 = VERTEX_POINT ( 'NONE', #467 ) ;
#1322 = VECTOR ( 'NONE', #1916, 1000.000000000000000 ) ;
#1323 = VERTEX_POINT ( 'NONE', #267 ) ;
#1324 = CARTESIAN_POINT ( 'NONE',  ( -21.50000000000000000, 60.49999999999999289, 3.999999999999994671 ) ) ;
#1325 = EDGE_CURVE ( 'NONE', #1856, #2103, #1798, .T. ) ;
#1326 = ORIENTED_EDGE ( 'NONE', *, *, #1320, .F. ) ;
#1327 = CARTESIAN_POINT ( 'NONE',  ( -21.50000000000000000, 60.49999999999999289, -5.419062086227038194E-15 ) ) ;
#1328 = DATE_TIME_ROLE ( 'classification_date' ) ;
#1329 = DIRECTION ( 'NONE',  ( -0.000000000000000000, 1.000000000000000000, -0.000000000000000000 ) ) ;
#1330 = DIRECTION ( 'NONE',  ( 1.000000000000000000, 0.000000000000000000, 0.000000000000000000 ) ) ;
#1331 = ORIENTED_EDGE ( 'NONE', *, *, #820, .F. ) ;
#1332 = EDGE_CURVE ( 'NONE', #280, #286, #303, .T. ) ;
#1333 = ORIENTED_EDGE ( 'NONE', *, *, #1954, .F. ) ;
#1334 = LINE ( 'NONE', #1472, #1449 ) ;
#1335 = EDGE_LOOP ( 'NONE', ( #1714, #995, #260, #2096 ) ) ;
#1336 = DIRECTION ( 'NONE',  ( 0.000000000000000000, -1.000000000000000000, 0.000000000000000000 ) ) ;
#1337 = EDGE_CURVE ( 'NONE', #2103, #366, #759, .T. ) ;
#1338 = DIRECTION ( 'NONE',  ( 2.884584070788933267E-16, 0.9977097021176765113, -0.06764133573679180500 ) ) ;
#1339 = DIRECTION ( 'NONE',  ( -0.000000000000000000, -0.000000000000000000, 1.000000000000000000 ) ) ;
#1340 = DIRECTION ( 'NONE',  ( 2.312964634635742957E-16, 0.000000000000000000, 1.000000000000000000 ) ) ;
#1341 = VERTEX_POINT ( 'NONE', #1258 ) ;
#1342 = ADVANCED_FACE ( 'NONE', ( #1105 ), #257, .F. ) ;
#1343 = DIRECTION ( 'NONE',  ( -0.7071067811865475727, 0.7071067811865474617, -0.000000000000000000 ) ) ;
#1344 = ORIENTED_EDGE ( 'NONE', *, *, #365, .F. ) ;
#1345 = DIRECTION ( 'NONE',  ( 1.186135710069611665E-16, -1.000000000000000000, 0.000000000000000000 ) ) ;
#1346 = VECTOR ( 'NONE', #555, 1000.000000000000000 ) ;
#1347 = APPROVAL_ROLE ( '' ) ;
#1348 = DIRECTION ( 'NONE',  ( -0.3450079303948194176, 0.9364500967859379355, 0.06348814215497899927 ) ) ;
#1349 = CARTESIAN_POINT ( 'NONE',  ( 19.75000000000000000, 14.24999999999999822, 4.000000000000000000 ) ) ;
#1350 = VECTOR ( 'NONE', #431, 1000.000000000000000 ) ;
#1351 = EDGE_LOOP ( 'NONE', ( #1643, #348, #932, #1445, #816, #285 ) ) ;
#1352 = ORIENTED_EDGE ( 'NONE', *, *, #1491, .T. ) ;
#1353 = DIRECTION ( 'NONE',  ( 0.2404800341618860693, -0.9706540852278415787, 0.000000000000000000 ) ) ;
#1354 = PERSON_AND_ORGANIZATION_ROLE ( 'design_owner' ) ;
#1355 = EDGE_CURVE ( 'NONE', #1615, #778, #609, .T. ) ;
#1356 = VECTOR ( 'NONE', #2130, 1000.000000000000000 ) ;
#1357 = APPROVAL ( #1996, 'UNSPECIFIED' ) ;
#1358 = CARTESIAN_POINT ( 'NONE',  ( 6.000000000000001776, -46.99999999999999289, -9.000000000000005329 ) ) ;
#1359 = CARTESIAN_POINT ( 'NONE',  ( -7.406094352496946698, 56.01030634047045709, 4.304386010815562713 ) ) ;
#1360 = APPLICATION_CONTEXT ( 'configuration controlled 3d designs of mechanical parts and assemblies' ) ;
#1361 = ORIENTED_EDGE ( 'NONE', *, *, #1248, .T. ) ;
#1362 = VERTEX_POINT ( 'NONE', #786 ) ;
#1363 = DIRECTION ( 'NONE',  ( 0.2410000412190771713, 0.9683023137656111556, -0.06564761449258400827 ) ) ;
#1364 = CARTESIAN_POINT ( 'NONE',  ( 21.49999999999999289, 31.00000000000000711, 6.000000000000000000 ) ) ;
#1365 = PLANE ( 'NONE',  #1291 ) ;
#1366 = EDGE_CURVE ( 'NONE', #1411, #1899, #1441, .T. ) ;
#1367 = ORIENTED_EDGE ( 'NONE', *, *, #1932, .F. ) ;
#1368 = ORIENTED_EDGE ( 'NONE', *, *, #1332, .F. ) ;
#1369 = LINE ( 'NONE', #1735, #1287 ) ;
#1370 = DIRECTION ( 'NONE',  ( 0.000000000000000000, 0.000000000000000000, 1.000000000000000000 ) ) ;
#1371 = VECTOR ( 'NONE', #169, 1000.000000000000341 ) ;
#1372 = LINE ( 'NONE', #2043, #764 ) ;
#1373 = DIRECTION ( 'NONE',  ( 0.2404800341618860693, 0.9706540852278415787, 0.000000000000000000 ) ) ;
#1374 = EDGE_CURVE ( 'NONE', #1765, #510, #1281, .T. ) ;
#1375 = CARTESIAN_POINT ( 'NONE',  ( -29.31097560975610250, 10.79878048780488520, 10.00000000000000000 ) ) ;
#1376 = DIRECTION ( 'NONE',  ( -5.203038332213747118E-17, -0.9743700647852361341, -0.2249510543438614785 ) ) ;
#1377 = CARTESIAN_POINT ( 'NONE',  ( -5.999999999999998224, 46.99999999999999289, -9.000000000000005329 ) ) ;
#1378 = VECTOR ( 'NONE', #605, 1000.000000000000000 ) ;
#1379 = EDGE_CURVE ( 'NONE', #1614, #1978, #959, .T. ) ;
#1380 = ORIENTED_EDGE ( 'NONE', *, *, #2000, .F. ) ;
#1381 = VECTOR ( 'NONE', #878, 1000.000000000000000 ) ;
#1382 = CARTESIAN_POINT ( 'NONE',  ( -19.74999999999999645, 29.25000000000000000, 4.000000000000000000 ) ) ;
#1383 = DIRECTION ( 'NONE',  ( -0.000000000000000000, -0.000000000000000000, 1.000000000000000000 ) ) ;
#1384 = VECTOR ( 'NONE', #460, 1000.000000000000000 ) ;
#1385 = LINE ( 'NONE', #421, #65 ) ;
#1386 = CARTESIAN_POINT ( 'NONE',  ( 11.00000000000000000, 60.49999999999999289, 3.999999999999995559 ) ) ;
#1387 = LINE ( 'NONE', #1539, #727 ) ;
#1388 = FACE_OUTER_BOUND ( 'NONE', #29, .T. ) ;
#1389 = LINE ( 'NONE', #1742, #1137 ) ;
#1390 = VERTEX_POINT ( 'NONE', #129 ) ;
#1391 = EDGE_CURVE ( 'NONE', #264, #1763, #357, .T. ) ;
#1392 = DIRECTION ( 'NONE',  ( -1.334402673828313339E-16, 0.000000000000000000, 1.000000000000000000 ) ) ;
#1393 = CARTESIAN_POINT ( 'NONE',  ( 0.000000000000000000, 0.000000000000000000, -4.250000000000004441 ) ) ;
#1394 = DIRECTION ( 'NONE',  ( 1.000000000000000000, -0.000000000000000000, -0.000000000000000000 ) ) ;
#1395 = PRODUCT_DEFINITION ( 'UNKNOWN', '', #1487, #1047 ) ;
#1396 = LINE ( 'NONE', #573, #1322 ) ;
#1397 = DIRECTION ( 'NONE',  ( 0.4856429311786317760, 0.000000000000000000, -0.8741572761215379295 ) ) ;
#1398 = CARTESIAN_POINT ( 'NONE',  ( 6.000000000000001776, 48.00000000000000000, -7.999999999999996447 ) ) ;
#1399 = LINE ( 'NONE', #2072, #1837 ) ;
#1400 = ORIENTED_EDGE ( 'NONE', *, *, #798, .F. ) ;
#1401 = EDGE_CURVE ( 'NONE', #818, #1939, #498, .T. ) ;
#1402 = ORIENTED_EDGE ( 'NONE', *, *, #877, .F. ) ;
#1403 = CARTESIAN_POINT ( 'NONE',  ( 29.31097560975608474, 10.79878048780487099, 10.00000000000000000 ) ) ;
#1404 = CARTESIAN_POINT ( 'NONE',  ( 0.000000000000000000, 60.49999999999999289, 0.000000000000000000 ) ) ;
#1405 = CARTESIAN_POINT ( 'NONE',  ( -21.50000000000000000, -30.99999999999999645, 6.000000000000000000 ) ) ;
#1406 = DIRECTION ( 'NONE',  ( -0.000000000000000000, -0.000000000000000000, -1.000000000000000000 ) ) ;
#1407 = EDGE_LOOP ( 'NONE', ( #197, #22, #1661, #1333 ) ) ;
#1408 = CARTESIAN_POINT ( 'NONE',  ( 11.00000000000000178, -60.49999999999999289, 10.00000000000000000 ) ) ;
#1409 = CARTESIAN_POINT ( 'NONE',  ( 19.75000000000000355, 29.25000000000000000, 4.000000000000000000 ) ) ;
#1410 = AXIS2_PLACEMENT_3D ( 'NONE', #1054, #1437, #1889 ) ;
#1411 = VERTEX_POINT ( 'NONE', #1021 ) ;
#1412 =( GEOMETRIC_REPRESENTATION_CONTEXT ( 3 ) GLOBAL_UNCERTAINTY_ASSIGNED_CONTEXT ( ( #2054 ) ) GLOBAL_UNIT_ASSIGNED_CONTEXT ( ( #1443, #1952, #2131 ) ) REPRESENTATION_CONTEXT ( 'NONE', 'WORKASPACE' ) );
#1413 = VERTEX_POINT ( 'NONE', #1149 ) ;
#1414 = ORIENTED_EDGE ( 'NONE', *, *, #562, .F. ) ;
#1415 = AXIS2_PLACEMENT_3D ( 'NONE', #1358, #185, #2028 ) ;
#1416 = CARTESIAN_POINT ( 'NONE',  ( 19.74999999999999645, -29.25000000000000355, 6.000000000000000000 ) ) ;
#1417 = AXIS2_PLACEMENT_3D ( 'NONE', #1247, #1225, #600 ) ;
#1418 = DIRECTION ( 'NONE',  ( 0.000000000000000000, 0.06764133573679179112, 0.9977097021176762892 ) ) ;
#1419 = CARTESIAN_POINT ( 'NONE',  ( -21.50000000000000000, -30.99999999999999645, 6.000000000000000000 ) ) ;
#1420 = ADVANCED_FACE ( 'NONE', ( #1981 ), #1839, .T. ) ;
#1421 = ORIENTED_EDGE ( 'NONE', *, *, #506, .F. ) ;
#1422 = CARTESIAN_POINT ( 'NONE',  ( 19.75000000000000355, 29.25000000000000000, 6.000000000000000000 ) ) ;
#1423 = ORIENTED_EDGE ( 'NONE', *, *, #1320, .T. ) ;
#1424 = CARTESIAN_POINT ( 'NONE',  ( 11.00000000000000000, 64.49999999999998579, 3.999999999999995559 ) ) ;
#1425 = DIRECTION ( 'NONE',  ( 0.9705251053591572585, -0.2404480793350331769, -0.01630156470068026137 ) ) ;
#1426 = AXIS2_PLACEMENT_3D ( 'NONE', #528, #1162, #687 ) ;
#1427 = ORIENTED_EDGE ( 'NONE', *, *, #1551, .T. ) ;
#1428 = ADVANCED_FACE ( 'NONE', ( #989 ), #656, .F. ) ;
#1429 = ORIENTED_EDGE ( 'NONE', *, *, #1681, .T. ) ;
#1430 = LINE ( 'NONE', #142, #2078 ) ;
#1431 = DIRECTION ( 'NONE',  ( 0.2410000412190770602, -0.9683023137656111556, 0.06564761449258398052 ) ) ;
#1432 = CARTESIAN_POINT ( 'NONE',  ( 11.00000000000000000, -64.49999999999998579, 3.999999999999995559 ) ) ;
#1433 = VERTEX_POINT ( 'NONE', #1541 ) ;
#1434 = ORIENTED_EDGE ( 'NONE', *, *, #2000, .T. ) ;
#1435 = EDGE_CURVE ( 'NONE', #836, #2012, #2002, .T. ) ;
#1436 = CARTESIAN_POINT ( 'NONE',  ( -7.406094352496946698, 55.60445832604970917, -1.681872201890496576 ) ) ;
#1437 = DIRECTION ( 'NONE',  ( 0.8741572761215379295, 0.000000000000000000, 0.4856429311786318315 ) ) ;
#1438 = EDGE_LOOP ( 'NONE', ( #1674, #12, #1111 ) ) ;
#1439 = DIRECTION ( 'NONE',  ( -0.4856429311786317760, 0.000000000000000000, 0.8741572761215378184 ) ) ;
#1440 = ORIENTED_EDGE ( 'NONE', *, *, #181, .T. ) ;
#1441 = LINE ( 'NONE', #1452, #579 ) ;
#1442 = CARTESIAN_POINT ( 'NONE',  ( 0.000000000000000000, 0.000000000000000000, 0.000000000000000000 ) ) ;
#1443 =( LENGTH_UNIT ( ) NAMED_UNIT ( * ) SI_UNIT ( .MILLI., .METRE. ) );
#1444 = VERTEX_POINT ( 'NONE', #314 ) ;
#1445 = ORIENTED_EDGE ( 'NONE', *, *, #1374, .F. ) ;
#1446 = FACE_OUTER_BOUND ( 'NONE', #141, .T. ) ;
#1447 = LINE ( 'NONE', #451, #2088 ) ;
#1448 = ORIENTED_EDGE ( 'NONE', *, *, #19, .T. ) ;
#1449 = VECTOR ( 'NONE', #840, 1000.000000000000000 ) ;
#1450 = EDGE_CURVE ( 'NONE', #745, #173, #1684, .T. ) ;
#1451 = ORIENTED_EDGE ( 'NONE', *, *, #299, .T. ) ;
#1452 = CARTESIAN_POINT ( 'NONE',  ( 4.750000000000004441, 29.25000000000000000, 4.000000000000000000 ) ) ;
#1453 = VECTOR ( 'NONE', #1053, 1000.000000000000227 ) ;
#1454 = LINE ( 'NONE', #304, #1461 ) ;
#1455 = EDGE_CURVE ( 'NONE', #1274, #1994, #159, .T. ) ;
#1456 = VERTEX_POINT ( 'NONE', #1011 ) ;
#1457 = DIRECTION ( 'NONE',  ( -0.3457053588273564793, 0.9383431168171100234, 0.000000000000000000 ) ) ;
#1458 = DIRECTION ( 'NONE',  ( 1.000000000000000000, -2.312964634635743450E-16, 0.000000000000000000 ) ) ;
#1459 = AXIS2_PLACEMENT_3D ( 'NONE', #1867, #861, #1849 ) ;
#1460 = EDGE_LOOP ( 'NONE', ( #1073, #1923, #595, #1648, #1462, #918 ) ) ;
#1461 = VECTOR ( 'NONE', #971, 1000.000000000000000 ) ;
#1462 = ORIENTED_EDGE ( 'NONE', *, *, #1851, .F. ) ;
#1463 = EDGE_CURVE ( 'NONE', #1880, #765, #819, .T. ) ;
#1464 = DIRECTION ( 'NONE',  ( 0.7071067811865475727, -0.7071067811865475727, 0.000000000000000000 ) ) ;
#1465 = CARTESIAN_POINT ( 'NONE',  ( -5.999999999999996447, -48.99999999999999289, -4.250000000000004441 ) ) ;
#1466 = DIRECTION ( 'NONE',  ( -2.312964634635742957E-16, -0.000000000000000000, -1.000000000000000000 ) ) ;
#1467 = CARTESIAN_POINT ( 'NONE',  ( -21.50000000000000000, 30.99999999999999645, 6.000000000000000000 ) ) ;
#1468 = CARTESIAN_POINT ( 'NONE',  ( 2.238352872228138170E-16, 64.49999999999998579, 0.000000000000000000 ) ) ;
#1469 = ORIENTED_EDGE ( 'NONE', *, *, #1934, .T. ) ;
#1470 = CARTESIAN_POINT ( 'NONE',  ( -19.74999999999999645, 29.25000000000000000, 4.000000000000000000 ) ) ;
#1471 = VERTEX_POINT ( 'NONE', #1168 ) ;
#1472 = CARTESIAN_POINT ( 'NONE',  ( 19.75000000000000355, 29.25000000000000000, 4.000000000000000000 ) ) ;
#1473 = EDGE_CURVE ( 'NONE', #510, #1992, #2049, .T. ) ;
#1474 = LINE ( 'NONE', #1304, #312 ) ;
#1475 = CARTESIAN_POINT ( 'NONE',  ( 19.74999999999999645, 29.25000000000000355, 6.000000000000000000 ) ) ;
#1476 = CARTESIAN_POINT ( 'NONE',  ( 6.000000000000001776, -46.99999999999999289, -9.000000000000005329 ) ) ;
#1477 = LINE ( 'NONE', #2153, #628 ) ;
#1478 = LINE ( 'NONE', #1617, #869 ) ;
#1479 = ORIENTED_EDGE ( 'NONE', *, *, #181, .F. ) ;
#1480 = EDGE_CURVE ( 'NONE', #1664, #745, #182, .T. ) ;
#1481 = AXIS2_PLACEMENT_3D ( 'NONE', #1909, #77, #744 ) ;
#1482 = ORIENTED_EDGE ( 'NONE', *, *, #1716, .T. ) ;
#1483 = CARTESIAN_POINT ( 'NONE',  ( 8.405660377358490365, -60.49999999999998579, -4.669811320754715389 ) ) ;
#1484 = ORIENTED_EDGE ( 'NONE', *, *, #1169, .T. ) ;
#1485 = LINE ( 'NONE', #23, #209 ) ;
#1486 = VECTOR ( 'NONE', #576, 1000.000000000000000 ) ;
#1487 = PRODUCT_DEFINITION_FORMATION_WITH_SPECIFIED_SOURCE ( 'ANY', '', #1634, .NOT_KNOWN. ) ;
#1488 = CARTESIAN_POINT ( 'NONE',  ( -19.75000000000000355, -29.25000000000000355, 4.000000000000000000 ) ) ;
#1489 = VECTOR ( 'NONE', #297, 1000.000000000000341 ) ;
#1490 = DIRECTION ( 'NONE',  ( 1.000000000000000000, 0.000000000000000000, 0.000000000000000000 ) ) ;
#1491 = EDGE_CURVE ( 'NONE', #211, #745, #849, .T. ) ;
#1492 = AXIS2_PLACEMENT_3D ( 'NONE', #1223, #213, #876 ) ;
#1493 = ORIENTED_EDGE ( 'NONE', *, *, #1316, .F. ) ;
#1494 = VECTOR ( 'NONE', #1306, 1000.000000000000000 ) ;
#1495 = ORIENTED_EDGE ( 'NONE', *, *, #1337, .F. ) ;
#1496 = EDGE_CURVE ( 'NONE', #289, #1892, #828, .T. ) ;
#1497 = CARTESIAN_POINT ( 'NONE',  ( 6.000000000000001776, 60.49999999999999289, -9.000000000000005329 ) ) ;
#1498 = EDGE_LOOP ( 'NONE', ( #1846, #527, #505, #1712 ) ) ;
#1499 = CARTESIAN_POINT ( 'NONE',  ( 19.75000000000000355, 29.25000000000000000, 4.000000000000000000 ) ) ;
#1500 = ORIENTED_EDGE ( 'NONE', *, *, #618, .F. ) ;
#1501 = FACE_OUTER_BOUND ( 'NONE', #290, .T. ) ;
#1502 = DIRECTION ( 'NONE',  ( 0.4856429311786317760, 0.000000000000000000, -0.8741572761215379295 ) ) ;
#1503 = EDGE_CURVE ( 'NONE', #1122, #1433, #326, .T. ) ;
#1504 = ORIENTED_EDGE ( 'NONE', *, *, #396, .F. ) ;
#1505 = CARTESIAN_POINT ( 'NONE',  ( -19.75000000000000000, -14.25000000000000533, 4.000000000000000000 ) ) ;
#1506 = EDGE_LOOP ( 'NONE', ( #779, #1161, #753, #103 ) ) ;
#1507 = LINE ( 'NONE', #1014, #40 ) ;
#1508 = PERSON_AND_ORGANIZATION ( #1578, #38 ) ;
#1509 = CARTESIAN_POINT ( 'NONE',  ( -5.999999999999997335, 48.99999999999999289, -5.250000000000004441 ) ) ;
#1510 = LINE ( 'NONE', #378, #1986 ) ;
#1511 = EDGE_LOOP ( 'NONE', ( #996, #1180, #1970, #149 ) ) ;
#1512 = EDGE_CURVE ( 'NONE', #850, #1286, #1831, .T. ) ;
#1513 = ORIENTED_EDGE ( 'NONE', *, *, #844, .F. ) ;
#1514 = DIRECTION ( 'NONE',  ( -1.000000000000000000, -5.595882180570345426E-17, 0.000000000000000000 ) ) ;
#1515 = VECTOR ( 'NONE', #917, 1000.000000000000227 ) ;
#1516 = PERSON_AND_ORGANIZATION ( #1578, #38 ) ;
#1517 = PLANE ( 'NONE',  #1947 ) ;
#1518 = ADVANCED_FACE ( 'NONE', ( #997 ), #152, .F. ) ;
#1519 = LINE ( 'NONE', #37, #315 ) ;
#1520 = VECTOR ( 'NONE', #1196, 1000.000000000000000 ) ;
#1521 = AXIS2_PLACEMENT_3D ( 'NONE', #1405, #224, #1260 ) ;
#1522 = VECTOR ( 'NONE', #81, 1000.000000000000000 ) ;
#1523 = ORIENTED_EDGE ( 'NONE', *, *, #1048, .T. ) ;
#1524 = EDGE_CURVE ( 'NONE', #1323, #1411, #1334, .T. ) ;
#1525 = VERTEX_POINT ( 'NONE', #1993 ) ;
#1526 = PLANE ( 'NONE',  #1862 ) ;
#1527 = PERSON_AND_ORGANIZATION ( #1578, #38 ) ;
#1528 = VECTOR ( 'NONE', #1336, 1000.000000000000000 ) ;
#1529 = FACE_OUTER_BOUND ( 'NONE', #1609, .T. ) ;
#1530 = CARTESIAN_POINT ( 'NONE',  ( 16.70625742331048258, 45.01158699387153206, 5.050061898720572096 ) ) ;
#1531 = ORIENTED_EDGE ( 'NONE', *, *, #998, .F. ) ;
#1532 = FACE_OUTER_BOUND ( 'NONE', #508, .T. ) ;
#1533 = ORIENTED_EDGE ( 'NONE', *, *, #124, .T. ) ;
#1534 = CARTESIAN_POINT ( 'NONE',  ( 1.074835122103593864E-14, 37.17601578539878915, 0.000000000000000000 ) ) ;
#1535 = EDGE_CURVE ( 'NONE', #947, #70, #14, .T. ) ;
#1536 = PLANE ( 'NONE',  #376 ) ;
#1537 = PLANE ( 'NONE',  #7 ) ;
#1538 = EDGE_CURVE ( 'NONE', #864, #1994, #1755, .T. ) ;
#1539 = CARTESIAN_POINT ( 'NONE',  ( -5.999999999999996447, 48.99999999999999289, -4.250000000000004441 ) ) ;
#1540 = DIRECTION ( 'NONE',  ( 1.000000000000000000, 0.000000000000000000, 0.000000000000000000 ) ) ;
#1541 = CARTESIAN_POINT ( 'NONE',  ( 6.000000000000001776, -52.53356377309868463, -9.000000000000005329 ) ) ;
#1542 = ORIENTED_EDGE ( 'NONE', *, *, #957, .T. ) ;
#1543 = ADVANCED_FACE ( 'NONE', ( #401 ), #590, .T. ) ;
#1544 = PLANE ( 'NONE',  #761 ) ;
#1545 = LINE ( 'NONE', #1038, #2050 ) ;
#1546 = CARTESIAN_POINT ( 'NONE',  ( -21.50000000000000000, -31.99999999999998579, 0.000000000000000000 ) ) ;
#1547 = VECTOR ( 'NONE', #119, 1000.000000000000000 ) ;
#1548 = CARTESIAN_POINT ( 'NONE',  ( 0.000000000000000000, 0.000000000000000000, 6.000000000000000000 ) ) ;
#1549 = FACE_OUTER_BOUND ( 'NONE', #1190, .T. ) ;
#1550 = CARTESIAN_POINT ( 'NONE',  ( 6.000000000000002665, -46.99999999999999289, -5.250000000000004441 ) ) ;
#1551 = EDGE_CURVE ( 'NONE', #510, #2089, #2110, .T. ) ;
#1552 = CARTESIAN_POINT ( 'NONE',  ( 6.000000000000002665, 46.99999999999999289, -5.250000000000004441 ) ) ;
#1553 = CARTESIAN_POINT ( 'NONE',  ( -5.999999999999996447, 48.99999999999999289, -5.250000000000004441 ) ) ;
#1554 = AXIS2_PLACEMENT_3D ( 'NONE', #155, #1317, #1457 ) ;
#1555 = EDGE_LOOP ( 'NONE', ( #1157, #999, #1495, #631 ) ) ;
#1556 = VECTOR ( 'NONE', #1329, 1000.000000000000000 ) ;
#1557 = VECTOR ( 'NONE', #2057, 1000.000000000000341 ) ;
#1558 = APPROVAL ( #1842, 'UNSPECIFIED' ) ;
#1559 = PLANE ( 'NONE',  #1698 ) ;
#1560 = ORIENTED_EDGE ( 'NONE', *, *, #594, .F. ) ;
#1561 = DIRECTION ( 'NONE',  ( 1.000000000000000000, 0.000000000000000000, 0.000000000000000000 ) ) ;
#1562 = AXIS2_PLACEMENT_3D ( 'NONE', #1988, #1943, #1794 ) ;
#1563 = CARTESIAN_POINT ( 'NONE',  ( 12.00000000000000000, 37.55267685129344102, 5.555750721946211002 ) ) ;
#1564 = DIRECTION ( 'NONE',  ( 1.000000000000000000, 0.000000000000000000, 0.000000000000000000 ) ) ;
#1565 = VECTOR ( 'NONE', #622, 1000.000000000000114 ) ;
#1566 = DIRECTION ( 'NONE',  ( -0.000000000000000000, -1.000000000000000000, -0.000000000000000000 ) ) ;
#1567 = CARTESIAN_POINT ( 'NONE',  ( 6.000000000000001776, 46.99999999999999289, -9.000000000000005329 ) ) ;
#1568 = CARTESIAN_POINT ( 'NONE',  ( -5.999999999999996447, 48.99999999999999289, -4.250000000000004441 ) ) ;
#1569 = ADVANCED_FACE ( 'NONE', ( #781 ), #734, .T. ) ;
#1570 = ORIENTED_EDGE ( 'NONE', *, *, #231, .T. ) ;
#1571 = DIRECTION ( 'NONE',  ( 0.000000000000000000, 1.000000000000000000, 0.000000000000000000 ) ) ;
#1572 = VECTOR ( 'NONE', #1747, 1000.000000000000000 ) ;
#1573 = PLANE ( 'NONE',  #1070 ) ;
#1574 = CARTESIAN_POINT ( 'NONE',  ( -21.50000000000000355, 31.00000000000000711, 6.000000000000000000 ) ) ;
#1575 = PLANE ( 'NONE',  #1879 ) ;
#1576 = CARTESIAN_POINT ( 'NONE',  ( 19.74999999999999645, -29.25000000000000355, 6.000000000000000000 ) ) ;
#1577 = ORIENTED_EDGE ( 'NONE', *, *, #1089, .F. ) ;
#1578 = PERSON ( 'UNSPECIFIED', 'UNSPECIFIED', 'UNSPECIFIED', ('UNSPECIFIED'), ('UNSPECIFIED'), ('UNSPECIFIED') ) ;
#1579 = LINE ( 'NONE', #1754, #1453 ) ;
#1580 = LINE ( 'NONE', #1553, #541 ) ;
#1581 = ORIENTED_EDGE ( 'NONE', *, *, #1042, .F. ) ;
#1582 = CARTESIAN_POINT ( 'NONE',  ( -5.999999999999998224, -60.49999999999999289, -9.000000000000005329 ) ) ;
#1583 = ORIENTED_EDGE ( 'NONE', *, *, #1538, .F. ) ;
#1584 = EDGE_CURVE ( 'NONE', #1266, #2103, #577, .T. ) ;
#1585 = CARTESIAN_POINT ( 'NONE',  ( -11.00000000000000000, -64.49999999999998579, 3.999999999999995559 ) ) ;
#1586 = PRODUCT_RELATED_PRODUCT_CATEGORY ( 'detail', '', ( #1634 ) ) ;
#1587 = LINE ( 'NONE', #717, #729 ) ;
#1588 = CARTESIAN_POINT ( 'NONE',  ( -12.00000000000000000, -37.17601578539879625, 0.000000000000000000 ) ) ;
#1589 = EDGE_LOOP ( 'NONE', ( #679, #1863, #940, #1513 ) ) ;
#1590 = DIRECTION ( 'NONE',  ( -1.635512977795593411E-16, -0.7071067811865500152, -0.7071067811865451302 ) ) ;
#1591 = EDGE_CURVE ( 'NONE', #827, #1765, #1399, .T. ) ;
#1592 = ORIENTED_EDGE ( 'NONE', *, *, #1186, .F. ) ;
#1593 = DIRECTION ( 'NONE',  ( 0.000000000000000000, 0.000000000000000000, 1.000000000000000000 ) ) ;
#1594 = DIRECTION ( 'NONE',  ( -1.000000000000000000, 0.000000000000000000, 0.000000000000000000 ) ) ;
#1595 = ORIENTED_EDGE ( 'NONE', *, *, #434, .T. ) ;
#1596 = VECTOR ( 'NONE', #1397, 1000.000000000000000 ) ;
#1597 = ORIENTED_EDGE ( 'NONE', *, *, #1685, .F. ) ;
#1598 = AXIS2_PLACEMENT_3D ( 'NONE', #530, #339, #871 ) ;
#1599 = CARTESIAN_POINT ( 'NONE',  ( -5.999999999999996447, 48.99999999999999289, -4.250000000000004441 ) ) ;
#1600 = ADVANCED_FACE ( 'NONE', ( #100 ), #1076, .T. ) ;
#1601 = AXIS2_PLACEMENT_3D ( 'NONE', #422, #1737, #52 ) ;
#1602 = CARTESIAN_POINT ( 'NONE',  ( 19.74999999999999645, -14.25000000000000533, 6.000000000000000000 ) ) ;
#1603 = PLANE ( 'NONE',  #1640 ) ;
#1604 = APPROVAL_PERSON_ORGANIZATION ( #1193, #1357, #1688 ) ;
#1605 = ORIENTED_EDGE ( 'NONE', *, *, #44, .T. ) ;
#1606 = ORIENTED_EDGE ( 'NONE', *, *, #673, .F. ) ;
#1607 = LINE ( 'NONE', #2142, #2127 ) ;
#1608 = DIRECTION ( 'NONE',  ( 0.2404800341618859583, 0.9706540852278415787, 0.000000000000000000 ) ) ;
#1609 = EDGE_LOOP ( 'NONE', ( #1911, #353, #344, #1832 ) ) ;
#1610 = ORIENTED_EDGE ( 'NONE', *, *, #616, .F. ) ;
#1611 = CARTESIAN_POINT ( 'NONE',  ( -8.405660377358492141, -64.49999999999998579, -4.669811320754713613 ) ) ;
#1612 = CARTESIAN_POINT ( 'NONE',  ( -19.74999999999999645, -29.25000000000000000, 6.000000000000000000 ) ) ;
#1613 = EDGE_CURVE ( 'NONE', #1880, #1890, #2061, .T. ) ;
#1614 = VERTEX_POINT ( 'NONE', #1238 ) ;
#1615 = VERTEX_POINT ( 'NONE', #1099 ) ;
#1616 = LINE ( 'NONE', #2133, #900 ) ;
#1617 = CARTESIAN_POINT ( 'NONE',  ( 6.000000000000001776, -60.49999999999998579, -9.000000000000005329 ) ) ;
#1618 = ADVANCED_FACE ( 'NONE', ( #606 ), #415, .F. ) ;
#1619 = ORIENTED_EDGE ( 'NONE', *, *, #1159, .F. ) ;
#1620 = ORIENTED_EDGE ( 'NONE', *, *, #1912, .T. ) ;
#1621 = EDGE_CURVE ( 'NONE', #1323, #526, #2085, .T. ) ;
#1622 = DIRECTION ( 'NONE',  ( 1.000000000000000000, 0.000000000000000000, 0.000000000000000000 ) ) ;
#1623 = FACE_OUTER_BOUND ( 'NONE', #333, .T. ) ;
#1624 = LINE ( 'NONE', #1432, #1384 ) ;
#1625 = ORIENTED_EDGE ( 'NONE', *, *, #1934, .F. ) ;
#1626 = VERTEX_POINT ( 'NONE', #1263 ) ;
#1627 = PLANE ( 'NONE',  #1878 ) ;
#1628 = PLANE ( 'NONE',  #1777 ) ;
#1629 = EDGE_CURVE ( 'NONE', #406, #1362, #2100, .T. ) ;
#1630 = EDGE_LOOP ( 'NONE', ( #663, #136, #1117, #613 ) ) ;
#1631 = VECTOR ( 'NONE', #507, 1000.000000000000000 ) ;
#1632 = ORIENTED_EDGE ( 'NONE', *, *, #1002, .T. ) ;
#1633 = DIRECTION ( 'NONE',  ( 0.000000000000000000, 0.000000000000000000, 1.000000000000000000 ) ) ;
#1634 = PRODUCT ( 'fix2_jetson', 'fix2_jetson', '', ( #1173 ) ) ;
#1635 = VECTOR ( 'NONE', #1667, 1000.000000000000000 ) ;
#1636 = CARTESIAN_POINT ( 'NONE',  ( 12.00000000000000000, -37.55267685129344102, 5.555750721946211002 ) ) ;
#1637 = EDGE_LOOP ( 'NONE', ( #133, #1791, #625, #693 ) ) ;
#1638 = DIRECTION ( 'NONE',  ( 0.000000000000000000, 0.9977097021176762892, -0.06764133573679179112 ) ) ;
#1639 = CARTESIAN_POINT ( 'NONE',  ( -21.50000000000000000, 32.00000000000000000, 5.932203389830508655 ) ) ;
#1640 = AXIS2_PLACEMENT_3D ( 'NONE', #469, #1152, #1140 ) ;
#1641 = ORIENTED_EDGE ( 'NONE', *, *, #1450, .T. ) ;
#1642 = VECTOR ( 'NONE', #1296, 1000.000000000000000 ) ;
#1643 = ORIENTED_EDGE ( 'NONE', *, *, #390, .T. ) ;
#1644 = DIRECTION ( 'NONE',  ( -1.000000000000000000, 0.000000000000000000, -0.000000000000000000 ) ) ;
#1645 = LINE ( 'NONE', #284, #246 ) ;
#1646 = LINE ( 'NONE', #1131, #1773 ) ;
#1647 = CARTESIAN_POINT ( 'NONE',  ( 11.99999999999999645, -37.55267685129344812, 5.555750721946206561 ) ) ;
#1648 = ORIENTED_EDGE ( 'NONE', *, *, #1771, .T. ) ;
#1649 = ORIENTED_EDGE ( 'NONE', *, *, #542, .F. ) ;
#1650 = VECTOR ( 'NONE', #1081, 1000.000000000000000 ) ;
#1651 = DIRECTION ( 'NONE',  ( 0.2404800341618859583, 0.9706540852278415787, 0.000000000000000000 ) ) ;
#1652 = EDGE_CURVE ( 'NONE', #1751, #864, #1389, .T. ) ;
#1653 = LINE ( 'NONE', #1984, #908 ) ;
#1654 = SHAPE_DEFINITION_REPRESENTATION ( #648, #1843 ) ;
#1655 = FACE_OUTER_BOUND ( 'NONE', #212, .T. ) ;
#1656 = LINE ( 'NONE', #1300, #632 ) ;
#1657 = ADVANCED_FACE ( 'NONE', ( #1922 ), #1898, .F. ) ;
#1658 = EDGE_LOOP ( 'NONE', ( #1055, #2024, #696, #952, #306, #1756, #1277, #2001 ) ) ;
#1659 = CARTESIAN_POINT ( 'NONE',  ( -5.999999999999998224, 46.99999999999999289, -9.000000000000005329 ) ) ;
#1660 = VECTOR ( 'NONE', #1787, 1000.000000000000227 ) ;
#1661 = ORIENTED_EDGE ( 'NONE', *, *, #1868, .T. ) ;
#1662 = CARTESIAN_POINT ( 'NONE',  ( -10.99999999999999822, -64.49999999999998579, -9.000000000000005329 ) ) ;
#1663 = FACE_OUTER_BOUND ( 'NONE', #1795, .T. ) ;
#1664 = VERTEX_POINT ( 'NONE', #427 ) ;
#1665 = DIRECTION ( 'NONE',  ( -1.334402673828313093E-16, -0.000000000000000000, 1.000000000000000000 ) ) ;
#1666 = EDGE_CURVE ( 'NONE', #15, #1978, #1720, .T. ) ;
#1667 = DIRECTION ( 'NONE',  ( 0.000000000000000000, 0.000000000000000000, 1.000000000000000000 ) ) ;
#1668 = AXIS2_PLACEMENT_3D ( 'NONE', #1741, #240, #1252 ) ;
#1669 = CARTESIAN_POINT ( 'NONE',  ( -12.00000000000000000, 37.14682883687269310, -0.4305074907598477885 ) ) ;
#1670 = VECTOR ( 'NONE', #1975, 1000.000000000000000 ) ;
#1671 = CARTESIAN_POINT ( 'NONE',  ( -19.75000000000000355, -29.25000000000000355, 6.000000000000000000 ) ) ;
#1672 = ORIENTED_EDGE ( 'NONE', *, *, #2152, .F. ) ;
#1673 = VECTOR ( 'NONE', #320, 1000.000000000000000 ) ;
#1674 = ORIENTED_EDGE ( 'NONE', *, *, #735, .F. ) ;
#1675 = DIRECTION ( 'NONE',  ( -2.312964634635742957E-16, -1.000000000000000000, -0.000000000000000000 ) ) ;
#1676 = ORIENTED_EDGE ( 'NONE', *, *, #1036, .F. ) ;
#1677 = DIRECTION ( 'NONE',  ( 0.000000000000000000, 1.000000000000000000, 0.000000000000000000 ) ) ;
#1678 = PERSON_AND_ORGANIZATION_ROLE ( 'design_supplier' ) ;
#1679 = LINE ( 'NONE', #1859, #664 ) ;
#1680 = FACE_OUTER_BOUND ( 'NONE', #941, .T. ) ;
#1681 = EDGE_CURVE ( 'NONE', #1899, #639, #1088, .T. ) ;
#1682 = CC_DESIGN_PERSON_AND_ORGANIZATION_ASSIGNMENT ( #1527, #698, ( #1487 ) ) ;
#1683 = EDGE_LOOP ( 'NONE', ( #1138, #2098, #497, #826 ) ) ;
#1684 = LINE ( 'NONE', #683, #1903 ) ;
#1685 = EDGE_CURVE ( 'NONE', #644, #1390, #1580, .T. ) ;
#1686 = ORIENTED_EDGE ( 'NONE', *, *, #1621, .T. ) ;
#1687 = CARTESIAN_POINT ( 'NONE',  ( 21.49999999999999289, 31.00000000000000711, 6.000000000000000000 ) ) ;
#1688 = APPROVAL_ROLE ( '' ) ;
#1689 = LINE ( 'NONE', #511, #1556 ) ;
#1690 = DIRECTION ( 'NONE',  ( 1.635512977795599081E-16, -0.7071067811865474617, 0.7071067811865474617 ) ) ;
#1691 = ADVANCED_FACE ( 'NONE', ( #1063 ), #86, .T. ) ;
#1692 = ORIENTED_EDGE ( 'NONE', *, *, #1790, .F. ) ;
#1693 = ORIENTED_EDGE ( 'NONE', *, *, #363, .T. ) ;
#1694 = CARTESIAN_POINT ( 'NONE',  ( -5.999999999999996447, -48.99999999999999289, -4.250000000000004441 ) ) ;
#1695 = PERSON_AND_ORGANIZATION ( #1578, #38 ) ;
#1696 = CARTESIAN_POINT ( 'NONE',  ( 6.000000000000002665, -60.49999999999999289, -5.250000000000004441 ) ) ;
#1697 = FACE_BOUND ( 'NONE', #90, .T. ) ;
#1698 = AXIS2_PLACEMENT_3D ( 'NONE', #394, #1056, #757 ) ;
#1699 = VECTOR ( 'NONE', #551, 1000.000000000000000 ) ;
#1700 = AXIS2_PLACEMENT_3D ( 'NONE', #1059, #1727, #1564 ) ;
#1701 = ORIENTED_EDGE ( 'NONE', *, *, #1920, .F. ) ;
#1702 = EDGE_CURVE ( 'NONE', #15, #850, #1805, .T. ) ;
#1703 = ORIENTED_EDGE ( 'NONE', *, *, #2111, .T. ) ;
#1704 = ORIENTED_EDGE ( 'NONE', *, *, #1401, .F. ) ;
#1705 = EDGE_CURVE ( 'NONE', #1321, #413, #805, .T. ) ;
#1706 = CARTESIAN_POINT ( 'NONE',  ( -12.00000000000000000, 37.55267685129344812, 5.555750721946211002 ) ) ;
#1707 = AXIS2_PLACEMENT_3D ( 'NONE', #1687, #1514, #2150 ) ;
#1708 = DIRECTION ( 'NONE',  ( 0.000000000000000000, -1.000000000000000000, 0.000000000000000000 ) ) ;
#1709 = DIRECTION ( 'NONE',  ( -0.000000000000000000, -1.000000000000000000, -0.000000000000000000 ) ) ;
#1710 = PLANE ( 'NONE',  #411 ) ;
#1711 = ADVANCED_FACE ( 'NONE', ( #309 ), #147, .T. ) ;
#1712 = ORIENTED_EDGE ( 'NONE', *, *, #1048, .F. ) ;
#1713 = DIRECTION ( 'NONE',  ( -0.000000000000000000, -0.000000000000000000, -1.000000000000000000 ) ) ;
#1714 = ORIENTED_EDGE ( 'NONE', *, *, #323, .T. ) ;
#1715 = PLANE ( 'NONE',  #838 ) ;
#1716 = EDGE_CURVE ( 'NONE', #1765, #987, #642, .T. ) ;
#1717 = LINE ( 'NONE', #51, #485 ) ;
#1718 = LINE ( 'NONE', #75, #176 ) ;
#1719 = LINE ( 'NONE', #2071, #1486 ) ;
#1720 = LINE ( 'NONE', #252, #1203 ) ;
#1721 = EDGE_CURVE ( 'NONE', #1456, #956, #493, .T. ) ;
#1722 = ORIENTED_EDGE ( 'NONE', *, *, #820, .T. ) ;
#1723 = DIRECTION ( 'NONE',  ( -1.000000000000000000, 0.000000000000000000, 2.312964634635742957E-16 ) ) ;
#1724 = PLANE ( 'NONE',  #1775 ) ;
#1725 = AXIS2_PLACEMENT_3D ( 'NONE', #1585, #2114, #774 ) ;
#1726 = LINE ( 'NONE', #1574, #347 ) ;
#1727 = DIRECTION ( 'NONE',  ( 0.000000000000000000, 0.000000000000000000, 1.000000000000000000 ) ) ;
#1728 = EDGE_CURVE ( 'NONE', #453, #1266, #1656, .T. ) ;
#1729 = DIRECTION ( 'NONE',  ( -0.3457053588273564793, -0.9383431168171100234, 0.000000000000000000 ) ) ;
#1730 = CARTESIAN_POINT ( 'NONE',  ( 21.50000000000000000, 31.99999999999998579, 5.932203389830508655 ) ) ;
#1731 = CARTESIAN_POINT ( 'NONE',  ( -12.00000000000000000, -37.55267685129344812, 5.555750721946211002 ) ) ;
#1732 = VECTOR ( 'NONE', #85, 1000.000000000000000 ) ;
#1733 = DIRECTION ( 'NONE',  ( 1.000000000000000000, 0.000000000000000000, 0.000000000000000000 ) ) ;
#1734 = ORIENTED_EDGE ( 'NONE', *, *, #2014, .F. ) ;
#1735 = CARTESIAN_POINT ( 'NONE',  ( 6.000000000000001776, 47.28001479951040409, -7.787122651478149749 ) ) ;
#1736 = LINE ( 'NONE', #248, #1381 ) ;
#1737 = DIRECTION ( 'NONE',  ( 0.000000000000000000, -1.000000000000000000, 0.000000000000000000 ) ) ;
#1738 = VECTOR ( 'NONE', #1431, 1000.000000000000227 ) ;
#1739 = DIRECTION ( 'NONE',  ( -0.000000000000000000, 0.000000000000000000, 1.000000000000000000 ) ) ;
#1740 = ORIENTED_EDGE ( 'NONE', *, *, #1233, .F. ) ;
#1741 = CARTESIAN_POINT ( 'NONE',  ( 11.00000000000000000, -64.49999999999998579, 3.999999999999995559 ) ) ;
#1742 = CARTESIAN_POINT ( 'NONE',  ( -12.00000000000000000, -37.55267685129344812, 5.555750721946211002 ) ) ;
#1743 = EDGE_CURVE ( 'NONE', #173, #1664, #1125, .T. ) ;
#1744 = ORIENTED_EDGE ( 'NONE', *, *, #1728, .T. ) ;
#1745 = DIRECTION ( 'NONE',  ( -0.8741572761215379295, 0.000000000000000000, -0.4856429311786318315 ) ) ;
#1746 = ORIENTED_EDGE ( 'NONE', *, *, #724, .T. ) ;
#1747 = DIRECTION ( 'NONE',  ( -1.000000000000000000, 0.000000000000000000, 0.000000000000000000 ) ) ;
#1748 = EDGE_CURVE ( 'NONE', #1892, #1751, #298, .T. ) ;
#1749 = LINE ( 'NONE', #1873, #1318 ) ;
#1750 = FACE_OUTER_BOUND ( 'NONE', #556, .T. ) ;
#1751 = VERTEX_POINT ( 'NONE', #1647 ) ;
#1752 = CARTESIAN_POINT ( 'NONE',  ( 21.50000000000000000, 31.99999999999998579, 10.00000000000000000 ) ) ;
#1753 = VERTEX_POINT ( 'NONE', #156 ) ;
#1754 = CARTESIAN_POINT ( 'NONE',  ( 21.49999999999999645, 30.99999999999999289, 6.000000000000000000 ) ) ;
#1755 = LINE ( 'NONE', #1731, #404 ) ;
#1756 = ORIENTED_EDGE ( 'NONE', *, *, #2064, .F. ) ;
#1757 = EDGE_CURVE ( 'NONE', #406, #1958, #824, .T. ) ;
#1758 = ORIENTED_EDGE ( 'NONE', *, *, #2037, .F. ) ;
#1759 = ORIENTED_EDGE ( 'NONE', *, *, #1503, .F. ) ;
#1760 = PLANE ( 'NONE',  #513 ) ;
#1761 = DIRECTION ( 'NONE',  ( -0.000000000000000000, 0.000000000000000000, 1.000000000000000000 ) ) ;
#1762 = CARTESIAN_POINT ( 'NONE',  ( 12.00000000000000000, 37.17601578539878204, 9.215718466126787689E-16 ) ) ;
#1763 = VERTEX_POINT ( 'NONE', #473 ) ;
#1764 = AXIS2_PLACEMENT_3D ( 'NONE', #2154, #138, #652 ) ;
#1765 = VERTEX_POINT ( 'NONE', #1639 ) ;
#1766 = DIRECTION ( 'NONE',  ( 2.312964634635742957E-16, 1.000000000000000000, -0.000000000000000000 ) ) ;
#1767 = DIRECTION ( 'NONE',  ( 0.000000000000000000, 0.000000000000000000, 1.000000000000000000 ) ) ;
#1768 = ORIENTED_EDGE ( 'NONE', *, *, #160, .F. ) ;
#1769 = CLOSED_SHELL ( 'NONE', ( #557, #919, #162, #1824, #371 ) ) ;
#1770 = LOCAL_TIME ( 11, 32, 19.00000000000000000, #2026 ) ;
#1771 = EDGE_CURVE ( 'NONE', #1890, #2062, #1478, .T. ) ;
#1772 = ORIENTED_EDGE ( 'NONE', *, *, #1535, .F. ) ;
#1773 = VECTOR ( 'NONE', #614, 1000.000000000000000 ) ;
#1774 = CARTESIAN_POINT ( 'NONE',  ( 16.70625742331048258, -45.01158699387153206, 5.050061898720572096 ) ) ;
#1775 = AXIS2_PLACEMENT_3D ( 'NONE', #571, #234, #546 ) ;
#1776 = ADVANCED_FACE ( 'NONE', ( #164 ), #966, .T. ) ;
#1777 = AXIS2_PLACEMENT_3D ( 'NONE', #1998, #1205, #1043 ) ;
#1778 = CARTESIAN_POINT ( 'NONE',  ( 7.406094352496946698, 55.71848356007618719, 0.000000000000000000 ) ) ;
#1779 = CARTESIAN_POINT ( 'NONE',  ( -5.999999999999996447, -48.99999999999999289, -4.250000000000004441 ) ) ;
#1780 = ORIENTED_EDGE ( 'NONE', *, *, #282, .T. ) ;
#1781 = EDGE_LOOP ( 'NONE', ( #356, #2073, #895, #1257, #1434, #1606 ) ) ;
#1782 = FACE_OUTER_BOUND ( 'NONE', #665, .T. ) ;
#1783 = CARTESIAN_POINT ( 'NONE',  ( 6.000000000000001776, -60.49999999999999289, -9.000000000000005329 ) ) ;
#1784 = EDGE_CURVE ( 'NONE', #457, #183, #2143, .T. ) ;
#1785 = EDGE_LOOP ( 'NONE', ( #1414, #1236, #127, #1429 ) ) ;
#1786 = ORIENTED_EDGE ( 'NONE', *, *, #998, .T. ) ;
#1787 = DIRECTION ( 'NONE',  ( 0.3450079303948194176, 0.9364500967859379355, -0.06348814215497899927 ) ) ;
#1788 = DIRECTION ( 'NONE',  ( 1.000000000000000000, 0.000000000000000000, 0.000000000000000000 ) ) ;
#1789 = FACE_OUTER_BOUND ( 'NONE', #486, .T. ) ;
#1790 = EDGE_CURVE ( 'NONE', #286, #499, #660, .T. ) ;
#1791 = ORIENTED_EDGE ( 'NONE', *, *, #2152, .T. ) ;
#1792 = ORIENTED_EDGE ( 'NONE', *, *, #2101, .T. ) ;
#1793 = DIRECTION ( 'NONE',  ( 0.000000000000000000, -0.9977097021176765113, 0.06764133573679180500 ) ) ;
#1794 = DIRECTION ( 'NONE',  ( 0.000000000000000000, -0.000000000000000000, -1.000000000000000000 ) ) ;
#1795 = EDGE_LOOP ( 'NONE', ( #393, #1990, #1034, #1672 ) ) ;
#1796 = ADVANCED_FACE ( 'NONE', ( #792 ), #1319, .F. ) ;
#1797 = ORIENTED_EDGE ( 'NONE', *, *, #160, .T. ) ;
#1798 = LINE ( 'NONE', #1774, #58 ) ;
#1799 = PLANE ( 'NONE',  #873 ) ;
#1800 = CARTESIAN_POINT ( 'NONE',  ( 4.750000000000004441, 29.25000000000000000, 4.000000000000000000 ) ) ;
#1801 = MANIFOLD_SOLID_BREP ( 'Boss-Extrude10[2]', #2018 ) ;
#1802 = ORIENTED_EDGE ( 'NONE', *, *, #945, .T. ) ;
#1803 = EDGE_CURVE ( 'NONE', #1806, #1763, #1447, .T. ) ;
#1804 = CARTESIAN_POINT ( 'NONE',  ( 8.405660377358490365, 60.49999999999998579, -4.669811320754715389 ) ) ;
#1805 = LINE ( 'NONE', #985, #831 ) ;
#1806 = VERTEX_POINT ( 'NONE', #2122 ) ;
#1807 = VECTOR ( 'NONE', #1136, 1000.000000000000000 ) ;
#1808 = CARTESIAN_POINT ( 'NONE',  ( -5.999999999999997335, 60.49999999999999289, -5.250000000000004441 ) ) ;
#1809 = ORIENTED_EDGE ( 'NONE', *, *, #719, .F. ) ;
#1810 = DIRECTION ( 'NONE',  ( -0.000000000000000000, 1.000000000000000000, -0.000000000000000000 ) ) ;
#1811 = ORIENTED_EDGE ( 'NONE', *, *, #244, .T. ) ;
#1812 = VECTOR ( 'NONE', #1733, 1000.000000000000000 ) ;
#1813 = DIRECTION ( 'NONE',  ( -0.7071067811865475727, 0.7071067811865474617, 0.000000000000000000 ) ) ;
#1814 = VECTOR ( 'NONE', #1502, 1000.000000000000000 ) ;
#1815 = CARTESIAN_POINT ( 'NONE',  ( 19.75000000000000355, 29.25000000000000000, 6.000000000000000000 ) ) ;
#1816 = DIRECTION ( 'NONE',  ( 1.000000000000000000, -0.000000000000000000, -0.000000000000000000 ) ) ;
#1817 = ORIENTED_EDGE ( 'NONE', *, *, #1133, .F. ) ;
#1818 = EDGE_CURVE ( 'NONE', #559, #1890, #629, .T. ) ;
#1819 = VECTOR ( 'NONE', #108, 1000.000000000000000 ) ;
#1820 = EDGE_LOOP ( 'NONE', ( #1704, #1167, #475, #1570, #1037, #322, #1250, #963 ) ) ;
#1821 = DIRECTION ( 'NONE',  ( 1.000000000000000000, 0.000000000000000000, 0.000000000000000000 ) ) ;
#1822 = DIRECTION ( 'NONE',  ( 0.7071067811865474617, 0.7071067811865474617, 0.000000000000000000 ) ) ;
#1823 = DIRECTION ( 'NONE',  ( 0.000000000000000000, 0.000000000000000000, -1.000000000000000000 ) ) ;
#1824 = ADVANCED_FACE ( 'NONE', ( #464 ), #1628, .T. ) ;
#1825 = CARTESIAN_POINT ( 'NONE',  ( 19.75000000000000000, 14.24999999999999822, 6.000000000000000000 ) ) ;
#1826 = CARTESIAN_POINT ( 'NONE',  ( 6.000000000000002665, -46.99999999999999289, -6.999999999999976019 ) ) ;
#1827 = MANIFOLD_SOLID_BREP ( 'Boss-Extrude10[3]', #1141 ) ;
#1828 = VERTEX_POINT ( 'NONE', #1359 ) ;
#1829 = ORIENTED_EDGE ( 'NONE', *, *, #1652, .F. ) ;
#1830 = ADVANCED_FACE ( 'NONE', ( #1680 ), #195, .T. ) ;
#1831 = LINE ( 'NONE', #487, #1172 ) ;
#1832 = ORIENTED_EDGE ( 'NONE', *, *, #365, .T. ) ;
#1833 = CARTESIAN_POINT ( 'NONE',  ( -19.74999999999999645, 29.25000000000000000, 4.000000000000000000 ) ) ;
#1834 = LINE ( 'NONE', #330, #1109 ) ;
#1835 = LINE ( 'NONE', #709, #903 ) ;
#1836 = ORIENTED_EDGE ( 'NONE', *, *, #335, .T. ) ;
#1837 = VECTOR ( 'NONE', #1218, 1000.000000000000227 ) ;
#1838 = ORIENTED_EDGE ( 'NONE', *, *, #1757, .T. ) ;
#1839 = PLANE ( 'NONE',  #970 ) ;
#1840 = VERTEX_POINT ( 'NONE', #854 ) ;
#1841 = LINE ( 'NONE', #161, #597 ) ;
#1842 = APPROVAL_STATUS ( 'not_yet_approved' ) ;
#1843 = ADVANCED_BREP_SHAPE_REPRESENTATION ( 'fix2_jetson', ( #381, #428, #1801, #1827, #1102, #592 ), #1412 ) ;
#1844 = AXIS2_PLACEMENT_3D ( 'NONE', #659, #1793, #1942 ) ;
#1845 = ADVANCED_FACE ( 'NONE', ( #355 ), #1365, .F. ) ;
#1846 = ORIENTED_EDGE ( 'NONE', *, *, #747, .T. ) ;
#1847 = PLANE ( 'NONE',  #1415 ) ;
#1848 = AXIS2_PLACEMENT_3D ( 'NONE', #641, #1142, #954 ) ;
#1849 = DIRECTION ( 'NONE',  ( 0.2404800341618859583, -0.9706540852278415787, 0.000000000000000000 ) ) ;
#1850 = VECTOR ( 'NONE', #1816, 1000.000000000000000 ) ;
#1851 = EDGE_CURVE ( 'NONE', #1301, #2062, #1835, .T. ) ;
#1852 = ORIENTED_EDGE ( 'NONE', *, *, #383, .T. ) ;
#1853 = DIRECTION ( 'NONE',  ( -2.312964634635742957E-16, 0.000000000000000000, -1.000000000000000000 ) ) ;
#1854 = VECTOR ( 'NONE', #922, 1000.000000000000000 ) ;
#1855 = VECTOR ( 'NONE', #1665, 1000.000000000000000 ) ;
#1856 = VERTEX_POINT ( 'NONE', #1195 ) ;
#1857 = LINE ( 'NONE', #500, #2023 ) ;
#1858 = PERSON_AND_ORGANIZATION ( #1578, #38 ) ;
#1859 = CARTESIAN_POINT ( 'NONE',  ( -11.00000000000000000, -60.49999999999998579, 5.545777512430476124E-15 ) ) ;
#1860 = LINE ( 'NONE', #1530, #379 ) ;
#1861 = EDGE_CURVE ( 'NONE', #1413, #31, #10, .T. ) ;
#1862 = AXIS2_PLACEMENT_3D ( 'NONE', #1393, #2065, #1069 ) ;
#1863 = ORIENTED_EDGE ( 'NONE', *, *, #542, .T. ) ;
#1864 = EDGE_LOOP ( 'NONE', ( #1722, #150, #2157, #1155 ) ) ;
#1865 = LINE ( 'NONE', #367, #1855 ) ;
#1866 = FACE_OUTER_BOUND ( 'NONE', #874, .T. ) ;
#1867 = CARTESIAN_POINT ( 'NONE',  ( 12.00000000000000000, 37.14682883687268600, -0.4305074907598477885 ) ) ;
#1868 = EDGE_CURVE ( 'NONE', #295, #1413, #186, .T. ) ;
#1869 = ORIENTED_EDGE ( 'NONE', *, *, #1159, .T. ) ;
#1870 = EDGE_LOOP ( 'NONE', ( #1367, #2090, #1255, #128 ) ) ;
#1871 = DIRECTION ( 'NONE',  ( -0.000000000000000000, 0.000000000000000000, 1.000000000000000000 ) ) ;
#1872 = EDGE_CURVE ( 'NONE', #1958, #738, #2029, .T. ) ;
#1873 = CARTESIAN_POINT ( 'NONE',  ( -5.999999999999998224, 47.28001479951040409, -7.787122651478149749 ) ) ;
#1874 = CARTESIAN_POINT ( 'NONE',  ( 11.00000000000000000, -60.49999999999998579, 0.000000000000000000 ) ) ;
#1875 = AXIS2_PLACEMENT_3D ( 'NONE', #1044, #1739, #1216 ) ;
#1876 = CARTESIAN_POINT ( 'NONE',  ( 19.74999999999999645, -14.25000000000000533, 4.000000000000000000 ) ) ;
#1877 = ORIENTED_EDGE ( 'NONE', *, *, #847, .F. ) ;
#1878 = AXIS2_PLACEMENT_3D ( 'NONE', #1804, #308, #974 ) ;
#1879 = AXIS2_PLACEMENT_3D ( 'NONE', #2044, #83, #750 ) ;
#1880 = VERTEX_POINT ( 'NONE', #1874 ) ;
#1881 = EDGE_CURVE ( 'NONE', #1007, #280, #1032, .T. ) ;
#1882 = PLANE ( 'NONE',  #835 ) ;
#1883 = DIRECTION ( 'NONE',  ( 0.000000000000000000, -0.2249510543438667243, -0.9743700647852349128 ) ) ;
#1884 = CARTESIAN_POINT ( 'NONE',  ( 11.00000000000000000, -64.49999999999998579, 5.204170427930421283E-15 ) ) ;
#1885 = EDGE_CURVE ( 'NONE', #1122, #31, #1510, .T. ) ;
#1886 = CARTESIAN_POINT ( 'NONE',  ( -19.75000000000000355, 29.25000000000000355, 0.000000000000000000 ) ) ;
#1887 = PLANE ( 'NONE',  #1982 ) ;
#1888 = LINE ( 'NONE', #1567, #35 ) ;
#1889 = DIRECTION ( 'NONE',  ( 0.4856429311786317760, 0.000000000000000000, -0.8741572761215378184 ) ) ;
#1890 = VERTEX_POINT ( 'NONE', #215 ) ;
#1891 = ADVANCED_FACE ( 'NONE', ( #27 ), #46, .T. ) ;
#1892 = VERTEX_POINT ( 'NONE', #503 ) ;
#1893 = CARTESIAN_POINT ( 'NONE',  ( -19.74999999999999645, 14.24999999999999822, 6.000000000000000000 ) ) ;
#1894 = DIRECTION ( 'NONE',  ( 3.785129453194893617E-18, 0.06764133573679179112, 0.9977097021176762892 ) ) ;
#1895 = DIRECTION ( 'NONE',  ( 0.7071067811865474617, -0.7071067811865476838, 0.000000000000000000 ) ) ;
#1896 = FACE_OUTER_BOUND ( 'NONE', #13, .T. ) ;
#1897 = LINE ( 'NONE', #1398, #694 ) ;
#1898 = PLANE ( 'NONE',  #1410 ) ;
#1899 = VERTEX_POINT ( 'NONE', #1349 ) ;
#1900 = LINE ( 'NONE', #245, #662 ) ;
#1901 = ORIENTED_EDGE ( 'NONE', *, *, #342, .T. ) ;
#1902 = PLANE ( 'NONE',  #1967 ) ;
#1903 = VECTOR ( 'NONE', #1675, 1000.000000000000000 ) ;
#1904 = CARTESIAN_POINT ( 'NONE',  ( -10.99999999999999822, 47.93933982822019146, -7.939339828220187023 ) ) ;
#1905 = PLANE ( 'NONE',  #1417 ) ;
#1906 = EDGE_CURVE ( 'NONE', #1763, #1978, #523, .T. ) ;
#1907 = LINE ( 'NONE', #1876, #1243 ) ;
#1908 = DIRECTION ( 'NONE',  ( -0.7071067811865475727, 0.7071067811865474617, -0.000000000000000000 ) ) ;
#1909 = CARTESIAN_POINT ( 'NONE',  ( 0.000000000000000000, 46.99999999999999289, 0.000000000000000000 ) ) ;
#1910 = VECTOR ( 'NONE', #1593, 1000.000000000000000 ) ;
#1911 = ORIENTED_EDGE ( 'NONE', *, *, #1784, .F. ) ;
#1912 = EDGE_CURVE ( 'NONE', #289, #1525, #681, .T. ) ;
#1913 = LINE ( 'NONE', #544, #99 ) ;
#1914 = DIRECTION ( 'NONE',  ( 1.000000000000000000, 0.000000000000000000, 0.000000000000000000 ) ) ;
#1915 = CARTESIAN_POINT ( 'NONE',  ( -5.999999999999998224, 52.53356377309851410, -9.000000000000005329 ) ) ;
#1916 = DIRECTION ( 'NONE',  ( -0.000000000000000000, -0.000000000000000000, -1.000000000000000000 ) ) ;
#1917 = VECTOR ( 'NONE', #1313, 1000.000000000000000 ) ;
#1918 = ORIENTED_EDGE ( 'NONE', *, *, #1685, .T. ) ;
#1919 = DIRECTION ( 'NONE',  ( 0.000000000000000000, -0.000000000000000000, -1.000000000000000000 ) ) ;
#1920 = EDGE_CURVE ( 'NONE', #300, #1992, #1860, .T. ) ;
#1921 = DIRECTION ( 'NONE',  ( -2.312964634635742957E-16, 0.000000000000000000, -1.000000000000000000 ) ) ;
#1922 = FACE_OUTER_BOUND ( 'NONE', #1864, .T. ) ;
#1923 = ORIENTED_EDGE ( 'NONE', *, *, #1503, .T. ) ;
#1924 = VERTEX_POINT ( 'NONE', #362 ) ;
#1925 = ORIENTED_EDGE ( 'NONE', *, *, #323, .F. ) ;
#1926 = PLANE ( 'NONE',  #1278 ) ;
#1927 = LINE ( 'NONE', #435, #1642 ) ;
#1928 = CARTESIAN_POINT ( 'NONE',  ( -10.99999999999999822, -60.49999999999999289, 10.00000000000000000 ) ) ;
#1929 = VERTEX_POINT ( 'NONE', #1671 ) ;
#1930 = DIRECTION ( 'NONE',  ( -0.000000000000000000, -0.000000000000000000, -1.000000000000000000 ) ) ;
#1931 = DIRECTION ( 'NONE',  ( -0.000000000000000000, -0.000000000000000000, 1.000000000000000000 ) ) ;
#1932 = EDGE_CURVE ( 'NONE', #578, #1615, #1026, .T. ) ;
#1933 = EDGE_LOOP ( 'NONE', ( #1013, #1817, #1758, #1022 ) ) ;
#1934 = EDGE_CURVE ( 'NONE', #499, #1170, #1519, .T. ) ;
#1935 = ORIENTED_EDGE ( 'NONE', *, *, #222, .T. ) ;
#1936 = FACE_BOUND ( 'NONE', #112, .T. ) ;
#1937 = PLANE ( 'NONE',  #111 ) ;
#1938 = DIRECTION ( 'NONE',  ( -1.000000000000000000, 0.000000000000000000, -0.000000000000000000 ) ) ;
#1939 = VERTEX_POINT ( 'NONE', #531 ) ;
#1940 = VECTOR ( 'NONE', #933, 1000.000000000000000 ) ;
#1941 = ORIENTED_EDGE ( 'NONE', *, *, #1133, .T. ) ;
#1942 = DIRECTION ( 'NONE',  ( 0.000000000000000000, -0.06764133573679179112, -0.9977097021176762892 ) ) ;
#1943 = DIRECTION ( 'NONE',  ( 0.000000000000000000, -1.000000000000000000, 0.000000000000000000 ) ) ;
#1944 = EDGE_LOOP ( 'NONE', ( #1925, #783, #2081, #1479 ) ) ;
#1945 = AXIS2_PLACEMENT_3D ( 'NONE', #742, #2068, #574 ) ;
#1946 = ORIENTED_EDGE ( 'NONE', *, *, #978, .F. ) ;
#1947 = AXIS2_PLACEMENT_3D ( 'NONE', #45, #1188, #671 ) ;
#1948 = ADVANCED_FACE ( 'NONE', ( #1697, #205 ), #872, .T. ) ;
#1949 = DIRECTION ( 'NONE',  ( 1.186135710069611665E-16, -1.000000000000000000, 0.000000000000000000 ) ) ;
#1950 = VECTOR ( 'NONE', #2134, 1000.000000000000000 ) ;
#1951 = CARTESIAN_POINT ( 'NONE',  ( -5.999999999999996447, 48.99999999999999289, -4.250000000000004441 ) ) ;
#1952 =( NAMED_UNIT ( * ) PLANE_ANGLE_UNIT ( ) SI_UNIT ( $, .RADIAN. ) );
#1953 = EDGE_LOOP ( 'NONE', ( #1597, #1402, #1797, #756 ) ) ;
#1954 = EDGE_CURVE ( 'NONE', #2132, #1413, #2059, .T. ) ;
#1955 = ORIENTED_EDGE ( 'NONE', *, *, #302, .F. ) ;
#1956 = LINE ( 'NONE', #803, #1670 ) ;
#1957 = CARTESIAN_POINT ( 'NONE',  ( 19.75000000000000355, 29.25000000000000000, 4.000000000000000000 ) ) ;
#1958 = VERTEX_POINT ( 'NONE', #1886 ) ;
#1959 = EDGE_LOOP ( 'NONE', ( #784, #1448, #105, #1744 ) ) ;
#1960 = LINE ( 'NONE', #1093, #862 ) ;
#1961 = ADVANCED_FACE ( 'NONE', ( #1549 ), #1537, .T. ) ;
#1962 = DIRECTION ( 'NONE',  ( 0.2410000412190770602, 0.9683023137656111556, 0.06564761449258398052 ) ) ;
#1963 = LINE ( 'NONE', #1476, #553 ) ;
#1964 = EDGE_LOOP ( 'NONE', ( #116, #1979, #455, #771 ) ) ;
#1965 = DIRECTION ( 'NONE',  ( -3.785129453194892847E-18, -0.06764133573679180500, -0.9977097021176765113 ) ) ;
#1966 = CARTESIAN_POINT ( 'NONE',  ( -19.75000000000000355, 29.25000000000000355, 0.000000000000000000 ) ) ;
#1967 = AXIS2_PLACEMENT_3D ( 'NONE', #868, #1871, #1561 ) ;
#1968 = ORIENTED_EDGE ( 'NONE', *, *, #832, .F. ) ;
#1969 = DIRECTION ( 'NONE',  ( 1.000000000000000000, 0.000000000000000000, 0.000000000000000000 ) ) ;
#1970 = ORIENTED_EDGE ( 'NONE', *, *, #1512, .T. ) ;
#1971 = DIRECTION ( 'NONE',  ( 0.3450079303948192511, 0.9364500967859379355, 0.06348814215497899927 ) ) ;
#1972 = LINE ( 'NONE', #477, #584 ) ;
#1973 = FACE_OUTER_BOUND ( 'NONE', #1292, .T. ) ;
#1974 = DIRECTION ( 'NONE',  ( -0.7071067811865474617, -0.7071067811865476838, 0.000000000000000000 ) ) ;
#1975 = DIRECTION ( 'NONE',  ( -0.000000000000000000, -0.000000000000000000, -1.000000000000000000 ) ) ;
#1976 = DIRECTION ( 'NONE',  ( 0.000000000000000000, 0.000000000000000000, -1.000000000000000000 ) ) ;
#1977 = ADVANCED_FACE ( 'NONE', ( #389 ), #1083, .T. ) ;
#1978 = VERTEX_POINT ( 'NONE', #236 ) ;
#1979 = ORIENTED_EDGE ( 'NONE', *, *, #1355, .T. ) ;
#1980 = EDGE_CURVE ( 'NONE', #570, #462, #1718, .T. ) ;
#1981 = FACE_OUTER_BOUND ( 'NONE', #517, .T. ) ;
#1982 = AXIS2_PLACEMENT_3D ( 'NONE', #424, #261, #1919 ) ;
#1983 = AXIS2_PLACEMENT_3D ( 'NONE', #114, #984, #627 ) ;
#1984 = CARTESIAN_POINT ( 'NONE',  ( -11.00000000000000000, -64.49999999999998579, 3.999999999999995559 ) ) ;
#1985 = CARTESIAN_POINT ( 'NONE',  ( 0.000000000000000000, 0.000000000000000000, 6.000000000000000000 ) ) ;
#1986 = VECTOR ( 'NONE', #1709, 1000.000000000000000 ) ;
#1987 = CARTESIAN_POINT ( 'NONE',  ( -21.50000000000000000, -60.49999999999999289, 3.999999999999994671 ) ) ;
#1988 = CARTESIAN_POINT ( 'NONE',  ( -19.74999999999999645, -29.25000000000000000, 0.000000000000000000 ) ) ;
#1989 = ADVANCED_FACE ( 'NONE', ( #731 ), #741, .T. ) ;
#1990 = ORIENTED_EDGE ( 'NONE', *, *, #1206, .T. ) ;
#1991 = VECTOR ( 'NONE', #120, 1000.000000000000000 ) ;
#1992 = VERTEX_POINT ( 'NONE', #1386 ) ;
#1993 = CARTESIAN_POINT ( 'NONE',  ( 7.406094352496946698, -56.01030634047045709, 4.304386010815562713 ) ) ;
#1994 = VERTEX_POINT ( 'NONE', #1215 ) ;
#1995 = DIRECTION ( 'NONE',  ( 0.000000000000000000, 0.000000000000000000, 1.000000000000000000 ) ) ;
#1996 = APPROVAL_STATUS ( 'not_yet_approved' ) ;
#1997 = CARTESIAN_POINT ( 'NONE',  ( -5.999999999999997335, -46.99999999999999289, -4.250000000000004441 ) ) ;
#1998 = CARTESIAN_POINT ( 'NONE',  ( 0.000000000000000000, 0.000000000000000000, 4.000000000000000000 ) ) ;
#1999 = ORIENTED_EDGE ( 'NONE', *, *, #68, .F. ) ;
#2000 = EDGE_CURVE ( 'NONE', #453, #839, #902, .T. ) ;
#2001 = ORIENTED_EDGE ( 'NONE', *, *, #310, .F. ) ;
#2002 = LINE ( 'NONE', #1181, #135 ) ;
#2003 = ADVANCED_FACE ( 'NONE', ( #563 ), #1905, .F. ) ;
#2004 = DIRECTION ( 'NONE',  ( -1.000000000000000000, 2.891205793294678326E-16, -0.000000000000000000 ) ) ;
#2005 = ORIENTED_EDGE ( 'NONE', *, *, #88, .T. ) ;
#2006 = FACE_OUTER_BOUND ( 'NONE', #447, .T. ) ;
#2007 = DIRECTION ( 'NONE',  ( 0.000000000000000000, 0.000000000000000000, 1.000000000000000000 ) ) ;
#2008 = DIRECTION ( 'NONE',  ( 0.7071067811865474617, -0.7071067811865476838, 0.000000000000000000 ) ) ;
#2009 = ADVANCED_FACE ( 'NONE', ( #1072 ), #398, .T. ) ;
#2010 = DIRECTION ( 'NONE',  ( 3.785129453194893617E-18, -0.06764133573679179112, 0.9977097021176762892 ) ) ;
#2011 = VECTOR ( 'NONE', #443, 1000.000000000000000 ) ;
#2012 = VERTEX_POINT ( 'NONE', #1762 ) ;
#2013 = CARTESIAN_POINT ( 'NONE',  ( 6.000000000000001776, -52.53356377309868463, -9.000000000000005329 ) ) ;
#2014 = EDGE_CURVE ( 'NONE', #839, #295, #1396, .T. ) ;
#2015 = ORIENTED_EDGE ( 'NONE', *, *, #1156, .T. ) ;
#2016 = FACE_OUTER_BOUND ( 'NONE', #1219, .T. ) ;
#2017 = PERSON_AND_ORGANIZATION ( #1578, #38 ) ;
#2018 = CLOSED_SHELL ( 'NONE', ( #1961, #1711, #1989, #604, #760 ) ) ;
#2019 = CARTESIAN_POINT ( 'NONE',  ( -10.99999999999999822, 52.53356377309851410, -9.000000000000005329 ) ) ;
#2020 = DIRECTION ( 'NONE',  ( 0.3457053588273565348, -0.9383431168171101344, 0.000000000000000000 ) ) ;
#2021 = SECURITY_CLASSIFICATION ( '', '', #338 ) ;
#2022 = ORIENTED_EDGE ( 'NONE', *, *, #1629, .T. ) ;
#2023 = VECTOR ( 'NONE', #1822, 1000.000000000000114 ) ;
#2024 = ORIENTED_EDGE ( 'NONE', *, *, #327, .T. ) ;
#2025 = DIRECTION ( 'NONE',  ( -1.000000000000000000, 0.000000000000000000, -0.000000000000000000 ) ) ;
#2026 = COORDINATED_UNIVERSAL_TIME_OFFSET ( 1, 0, .AHEAD. ) ;
#2027 = ADVANCED_FACE ( 'NONE', ( #409 ), #270, .F. ) ;
#2028 = DIRECTION ( 'NONE',  ( 2.312964634635742957E-16, 0.000000000000000000, 1.000000000000000000 ) ) ;
#2029 = LINE ( 'NONE', #1165, #352 ) ;
#2030 = CC_DESIGN_PERSON_AND_ORGANIZATION_ASSIGNMENT ( #202, #193, ( #2021 ) ) ;
#2031 = ORIENTED_EDGE ( 'NONE', *, *, #1613, .T. ) ;
#2032 = EDGE_LOOP ( 'NONE', ( #1610, #39, #1049, #2031, #1079, #1999 ) ) ;
#2033 = CARTESIAN_POINT ( 'NONE',  ( -19.74999999999999645, -29.25000000000000000, 0.000000000000000000 ) ) ;
#2034 = APPROVAL_ROLE ( '' ) ;
#2035 = DIRECTION ( 'NONE',  ( -5.595882180570345426E-17, 1.000000000000000000, -0.000000000000000000 ) ) ;
#2036 = CARTESIAN_POINT ( 'NONE',  ( -8.405660377358492141, -60.49999999999998579, -4.669811320754713613 ) ) ;
#2037 = EDGE_CURVE ( 'NONE', #1924, #685, #249, .T. ) ;
#2038 = EDGE_LOOP ( 'NONE', ( #1918, #619, #1116, #884 ) ) ;
#2039 = AXIS2_PLACEMENT_3D ( 'NONE', #1662, #1, #666 ) ;
#2040 = ADVANCED_FACE ( 'NONE', ( #913 ), #1575, .F. ) ;
#2041 = CARTESIAN_POINT ( 'NONE',  ( 11.00000000000000000, 64.49999999999998579, 0.000000000000000000 ) ) ;
#2042 = LINE ( 'NONE', #375, #1522 ) ;
#2043 = CARTESIAN_POINT ( 'NONE',  ( 6.000000000000003553, -52.53356377309868463, -9.000000000000005329 ) ) ;
#2044 = CARTESIAN_POINT ( 'NONE',  ( -19.75000000000000355, 29.25000000000000355, 0.000000000000000000 ) ) ;
#2045 = AXIS2_PLACEMENT_3D ( 'NONE', #1382, #1571, #875 ) ;
#2046 = CARTESIAN_POINT ( 'NONE',  ( 29.31097560975608474, -10.79878048780487099, 0.000000000000000000 ) ) ;
#2047 = VECTOR ( 'NONE', #36, 1000.000000000000000 ) ;
#2048 = LINE ( 'NONE', #928, #866 ) ;
#2049 = LINE ( 'NONE', #1324, #1346 ) ;
#2050 = VECTOR ( 'NONE', #1201, 999.9999999999998863 ) ;
#2051 = ADVANCED_FACE ( 'NONE', ( #1750 ), #2080, .F. ) ;
#2052 = AXIS2_PLACEMENT_3D ( 'NONE', #1284, #2141, #2117 ) ;
#2053 = VERTEX_POINT ( 'NONE', #1588 ) ;
#2054 = UNCERTAINTY_MEASURE_WITH_UNIT (LENGTH_MEASURE( 1.000000000000000082E-05 ), #1443, 'distance_accuracy_value', 'NONE');
#2055 = ORIENTED_EDGE ( 'NONE', *, *, #1666, .T. ) ;
#2056 = ORIENTED_EDGE ( 'NONE', *, *, #1206, .F. ) ;
#2057 = DIRECTION ( 'NONE',  ( 3.785129453194893617E-18, 0.06764133573679179112, 0.9977097021176762892 ) ) ;
#2058 = CARTESIAN_POINT ( 'NONE',  ( -11.00000000000000000, -64.49999999999998579, 3.999999999999995559 ) ) ;
#2059 = LINE ( 'NONE', #1928, #104 ) ;
#2060 = LINE ( 'NONE', #1424, #1732 ) ;
#2061 = LINE ( 'NONE', #755, #232 ) ;
#2062 = VERTEX_POINT ( 'NONE', #1108 ) ;
#2063 = LINE ( 'NONE', #1230, #1068 ) ;
#2064 = EDGE_CURVE ( 'NONE', #1471, #1626, #109, .T. ) ;
#2065 = DIRECTION ( 'NONE',  ( -0.000000000000000000, 0.000000000000000000, 1.000000000000000000 ) ) ;
#2066 = LINE ( 'NONE', #408, #1187 ) ;
#2067 = DIRECTION ( 'NONE',  ( -0.000000000000000000, -0.000000000000000000, -1.000000000000000000 ) ) ;
#2068 = DIRECTION ( 'NONE',  ( 1.000000000000000000, -5.595882180570345426E-17, 1.334402673828313339E-16 ) ) ;
#2069 = ADVANCED_FACE ( 'NONE', ( #812 ), #1270, .F. ) ;
#2070 = ORIENTED_EDGE ( 'NONE', *, *, #327, .F. ) ;
#2071 = CARTESIAN_POINT ( 'NONE',  ( 11.00000000000000000, 60.49999999999998579, 0.000000000000000000 ) ) ;
#2072 = CARTESIAN_POINT ( 'NONE',  ( -21.50000000000000000, 30.99999999999999645, 6.000000000000000000 ) ) ;
#2073 = ORIENTED_EDGE ( 'NONE', *, *, #1325, .T. ) ;
#2074 = FACE_OUTER_BOUND ( 'NONE', #2075, .T. ) ;
#2075 = EDGE_LOOP ( 'NONE', ( #1493, #593, #668, #418 ) ) ;
#2076 = CARTESIAN_POINT ( 'NONE',  ( 8.405660377358490365, -64.49999999999998579, -4.669811320754715389 ) ) ;
#2077 = EDGE_CURVE ( 'NONE', #313, #956, #1963, .T. ) ;
#2078 = VECTOR ( 'NONE', #969, 1000.000000000000000 ) ;
#2079 = DIRECTION ( 'NONE',  ( 0.000000000000000000, 0.000000000000000000, -1.000000000000000000 ) ) ;
#2080 = PLANE ( 'NONE',  #944 ) ;
#2081 = ORIENTED_EDGE ( 'NONE', *, *, #68, .T. ) ;
#2082 = DIRECTION ( 'NONE',  ( -0.3457053588273562572, -0.9383431168171101344, 0.000000000000000000 ) ) ;
#2083 = EDGE_LOOP ( 'NONE', ( #1423, #1605, #1838, #1096 ) ) ;
#2084 = DIRECTION ( 'NONE',  ( -1.635512977795599081E-16, 0.7071067811865474617, -0.7071067811865474617 ) ) ;
#2085 = LINE ( 'NONE', #1409, #1239 ) ;
#2086 = CLOSED_SHELL ( 'NONE', ( #1600, #8, #1295, #1845, #167 ) ) ;
#2087 = ORIENTED_EDGE ( 'NONE', *, *, #496, .F. ) ;
#2088 = VECTOR ( 'NONE', #1114, 1000.000000000000000 ) ;
#2089 = VERTEX_POINT ( 'NONE', #938 ) ;
#2090 = ORIENTED_EDGE ( 'NONE', *, *, #798, .T. ) ;
#2091 = FACE_OUTER_BOUND ( 'NONE', #1959, .T. ) ;
#2092 = CARTESIAN_POINT ( 'NONE',  ( 12.00000000000000000, 37.55267685129344102, 5.555750721946211002 ) ) ;
#2093 = DIRECTION ( 'NONE',  ( -1.000000000000000000, 0.000000000000000000, 0.000000000000000000 ) ) ;
#2094 = ADVANCED_FACE ( 'NONE', ( #776 ), #305, .F. ) ;
#2095 = VECTOR ( 'NONE', #1394, 1000.000000000000000 ) ;
#2096 = ORIENTED_EDGE ( 'NONE', *, *, #2064, .T. ) ;
#2097 = PLANE ( 'NONE',  #1945 ) ;
#2098 = ORIENTED_EDGE ( 'NONE', *, *, #540, .T. ) ;
#2099 = LINE ( 'NONE', #1408, #346 ) ;
#2100 = LINE ( 'NONE', #115, #307 ) ;
#2101 = EDGE_CURVE ( 'NONE', #413, #856, #623, .T. ) ;
#2102 = ORIENTED_EDGE ( 'NONE', *, *, #1702, .F. ) ;
#2103 = VERTEX_POINT ( 'NONE', #822 ) ;
#2104 = CARTESIAN_POINT ( 'NONE',  ( -5.999999999999998224, -64.49999999999998579, -9.000000000000005329 ) ) ;
#2105 = LINE ( 'NONE', #1259, #1819 ) ;
#2106 = CARTESIAN_POINT ( 'NONE',  ( -5.999999999999997335, -47.93933982822020567, -7.939339828220179918 ) ) ;
#2107 = ORIENTED_EDGE ( 'NONE', *, *, #1337, .T. ) ;
#2108 = ORIENTED_EDGE ( 'NONE', *, *, #988, .F. ) ;
#2109 = LINE ( 'NONE', #1987, #898 ) ;
#2110 = LINE ( 'NONE', #929, #28 ) ;
#2111 = EDGE_CURVE ( 'NONE', #2118, #1856, #1624, .T. ) ;
#2112 = EDGE_LOOP ( 'NONE', ( #1148, #332, #1209, #358 ) ) ;
#2113 = ORIENTED_EDGE ( 'NONE', *, *, #1535, .T. ) ;
#2114 = DIRECTION ( 'NONE',  ( 1.000000000000000000, 5.595882180570345426E-17, 1.334402673828313339E-16 ) ) ;
#2115 = ADVANCED_FACE ( 'NONE', ( #1297 ), #294, .T. ) ;
#2116 = FACE_BOUND ( 'NONE', #2083, .T. ) ;
#2117 = DIRECTION ( 'NONE',  ( 1.000000000000000000, 0.000000000000000000, -0.000000000000000000 ) ) ;
#2118 = VERTEX_POINT ( 'NONE', #318 ) ;
#2119 = VECTOR ( 'NONE', #515, 1000.000000000000000 ) ;
#2120 = ORIENTED_EDGE ( 'NONE', *, *, #272, .T. ) ;
#2121 = CARTESIAN_POINT ( 'NONE',  ( -19.74999999999999645, 29.25000000000000000, 4.000000000000000000 ) ) ;
#2122 = CARTESIAN_POINT ( 'NONE',  ( 6.000000000000001776, 52.53356377309851410, -9.000000000000005329 ) ) ;
#2123 = ORIENTED_EDGE ( 'NONE', *, *, #1681, .F. ) ;
#2124 = EDGE_CURVE ( 'NONE', #1362, #738, #961, .T. ) ;
#2125 = AXIS2_PLACEMENT_3D ( 'NONE', #1467, #1965, #1638 ) ;
#2126 = ORIENTED_EDGE ( 'NONE', *, *, #140, .T. ) ;
#2127 = VECTOR ( 'NONE', #651, 1000.000000000000000 ) ;
#2128 = CARTESIAN_POINT ( 'NONE',  ( -7.406094352496944921, -55.71848356007618719, -3.252606517456513302E-16 ) ) ;
#2129 = VECTOR ( 'NONE', #1017, 1000.000000000000114 ) ;
#2130 = DIRECTION ( 'NONE',  ( 1.000000000000000000, 0.000000000000000000, 0.000000000000000000 ) ) ;
#2131 =( NAMED_UNIT ( * ) SI_UNIT ( $, .STERADIAN. ) SOLID_ANGLE_UNIT ( ) );
#2132 = VERTEX_POINT ( 'NONE', #479 ) ;
#2133 = CARTESIAN_POINT ( 'NONE',  ( -5.999999999999997335, 46.99999999999999289, -5.250000000000004441 ) ) ;
#2134 = DIRECTION ( 'NONE',  ( 0.000000000000000000, 1.000000000000000000, 0.000000000000000000 ) ) ;
#2135 = EDGE_LOOP ( 'NONE', ( #1331, #72, #95, #2102, #2055, #373 ) ) ;
#2136 = VERTEX_POINT ( 'NONE', #2106 ) ;
#2137 = CARTESIAN_POINT ( 'NONE',  ( -19.74999999999999645, -29.25000000000000000, 0.000000000000000000 ) ) ;
#2138 = CARTESIAN_POINT ( 'NONE',  ( -7.406094352496946698, 56.01030634047045709, 4.304386010815562713 ) ) ;
#2139 = ADVANCED_FACE ( 'NONE', ( #132 ), #1603, .F. ) ;
#2140 = DIRECTION ( 'NONE',  ( 0.7071067811865474617, 0.7071067811865475727, -0.000000000000000000 ) ) ;
#2141 = DIRECTION ( 'NONE',  ( 0.000000000000000000, -0.000000000000000000, 1.000000000000000000 ) ) ;
#2142 = CARTESIAN_POINT ( 'NONE',  ( 19.74999999999999645, -14.25000000000000533, 6.000000000000000000 ) ) ;
#2143 = LINE ( 'NONE', #834, #1850 ) ;
#2144 = ADVANCED_FACE ( 'NONE', ( #1789 ), #788, .T. ) ;
#2145 = ORIENTED_EDGE ( 'NONE', *, *, #1851, .T. ) ;
#2146 = DIRECTION ( 'NONE',  ( 0.000000000000000000, -1.000000000000000000, 0.000000000000000000 ) ) ;
#2147 = ORIENTED_EDGE ( 'NONE', *, *, #239, .F. ) ;
#2148 = CARTESIAN_POINT ( 'NONE',  ( 19.74999999999999645, -29.25000000000000355, 4.000000000000000000 ) ) ;
#2149 = ORIENTED_EDGE ( 'NONE', *, *, #222, .F. ) ;
#2150 = DIRECTION ( 'NONE',  ( 5.595882180570345426E-17, -1.000000000000000000, 0.000000000000000000 ) ) ;
#2151 = DIRECTION ( 'NONE',  ( -1.000000000000000000, -0.000000000000000000, -0.000000000000000000 ) ) ;
#2152 = EDGE_CURVE ( 'NONE', #956, #1103, #950, .T. ) ;
#2153 = CARTESIAN_POINT ( 'NONE',  ( 4.750000000000004441, -29.25000000000000355, 4.000000000000000000 ) ) ;
#2154 = CARTESIAN_POINT ( 'NONE',  ( 29.31097560975608474, -10.79878048780487099, 10.00000000000000000 ) ) ;
#2155 = VECTOR ( 'NONE', #1853, 1000.000000000000000 ) ;
#2156 = ORIENTED_EDGE ( 'NONE', *, *, #1551, .F. ) ;
#2157 = ORIENTED_EDGE ( 'NONE', *, *, #144, .F. ) ;
ENDSEC;
END-ISO-10303-21;
