ISO-10303-21;
HEADER;
FILE_DESCRIPTION (( 'STEP AP203' ),
    '1' );
FILE_NAME ('fix_cam.STEP',
    '2026-06-03T07:31:55',
    ( '' ),
    ( '' ),
    'SwSTEP 2.0',
    'SolidWorks 2020',
    '' );
FILE_SCHEMA (( 'CONFIG_CONTROL_DESIGN' ));
ENDSEC;

DATA;
#1 = VECTOR ( 'NONE', #1460, 1000.000000000000000 ) ;
#2 = FACE_OUTER_BOUND ( 'NONE', #139, .T. ) ;
#3 = CARTESIAN_POINT ( 'NONE',  ( -11.50000000000001066, 6.000000000000001776, 38.12500000000000000 ) ) ;
#4 = ORIENTED_EDGE ( 'NONE', *, *, #345, .F. ) ;
#5 = ORIENTED_EDGE ( 'NONE', *, *, #204, .F. ) ;
#6 = CARTESIAN_POINT ( 'NONE',  ( 26.49999999999999645, -8.999999999999998224, 6.000000000000000000 ) ) ;
#7 = VECTOR ( 'NONE', #184, 1000.000000000000000 ) ;
#8 = ORIENTED_EDGE ( 'NONE', *, *, #1010, .T. ) ;
#9 = CYLINDRICAL_SURFACE ( 'NONE', #1396, 1.875000000000000000 ) ;
#10 = EDGE_CURVE ( 'NONE', #329, #1350, #639, .T. ) ;
#11 = ORIENTED_EDGE ( 'NONE', *, *, #1172, .T. ) ;
#12 = CARTESIAN_POINT ( 'NONE',  ( 20.49999999999999289, 14.00000000000000178, 48.00000000000000000 ) ) ;
#13 = CARTESIAN_POINT ( 'NONE',  ( -26.50000000000001066, 6.000000000000001776, 41.87500000000000000 ) ) ;
#14 = ORIENTED_EDGE ( 'NONE', *, *, #255, .T. ) ;
#15 = ORIENTED_EDGE ( 'NONE', *, *, #494, .T. ) ;
#16 = VECTOR ( 'NONE', #1395, 1000.000000000000000 ) ;
#17 = PERSON_AND_ORGANIZATION ( #1168, #1421 ) ;
#18 = CARTESIAN_POINT ( 'NONE',  ( -47.50000000000000711, 14.00000000000000178, 6.000000000000000000 ) ) ;
#19 = ORIENTED_EDGE ( 'NONE', *, *, #1499, .F. ) ;
#20 = VECTOR ( 'NONE', #158, 1000.000000000000000 ) ;
#21 = DIRECTION ( 'NONE',  ( 0.000000000000000000, 1.000000000000000000, 0.000000000000000000 ) ) ;
#22 = LINE ( 'NONE', #357, #1077 ) ;
#23 = LINE ( 'NONE', #156, #369 ) ;
#24 = ADVANCED_FACE ( 'NONE', ( #631, #1149, #902, #60, #999 ), #524, .T. ) ;
#25 = FACE_OUTER_BOUND ( 'NONE', #606, .T. ) ;
#26 = VERTEX_POINT ( 'NONE', #1398 ) ;
#27 = CARTESIAN_POINT ( 'NONE',  ( -20.50000000000000711, 6.000000000000001776, 10.12500000000000000 ) ) ;
#28 = AXIS2_PLACEMENT_3D ( 'NONE', #1325, #687, #1424 ) ;
#29 = VERTEX_POINT ( 'NONE', #531 ) ;
#30 = CARTESIAN_POINT ( 'NONE',  ( -47.50000000000000711, 9.000000000000001776, 6.000000000000000000 ) ) ;
#31 = FACE_BOUND ( 'NONE', #70, .T. ) ;
#32 = LINE ( 'NONE', #389, #213 ) ;
#33 = AXIS2_PLACEMENT_3D ( 'NONE', #489, #1364, #730 ) ;
#34 = DIRECTION ( 'NONE',  ( -0.000000000000000000, 0.000000000000000000, 1.000000000000000000 ) ) ;
#35 = VECTOR ( 'NONE', #908, 1000.000000000000000 ) ;
#36 = EDGE_CURVE ( 'NONE', #1124, #956, #1270, .T. ) ;
#37 = LINE ( 'NONE', #472, #353 ) ;
#38 = VERTEX_POINT ( 'NONE', #410 ) ;
#39 = VECTOR ( 'NONE', #1216, 1000.000000000000000 ) ;
#40 = CARTESIAN_POINT ( 'NONE',  ( 47.49999999999999289, 9.000000000000001776, 6.000000000000000000 ) ) ;
#41 = AXIS2_PLACEMENT_3D ( 'NONE', #503, #1493, #1113 ) ;
#42 = CARTESIAN_POINT ( 'NONE',  ( 0.000000000000000000, 0.000000000000000000, 0.000000000000000000 ) ) ;
#43 = VECTOR ( 'NONE', #1455, 1000.000000000000000 ) ;
#44 = CARTESIAN_POINT ( 'NONE',  ( 26.49999999999999645, -13.99999999999999822, 48.00000000000000000 ) ) ;
#45 = CARTESIAN_POINT ( 'NONE',  ( -41.50000000000000711, 3.995157865391341101, -9.000000000000000000 ) ) ;
#46 = EDGE_CURVE ( 'NONE', #215, #575, #656, .T. ) ;
#47 = AXIS2_PLACEMENT_3D ( 'NONE', #523, #1384, #396 ) ;
#48 = ORIENTED_EDGE ( 'NONE', *, *, #845, .T. ) ;
#49 = ADVANCED_FACE ( 'NONE', ( #304 ), #1131, .F. ) ;
#50 = CARTESIAN_POINT ( 'NONE',  ( 20.49999999999998934, 6.000000000000001776, 38.12500000000000000 ) ) ;
#51 = LINE ( 'NONE', #1036, #35 ) ;
#52 = FACE_BOUND ( 'NONE', #1135, .T. ) ;
#53 = VECTOR ( 'NONE', #1519, 1000.000000000000000 ) ;
#54 = CARTESIAN_POINT ( 'NONE',  ( -11.50000000000001066, 6.000000000000001776, 40.00000000000000000 ) ) ;
#55 = DIRECTION ( 'NONE',  ( 1.000000000000000000, 0.000000000000000000, 0.000000000000000000 ) ) ;
#56 = EDGE_CURVE ( 'NONE', #1526, #857, #803, .T. ) ;
#57 = VERTEX_POINT ( 'NONE', #622 ) ;
#58 = FACE_OUTER_BOUND ( 'NONE', #1586, .T. ) ;
#59 = DIRECTION ( 'NONE',  ( 0.000000000000000000, 0.000000000000000000, 1.000000000000000000 ) ) ;
#60 = FACE_BOUND ( 'NONE', #1051, .T. ) ;
#61 = AXIS2_PLACEMENT_3D ( 'NONE', #413, #900, #1404 ) ;
#62 = DIRECTION ( 'NONE',  ( -0.000000000000000000, 0.000000000000000000, 1.000000000000000000 ) ) ;
#63 = DIRECTION ( 'NONE',  ( -0.7071067811865459074, -0.000000000000000000, 0.7071067811865491270 ) ) ;
#64 = ADVANCED_FACE ( 'NONE', ( #539 ), #404, .F. ) ;
#65 = CARTESIAN_POINT ( 'NONE',  ( 20.49999999999998934, 6.000000000000001776, 10.12500000000000000 ) ) ;
#66 = LOCAL_TIME ( 9, 31, 55.00000000000000000, #672 ) ;
#67 = LINE ( 'NONE', #910, #726 ) ;
#68 = LINE ( 'NONE', #40, #1341 ) ;
#69 = ORIENTED_EDGE ( 'NONE', *, *, #1534, .F. ) ;
#70 = EDGE_LOOP ( 'NONE', ( #1183, #106 ) ) ;
#71 = FACE_BOUND ( 'NONE', #244, .T. ) ;
#72 = DIRECTION ( 'NONE',  ( -0.7071067811865474617, -0.000000000000000000, 0.7071067811865476838 ) ) ;
#73 = VECTOR ( 'NONE', #1196, 1000.000000000000000 ) ;
#74 = DIRECTION ( 'NONE',  ( 1.000000000000000000, 0.000000000000000000, -0.000000000000000000 ) ) ;
#75 = ADVANCED_FACE ( 'NONE', ( #646 ), #890, .F. ) ;
#76 = LINE ( 'NONE', #1050, #540 ) ;
#77 = ORIENTED_EDGE ( 'NONE', *, *, #1324, .F. ) ;
#78 = CC_DESIGN_PERSON_AND_ORGANIZATION_ASSIGNMENT ( #1490, #1214, ( #559 ) ) ;
#79 = DIRECTION ( 'NONE',  ( 1.000000000000000000, -0.000000000000000000, -0.000000000000000000 ) ) ;
#80 = DIRECTION ( 'NONE',  ( -0.000000000000000000, -0.000000000000000000, -1.000000000000000000 ) ) ;
#81 = CARTESIAN_POINT ( 'NONE',  ( 0.000000000000000000, 0.000000000000000000, 6.000000000000000000 ) ) ;
#82 = VECTOR ( 'NONE', #1380, 1000.000000000000000 ) ;
#83 = APPROVAL_DATE_TIME ( #1422, #1408 ) ;
#84 = CARTESIAN_POINT ( 'NONE',  ( -26.50000000000001066, 9.000000000000001776, 6.000000000000000000 ) ) ;
#85 = DIRECTION ( 'NONE',  ( -0.000000000000000000, -0.000000000000000000, 1.000000000000000000 ) ) ;
#86 = APPROVAL_PERSON_ORGANIZATION ( #1588, #124, #351 ) ;
#87 = DIRECTION ( 'NONE',  ( 0.000000000000000000, -1.000000000000000000, 0.000000000000000000 ) ) ;
#88 = ADVANCED_FACE ( 'NONE', ( #25 ), #897, .T. ) ;
#89 = CARTESIAN_POINT ( 'NONE',  ( -26.50000000000001066, -8.999999999999998224, 6.000000000000000000 ) ) ;
#90 = EDGE_CURVE ( 'NONE', #1570, #253, #1406, .T. ) ;
#91 = CARTESIAN_POINT ( 'NONE',  ( 47.49999999999999289, -13.99999999999999822, 6.000000000000000000 ) ) ;
#92 = AXIS2_PLACEMENT_3D ( 'NONE', #914, #323, #1310 ) ;
#93 = LINE ( 'NONE', #671, #1130 ) ;
#94 = VERTEX_POINT ( 'NONE', #688 ) ;
#95 = MECHANICAL_CONTEXT ( 'NONE', #457, 'mechanical' ) ;
#96 = DIRECTION ( 'NONE',  ( -0.000000000000000000, -0.000000000000000000, -1.000000000000000000 ) ) ;
#97 = EDGE_CURVE ( 'NONE', #783, #723, #1553, .T. ) ;
#98 = CARTESIAN_POINT ( 'NONE',  ( 0.000000000000000000, 14.00000000000000178, 48.00000000000000000 ) ) ;
#99 = VERTEX_POINT ( 'NONE', #436 ) ;
#100 = CARTESIAN_POINT ( 'NONE',  ( -26.50000000000001066, -5.999999999999998224, 41.87500000000000000 ) ) ;
#101 = CARTESIAN_POINT ( 'NONE',  ( 41.50000000000000711, -2.504842134608658455, -9.000000000000000000 ) ) ;
#102 = CIRCLE ( 'NONE', #1565, 1.875000000000000000 ) ;
#103 = ORIENTED_EDGE ( 'NONE', *, *, #1591, .F. ) ;
#104 = ADVANCED_FACE ( 'NONE', ( #932 ), #811, .F. ) ;
#105 = DIRECTION ( 'NONE',  ( 0.000000000000000000, 1.000000000000000000, -0.000000000000000000 ) ) ;
#106 = ORIENTED_EDGE ( 'NONE', *, *, #1010, .F. ) ;
#107 = VERTEX_POINT ( 'NONE', #1068 ) ;
#108 =( GEOMETRIC_REPRESENTATION_CONTEXT ( 3 ) GLOBAL_UNCERTAINTY_ASSIGNED_CONTEXT ( ( #490 ) ) GLOBAL_UNIT_ASSIGNED_CONTEXT ( ( #563, #331, #925 ) ) REPRESENTATION_CONTEXT ( 'NONE', 'WORKASPACE' ) );
#109 = EDGE_LOOP ( 'NONE', ( #985, #373, #398, #634, #571, #1463, #69, #471, #254, #1255, #1337, #15 ) ) ;
#110 = DATE_TIME_ROLE ( 'classification_date' ) ;
#111 = CARTESIAN_POINT ( 'NONE',  ( 26.49999999999999645, -8.999999999999998224, 27.00000000000000711 ) ) ;
#112 = CARTESIAN_POINT ( 'NONE',  ( 26.50000000000001066, -5.999999999999998224, 41.87500000000000000 ) ) ;
#113 = ORIENTED_EDGE ( 'NONE', *, *, #648, .T. ) ;
#114 = CARTESIAN_POINT ( 'NONE',  ( 20.49999999999998934, -13.99999999999999822, 48.00000000000000000 ) ) ;
#115 = CARTESIAN_POINT ( 'NONE',  ( 20.49999999999998934, -5.999999999999998224, 38.12500000000000000 ) ) ;
#116 = CIRCLE ( 'NONE', #1014, 1.875000000000000000 ) ;
#117 = ORIENTED_EDGE ( 'NONE', *, *, #1286, .F. ) ;
#118 = ORIENTED_EDGE ( 'NONE', *, *, #630, .F. ) ;
#119 = EDGE_CURVE ( 'NONE', #1362, #476, #551, .T. ) ;
#120 = ORIENTED_EDGE ( 'NONE', *, *, #322, .F. ) ;
#121 = CIRCLE ( 'NONE', #181, 1.875000000000001776 ) ;
#122 = CARTESIAN_POINT ( 'NONE',  ( -26.50000000000001066, -13.99999999999999822, 48.00000000000000000 ) ) ;
#123 = CARTESIAN_POINT ( 'NONE',  ( -47.50000000000000711, -13.99999999999999822, 0.000000000000000000 ) ) ;
#124 = APPROVAL ( #1090, 'UNSPECIFIED' ) ;
#125 = ORIENTED_EDGE ( 'NONE', *, *, #552, .F. ) ;
#126 = FACE_BOUND ( 'NONE', #602, .T. ) ;
#127 = DIRECTION ( 'NONE',  ( -1.000000000000000000, -0.000000000000000000, -0.000000000000000000 ) ) ;
#128 = EDGE_LOOP ( 'NONE', ( #1079, #976, #1375, #1444 ) ) ;
#129 = ORIENTED_EDGE ( 'NONE', *, *, #752, .T. ) ;
#130 = ORIENTED_EDGE ( 'NONE', *, *, #658, .F. ) ;
#131 = EDGE_CURVE ( 'NONE', #587, #38, #808, .T. ) ;
#132 = APPROVAL_ROLE ( '' ) ;
#133 = DIRECTION ( 'NONE',  ( -0.000000000000000000, 0.000000000000000000, 1.000000000000000000 ) ) ;
#134 = LINE ( 'NONE', #1246, #1056 ) ;
#135 = VERTEX_POINT ( 'NONE', #334 ) ;
#136 = VECTOR ( 'NONE', #1177, 1000.000000000000000 ) ;
#137 = DIRECTION ( 'NONE',  ( 1.000000000000000000, -0.000000000000000000, -0.000000000000000000 ) ) ;
#138 = DIRECTION ( 'NONE',  ( 1.000000000000000000, 0.000000000000000000, -0.000000000000000000 ) ) ;
#139 = EDGE_LOOP ( 'NONE', ( #1076, #553, #1232, #293 ) ) ;
#140 = ORIENTED_EDGE ( 'NONE', *, *, #807, .F. ) ;
#141 = CARTESIAN_POINT ( 'NONE',  ( 0.000000000000000000, 14.00000000000000178, 48.00000000000000000 ) ) ;
#142 = EDGE_CURVE ( 'NONE', #980, #573, #203, .T. ) ;
#143 = ORIENTED_EDGE ( 'NONE', *, *, #1220, .F. ) ;
#144 = DIRECTION ( 'NONE',  ( 0.000000000000000000, 0.000000000000000000, 1.000000000000000000 ) ) ;
#145 = EDGE_CURVE ( 'NONE', #1489, #57, #121, .T. ) ;
#146 = CYLINDRICAL_SURFACE ( 'NONE', #449, 1.875000000000000000 ) ;
#147 = DIRECTION ( 'NONE',  ( 0.000000000000000000, -1.000000000000000000, 0.000000000000000000 ) ) ;
#148 = EDGE_LOOP ( 'NONE', ( #365, #512 ) ) ;
#149 = ORIENTED_EDGE ( 'NONE', *, *, #259, .T. ) ;
#150 = CARTESIAN_POINT ( 'NONE',  ( 26.50000000000001066, -5.999999999999998224, 40.00000000000000000 ) ) ;
#151 = VERTEX_POINT ( 'NONE', #1428 ) ;
#152 = CIRCLE ( 'NONE', #1306, 1.875000000000000000 ) ;
#153 = CARTESIAN_POINT ( 'NONE',  ( -20.50000000000000711, 6.000000000000001776, 41.87500000000000000 ) ) ;
#154 = FACE_OUTER_BOUND ( 'NONE', #585, .T. ) ;
#155 = EDGE_CURVE ( 'NONE', #1278, #576, #67, .T. ) ;
#156 = CARTESIAN_POINT ( 'NONE',  ( 47.49999999999999289, -13.99999999999999822, 6.000000000000000000 ) ) ;
#157 = AXIS2_PLACEMENT_3D ( 'NONE', #101, #1302, #819 ) ;
#158 = DIRECTION ( 'NONE',  ( -0.7071067811865474617, 0.000000000000000000, -0.7071067811865476838 ) ) ;
#159 = LINE ( 'NONE', #958, #1 ) ;
#160 = ORIENTED_EDGE ( 'NONE', *, *, #1073, .F. ) ;
#161 = DIRECTION ( 'NONE',  ( 1.000000000000000000, 1.239088197126291063E-16, -0.000000000000000000 ) ) ;
#162 = LINE ( 'NONE', #190, #1439 ) ;
#163 = DIRECTION ( 'NONE',  ( -1.000000000000000000, -0.000000000000000000, -0.000000000000000000 ) ) ;
#164 = EDGE_CURVE ( 'NONE', #1353, #575, #1413, .T. ) ;
#165 = CIRCLE ( 'NONE', #1074, 1.875000000000001776 ) ;
#166 = ORIENTED_EDGE ( 'NONE', *, *, #1150, .F. ) ;
#167 = EDGE_LOOP ( 'NONE', ( #1522, #1289, #1477, #439 ) ) ;
#168 = AXIS2_PLACEMENT_3D ( 'NONE', #898, #62, #55 ) ;
#169 = LINE ( 'NONE', #635, #232 ) ;
#170 = CC_DESIGN_SECURITY_CLASSIFICATION ( #486, ( #559 ) ) ;
#171 = CARTESIAN_POINT ( 'NONE',  ( 41.50000000000000711, 3.995157865391341101, 6.000000000000000000 ) ) ;
#172 = CYLINDRICAL_SURFACE ( 'NONE', #1552, 1.875000000000000000 ) ;
#173 = DIRECTION ( 'NONE',  ( -1.000000000000000000, -0.000000000000000000, -0.000000000000000000 ) ) ;
#174 = ADVANCED_FACE ( 'NONE', ( #448, #199 ), #1305, .T. ) ;
#175 = VECTOR ( 'NONE', #1129, 1000.000000000000000 ) ;
#176 = ORIENTED_EDGE ( 'NONE', *, *, #1234, .F. ) ;
#177 = DIRECTION ( 'NONE',  ( 1.000000000000000000, -0.000000000000000000, -0.000000000000000000 ) ) ;
#178 = ORIENTED_EDGE ( 'NONE', *, *, #1231, .T. ) ;
#179 = FACE_OUTER_BOUND ( 'NONE', #226, .T. ) ;
#180 = PLANE ( 'NONE',  #1484 ) ;
#181 = AXIS2_PLACEMENT_3D ( 'NONE', #1316, #444, #1311 ) ;
#182 = DIRECTION ( 'NONE',  ( 0.000000000000000000, 0.000000000000000000, 1.000000000000000000 ) ) ;
#183 = EDGE_CURVE ( 'NONE', #1566, #359, #1482, .T. ) ;
#184 = DIRECTION ( 'NONE',  ( 0.000000000000000000, 1.000000000000000000, 0.000000000000000000 ) ) ;
#185 = CARTESIAN_POINT ( 'NONE',  ( -41.50000000000000711, 3.995157865391341101, -9.000000000000000000 ) ) ;
#186 = LINE ( 'NONE', #550, #496 ) ;
#187 = FACE_BOUND ( 'NONE', #1468, .T. ) ;
#188 = FACE_OUTER_BOUND ( 'NONE', #1252, .T. ) ;
#189 = ORIENTED_EDGE ( 'NONE', *, *, #931, .T. ) ;
#190 = CARTESIAN_POINT ( 'NONE',  ( 11.50000000000001066, 6.000000000000001776, 41.87500000000000000 ) ) ;
#191 = DIRECTION ( 'NONE',  ( 0.7071067811865476838, -0.000000000000000000, 0.7071067811865474617 ) ) ;
#192 = EDGE_CURVE ( 'NONE', #1350, #1034, #93, .T. ) ;
#193 = AXIS2_PLACEMENT_3D ( 'NONE', #470, #1472, #742 ) ;
#194 = CARTESIAN_POINT ( 'NONE',  ( 26.50000000000000355, 9.000000000000001776, 6.000000000000000000 ) ) ;
#195 = APPROVAL_ROLE ( '' ) ;
#196 = PLANE ( 'NONE',  #157 ) ;
#197 = DIRECTION ( 'NONE',  ( 0.000000000000000000, 0.000000000000000000, 1.000000000000000000 ) ) ;
#198 = EDGE_CURVE ( 'NONE', #614, #1092, #1094, .T. ) ;
#199 = FACE_BOUND ( 'NONE', #242, .T. ) ;
#200 = CARTESIAN_POINT ( 'NONE',  ( -26.50000000000001066, 6.000000000000001776, 13.87500000000000000 ) ) ;
#201 = CARTESIAN_POINT ( 'NONE',  ( -26.50000000000001066, -8.999999999999998224, 27.00000000000000711 ) ) ;
#202 = CARTESIAN_POINT ( 'NONE',  ( 11.50000000000001066, -5.999999999999998224, 38.12500000000000000 ) ) ;
#203 = LINE ( 'NONE', #681, #650 ) ;
#204 = EDGE_CURVE ( 'NONE', #1089, #1314, #824, .T. ) ;
#205 = ADVANCED_FACE ( 'NONE', ( #1440, #187, #664, #1047, #1173 ), #1533, .F. ) ;
#206 = AXIS2_PLACEMENT_3D ( 'NONE', #844, #493, #1485 ) ;
#207 = DATE_AND_TIME ( #1313, #842 ) ;
#208 = CARTESIAN_POINT ( 'NONE',  ( 41.50000000000000711, 3.995157865391341101, 6.000000000000000000 ) ) ;
#209 = AXIS2_PLACEMENT_3D ( 'NONE', #1548, #1042, #1069 ) ;
#210 = CARTESIAN_POINT ( 'NONE',  ( -47.50000000000000711, 14.00000000000000178, 6.000000000000000000 ) ) ;
#211 = EDGE_CURVE ( 'NONE', #735, #1308, #1299, .T. ) ;
#212 = CARTESIAN_POINT ( 'NONE',  ( 26.49999999999999645, -8.999999999999998224, 27.00000000000000711 ) ) ;
#213 = VECTOR ( 'NONE', #1259, 1000.000000000000000 ) ;
#214 = CARTESIAN_POINT ( 'NONE',  ( -25.50000000000000355, 0.000000000000000000, 0.000000000000000000 ) ) ;
#215 = VERTEX_POINT ( 'NONE', #325 ) ;
#216 = ORIENTED_EDGE ( 'NONE', *, *, #1508, .T. ) ;
#217 = EDGE_CURVE ( 'NONE', #1242, #1353, #416, .T. ) ;
#218 = LINE ( 'NONE', #1071, #509 ) ;
#219 = ORIENTED_EDGE ( 'NONE', *, *, #752, .F. ) ;
#220 = CARTESIAN_POINT ( 'NONE',  ( -41.50000000000000711, -2.504842134608658455, 0.000000000000000000 ) ) ;
#221 = VECTOR ( 'NONE', #79, 1000.000000000000000 ) ;
#222 = VERTEX_POINT ( 'NONE', #115 ) ;
#223 = ORIENTED_EDGE ( 'NONE', *, *, #960, .T. ) ;
#224 = DATE_TIME_ROLE ( 'creation_date' ) ;
#225 = CARTESIAN_POINT ( 'NONE',  ( 11.50000000000001066, -5.999999999999998224, 41.87500000000000000 ) ) ;
#226 = EDGE_LOOP ( 'NONE', ( #502, #229, #140, #1070 ) ) ;
#227 = DIRECTION ( 'NONE',  ( 0.000000000000000000, 1.000000000000000000, 0.000000000000000000 ) ) ;
#228 = VECTOR ( 'NONE', #610, 1000.000000000000000 ) ;
#229 = ORIENTED_EDGE ( 'NONE', *, *, #619, .T. ) ;
#230 = EDGE_CURVE ( 'NONE', #1329, #1278, #846, .T. ) ;
#231 = DIRECTION ( 'NONE',  ( 0.000000000000000000, -1.000000000000000000, 0.000000000000000000 ) ) ;
#232 = VECTOR ( 'NONE', #643, 1000.000000000000000 ) ;
#233 = VERTEX_POINT ( 'NONE', #979 ) ;
#234 = EDGE_LOOP ( 'NONE', ( #667, #698, #1488, #11 ) ) ;
#235 = LINE ( 'NONE', #1352, #1436 ) ;
#236 = DESIGN_CONTEXT ( 'detailed design', #930, 'design' ) ;
#237 = CARTESIAN_POINT ( 'NONE',  ( -26.50000000000001066, 14.00000000000000178, 48.00000000000000000 ) ) ;
#238 = ORIENTED_EDGE ( 'NONE', *, *, #1518, .F. ) ;
#239 = LINE ( 'NONE', #1383, #1520 ) ;
#240 = CARTESIAN_POINT ( 'NONE',  ( 26.50000000000001066, -5.999999999999998224, 12.00000000000000000 ) ) ;
#241 = CIRCLE ( 'NONE', #983, 1.875000000000003331 ) ;
#242 = EDGE_LOOP ( 'NONE', ( #584, #1004, #463, #474 ) ) ;
#243 = EDGE_CURVE ( 'NONE', #1219, #452, #1475, .T. ) ;
#244 = EDGE_LOOP ( 'NONE', ( #1423, #1098, #946, #942 ) ) ;
#245 = EDGE_LOOP ( 'NONE', ( #1360, #178, #461, #848 ) ) ;
#246 = AXIS2_PLACEMENT_3D ( 'NONE', #1379, #296, #777 ) ;
#247 = DIRECTION ( 'NONE',  ( 0.000000000000000000, -1.000000000000000000, 0.000000000000000000 ) ) ;
#248 = ORIENTED_EDGE ( 'NONE', *, *, #619, .F. ) ;
#249 = FACE_OUTER_BOUND ( 'NONE', #428, .T. ) ;
#250 = ORIENTED_EDGE ( 'NONE', *, *, #798, .F. ) ;
#251 = LINE ( 'NONE', #1248, #228 ) ;
#252 = DIRECTION ( 'NONE',  ( 0.000000000000000000, 0.000000000000000000, 1.000000000000000000 ) ) ;
#253 = VERTEX_POINT ( 'NONE', #1335 ) ;
#254 = ORIENTED_EDGE ( 'NONE', *, *, #690, .T. ) ;
#255 = EDGE_CURVE ( 'NONE', #1092, #614, #443, .T. ) ;
#256 = ORIENTED_EDGE ( 'NONE', *, *, #217, .F. ) ;
#257 = DATE_AND_TIME ( #871, #1118 ) ;
#258 = DIRECTION ( 'NONE',  ( 1.000000000000000000, -0.000000000000000000, -0.000000000000000000 ) ) ;
#259 = EDGE_CURVE ( 'NONE', #1089, #1566, #945, .T. ) ;
#260 = LINE ( 'NONE', #1136, #1571 ) ;
#261 = AXIS2_PLACEMENT_3D ( 'NONE', #720, #468, #982 ) ;
#262 = AXIS2_PLACEMENT_3D ( 'NONE', #1564, #446, #572 ) ;
#263 = LINE ( 'NONE', #273, #707 ) ;
#264 = CARTESIAN_POINT ( 'NONE',  ( 26.49999999999999645, -13.99999999999999822, 27.00000000000001421 ) ) ;
#265 = ORIENTED_EDGE ( 'NONE', *, *, #1287, .F. ) ;
#266 = ORIENTED_EDGE ( 'NONE', *, *, #97, .F. ) ;
#267 = CALENDAR_DATE ( 2026, 3, 6 ) ;
#268 = LINE ( 'NONE', #511, #870 ) ;
#269 = VECTOR ( 'NONE', #588, 1000.000000000000000 ) ;
#270 = ORIENTED_EDGE ( 'NONE', *, *, #519, .T. ) ;
#271 = EDGE_CURVE ( 'NONE', #222, #1446, #673, .T. ) ;
#272 = DIRECTION ( 'NONE',  ( -1.000000000000000000, -0.000000000000000000, -0.000000000000000000 ) ) ;
#273 = CARTESIAN_POINT ( 'NONE',  ( 26.49999999999999645, -13.99999999999999822, 48.00000000000000000 ) ) ;
#274 = LINE ( 'NONE', #1250, #175 ) ;
#275 = DIRECTION ( 'NONE',  ( 1.000000000000000000, 0.000000000000000000, -0.000000000000000000 ) ) ;
#276 = DIRECTION ( 'NONE',  ( -1.000000000000000000, 4.336808689942017120E-17, -0.000000000000000000 ) ) ;
#277 = ORIENTED_EDGE ( 'NONE', *, *, #990, .F. ) ;
#278 = VECTOR ( 'NONE', #1228, 1000.000000000000000 ) ;
#279 = CARTESIAN_POINT ( 'NONE',  ( -0.000000000000000000, 3.995157865391341101, 0.000000000000000000 ) ) ;
#280 = EDGE_CURVE ( 'NONE', #1198, #233, #1199, .T. ) ;
#281 = CARTESIAN_POINT ( 'NONE',  ( -20.50000000000000711, 6.000000000000001776, 13.87500000000000000 ) ) ;
#282 = DIRECTION ( 'NONE',  ( -1.000000000000000000, -0.000000000000000000, -0.000000000000000000 ) ) ;
#283 = ORIENTED_EDGE ( 'NONE', *, *, #527, .F. ) ;
#284 = ORIENTED_EDGE ( 'NONE', *, *, #432, .T. ) ;
#285 = LINE ( 'NONE', #279, #1546 ) ;
#286 = DIRECTION ( 'NONE',  ( 0.000000000000000000, -0.000000000000000000, 1.000000000000000000 ) ) ;
#287 = FACE_OUTER_BOUND ( 'NONE', #1467, .T. ) ;
#288 = EDGE_CURVE ( 'NONE', #609, #587, #1358, .T. ) ;
#289 = VERTEX_POINT ( 'NONE', #826 ) ;
#290 = LOCAL_TIME ( 9, 31, 55.00000000000000000, #615 ) ;
#291 = CC_DESIGN_PERSON_AND_ORGANIZATION_ASSIGNMENT ( #1339, #1081, ( #486 ) ) ;
#292 = CARTESIAN_POINT ( 'NONE',  ( 20.49999999999998934, 6.000000000000001776, 12.00000000000000000 ) ) ;
#293 = ORIENTED_EDGE ( 'NONE', *, *, #677, .T. ) ;
#294 = DIRECTION ( 'NONE',  ( 0.000000000000000000, -1.000000000000000000, 0.000000000000000000 ) ) ;
#295 = CARTESIAN_POINT ( 'NONE',  ( 20.49999999999998934, 6.000000000000001776, 12.00000000000000000 ) ) ;
#296 = DIRECTION ( 'NONE',  ( -1.000000000000000000, 0.000000000000000000, -0.000000000000000000 ) ) ;
#297 = ADVANCED_FACE ( 'NONE', ( #1457 ), #715, .T. ) ;
#298 = AXIS2_PLACEMENT_3D ( 'NONE', #1298, #191, #1178 ) ;
#299 = CARTESIAN_POINT ( 'NONE',  ( 26.50000000000001066, 6.000000000000001776, 41.87500000000000000 ) ) ;
#300 = VECTOR ( 'NONE', #820, 1000.000000000000000 ) ;
#301 = ORIENTED_EDGE ( 'NONE', *, *, #1257, .T. ) ;
#302 = CARTESIAN_POINT ( 'NONE',  ( 20.49999999999998934, 6.000000000000001776, 40.00000000000000000 ) ) ;
#303 = CARTESIAN_POINT ( 'NONE',  ( 11.50000000000001066, 6.000000000000001776, 10.12500000000000000 ) ) ;
#304 = FACE_OUTER_BOUND ( 'NONE', #763, .T. ) ;
#305 = AXIS2_PLACEMENT_3D ( 'NONE', #554, #451, #943 ) ;
#306 = ADVANCED_FACE ( 'NONE', ( #1239 ), #1567, .F. ) ;
#307 = DIRECTION ( 'NONE',  ( -0.000000000000000000, -0.000000000000000000, -1.000000000000000000 ) ) ;
#308 = LINE ( 'NONE', #790, #136 ) ;
#309 = CARTESIAN_POINT ( 'NONE',  ( -20.50000000000000711, 6.000000000000001776, 12.00000000000000000 ) ) ;
#310 = CARTESIAN_POINT ( 'NONE',  ( -26.50000000000001066, 0.000000000000000000, 48.00000000000000000 ) ) ;
#311 = CIRCLE ( 'NONE', #1497, 1.875000000000000000 ) ;
#312 = DIRECTION ( 'NONE',  ( -0.000000000000000000, 1.000000000000000000, -0.000000000000000000 ) ) ;
#313 = EDGE_CURVE ( 'NONE', #233, #1198, #152, .T. ) ;
#314 = FACE_OUTER_BOUND ( 'NONE', #128, .T. ) ;
#315 = LINE ( 'NONE', #929, #1197 ) ;
#316 = AXIS2_PLACEMENT_3D ( 'NONE', #816, #822, #1307 ) ;
#317 = DIRECTION ( 'NONE',  ( 1.000000000000000000, 0.000000000000000000, 0.000000000000000000 ) ) ;
#318 = PERSON_AND_ORGANIZATION ( #1168, #1421 ) ;
#319 = VECTOR ( 'NONE', #806, 1000.000000000000000 ) ;
#320 = ORIENTED_EDGE ( 'NONE', *, *, #1317, .F. ) ;
#321 = DIRECTION ( 'NONE',  ( -0.000000000000000000, 1.000000000000000000, -0.000000000000000000 ) ) ;
#322 = EDGE_CURVE ( 'NONE', #1492, #99, #1355, .T. ) ;
#323 = DIRECTION ( 'NONE',  ( -0.7071067811865476838, 0.000000000000000000, 0.7071067811865474617 ) ) ;
#324 = VECTOR ( 'NONE', #1141, 1000.000000000000000 ) ;
#325 = CARTESIAN_POINT ( 'NONE',  ( -26.50000000000001066, -8.999999999999998224, 27.00000000000000711 ) ) ;
#326 = PERSON_AND_ORGANIZATION ( #1168, #1421 ) ;
#327 = LINE ( 'NONE', #1066, #43 ) ;
#328 = DIRECTION ( 'NONE',  ( 1.000000000000000000, 1.239088197126291063E-16, -0.000000000000000000 ) ) ;
#329 = VERTEX_POINT ( 'NONE', #734 ) ;
#330 = CIRCLE ( 'NONE', #873, 1.875000000000001776 ) ;
#331 =( NAMED_UNIT ( * ) PLANE_ANGLE_UNIT ( ) SI_UNIT ( $, .RADIAN. ) );
#332 = FACE_OUTER_BOUND ( 'NONE', #1561, .T. ) ;
#333 = VECTOR ( 'NONE', #678, 1000.000000000000000 ) ;
#334 = CARTESIAN_POINT ( 'NONE',  ( -20.50000000000000711, -5.999999999999998224, 41.87500000000000000 ) ) ;
#335 = ORIENTED_EDGE ( 'NONE', *, *, #1382, .F. ) ;
#336 = ADVANCED_FACE ( 'NONE', ( #454 ), #696, .F. ) ;
#337 = EDGE_LOOP ( 'NONE', ( #418, #383, #825, #1144 ) ) ;
#338 = CARTESIAN_POINT ( 'NONE',  ( -20.50000000000000711, -5.999999999999998224, 13.87500000000000000 ) ) ;
#339 = VERTEX_POINT ( 'NONE', #220 ) ;
#340 = CARTESIAN_POINT ( 'NONE',  ( 20.49999999999998934, -5.999999999999998224, 12.00000000000000000 ) ) ;
#341 = AXIS2_PLACEMENT_3D ( 'NONE', #1327, #1447, #368 ) ;
#342 = ORIENTED_EDGE ( 'NONE', *, *, #807, .T. ) ;
#343 = ORIENTED_EDGE ( 'NONE', *, *, #904, .T. ) ;
#344 = CARTESIAN_POINT ( 'NONE',  ( -26.50000000000001066, -5.999999999999998224, 13.87500000000000000 ) ) ;
#345 = EDGE_CURVE ( 'NONE', #1219, #1121, #965, .T. ) ;
#346 = LINE ( 'NONE', #863, #269 ) ;
#347 = ORIENTED_EDGE ( 'NONE', *, *, #313, .F. ) ;
#348 = CARTESIAN_POINT ( 'NONE',  ( -47.50000000000000711, 14.00000000000000178, 6.000000000000000000 ) ) ;
#349 = EDGE_LOOP ( 'NONE', ( #1001, #1202, #14, #1417 ) ) ;
#350 = ORIENTED_EDGE ( 'NONE', *, *, #527, .T. ) ;
#351 = APPROVAL_ROLE ( '' ) ;
#352 = FACE_OUTER_BOUND ( 'NONE', #899, .T. ) ;
#353 = VECTOR ( 'NONE', #1357, 1000.000000000000000 ) ;
#354 = EDGE_LOOP ( 'NONE', ( #342, #1574 ) ) ;
#355 = DIRECTION ( 'NONE',  ( 0.000000000000000000, -0.000000000000000000, 1.000000000000000000 ) ) ;
#356 = ORIENTED_EDGE ( 'NONE', *, *, #648, .F. ) ;
#357 = CARTESIAN_POINT ( 'NONE',  ( 11.50000000000001066, -5.999999999999998224, 13.87500000000000000 ) ) ;
#358 = DIRECTION ( 'NONE',  ( -1.000000000000000000, 0.000000000000000000, 0.000000000000000000 ) ) ;
#359 = VERTEX_POINT ( 'NONE', #13 ) ;
#360 = AXIS2_PLACEMENT_3D ( 'NONE', #1513, #546, #1145 ) ;
#361 = EDGE_LOOP ( 'NONE', ( #1349, #847, #603, #1507 ) ) ;
#362 = EDGE_LOOP ( 'NONE', ( #499, #1579, #1442, #884 ) ) ;
#363 = FACE_OUTER_BOUND ( 'NONE', #361, .T. ) ;
#364 = CARTESIAN_POINT ( 'NONE',  ( -20.50000000000000711, -5.999999999999998224, 40.00000000000000000 ) ) ;
#365 = ORIENTED_EDGE ( 'NONE', *, *, #90, .F. ) ;
#366 = EDGE_CURVE ( 'NONE', #151, #1092, #495, .T. ) ;
#367 = DIRECTION ( 'NONE',  ( 0.000000000000000000, 0.000000000000000000, 1.000000000000000000 ) ) ;
#368 = DIRECTION ( 'NONE',  ( 0.000000000000000000, -1.000000000000000000, 0.000000000000000000 ) ) ;
#369 = VECTOR ( 'NONE', #380, 1000.000000000000000 ) ;
#370 = ADVANCED_FACE ( 'NONE', ( #988 ), #1486, .F. ) ;
#371 = ORIENTED_EDGE ( 'NONE', *, *, #771, .T. ) ;
#372 = VECTOR ( 'NONE', #799, 1000.000000000000000 ) ;
#373 = ORIENTED_EDGE ( 'NONE', *, *, #1073, .T. ) ;
#374 = VECTOR ( 'NONE', #231, 1000.000000000000000 ) ;
#375 = PLANE ( 'NONE',  #662 ) ;
#376 = ORIENTED_EDGE ( 'NONE', *, *, #1057, .F. ) ;
#377 = DIRECTION ( 'NONE',  ( -1.000000000000000000, -0.000000000000000000, -0.000000000000000000 ) ) ;
#378 = EDGE_LOOP ( 'NONE', ( #706, #959, #250, #485 ) ) ;
#379 = CARTESIAN_POINT ( 'NONE',  ( -20.50000000000000711, -2.540130804108897173E-15, 48.00000000000000000 ) ) ;
#380 = DIRECTION ( 'NONE',  ( -0.000000000000000000, -0.000000000000000000, -1.000000000000000000 ) ) ;
#381 = ORIENTED_EDGE ( 'NONE', *, *, #1441, .F. ) ;
#382 = PRODUCT_DEFINITION ( 'UNKNOWN', '', #559, #236 ) ;
#383 = ORIENTED_EDGE ( 'NONE', *, *, #1414, .F. ) ;
#384 = APPROVAL_DATE_TIME ( #708, #124 ) ;
#385 = DIRECTION ( 'NONE',  ( 1.000000000000000000, 0.000000000000000000, 0.000000000000000000 ) ) ;
#386 = ORIENTED_EDGE ( 'NONE', *, *, #771, .F. ) ;
#387 = FACE_OUTER_BOUND ( 'NONE', #755, .T. ) ;
#388 = CARTESIAN_POINT ( 'NONE',  ( -11.50000000000001066, 6.000000000000001776, 40.00000000000000000 ) ) ;
#389 = CARTESIAN_POINT ( 'NONE',  ( 31.50000000000000711, -2.504842134608657567, 6.000000000000032863 ) ) ;
#390 = CARTESIAN_POINT ( 'NONE',  ( -26.50000000000001066, -8.999999999999998224, 27.00000000000000711 ) ) ;
#391 = EDGE_CURVE ( 'NONE', #1556, #1362, #1204, .T. ) ;
#392 = DIRECTION ( 'NONE',  ( 0.000000000000000000, 0.000000000000000000, 1.000000000000000000 ) ) ;
#393 = VECTOR ( 'NONE', #417, 1000.000000000000000 ) ;
#394 = CARTESIAN_POINT ( 'NONE',  ( -26.50000000000001066, -13.99999999999999822, 27.00000000000000711 ) ) ;
#395 = DIRECTION ( 'NONE',  ( 0.000000000000000000, 0.000000000000000000, -1.000000000000000000 ) ) ;
#396 = DIRECTION ( 'NONE',  ( -1.239088197126290817E-16, -1.000000000000000000, 0.000000000000000000 ) ) ;
#397 = DIRECTION ( 'NONE',  ( 0.000000000000000000, 0.000000000000000000, 1.000000000000000000 ) ) ;
#398 = ORIENTED_EDGE ( 'NONE', *, *, #119, .F. ) ;
#399 = VECTOR ( 'NONE', #358, 1000.000000000000000 ) ;
#400 = CARTESIAN_POINT ( 'NONE',  ( 11.50000000000001066, 6.000000000000001776, 13.87500000000000000 ) ) ;
#401 = EDGE_CURVE ( 'NONE', #804, #609, #645, .T. ) ;
#402 = DIRECTION ( 'NONE',  ( -0.000000000000000000, 1.000000000000000000, 0.000000000000000000 ) ) ;
#403 = FACE_OUTER_BOUND ( 'NONE', #337, .T. ) ;
#404 = CYLINDRICAL_SURFACE ( 'NONE', #1285, 1.875000000000000000 ) ;
#405 = CARTESIAN_POINT ( 'NONE',  ( -47.50000000000000711, -8.999999999999998224, 6.000000000000000000 ) ) ;
#406 = ORIENTED_EDGE ( 'NONE', *, *, #904, .F. ) ;
#407 = DIRECTION ( 'NONE',  ( -0.000000000000000000, 0.000000000000000000, 1.000000000000000000 ) ) ;
#408 = ADVANCED_FACE ( 'NONE', ( #287 ), #172, .F. ) ;
#409 = CYLINDRICAL_SURFACE ( 'NONE', #438, 1.875000000000000000 ) ;
#410 = CARTESIAN_POINT ( 'NONE',  ( -20.50000000000001066, 14.00000000000000178, 6.000000000000000000 ) ) ;
#411 = VECTOR ( 'NONE', #940, 1000.000000000000000 ) ;
#412 = DIRECTION ( 'NONE',  ( 0.7071067811865474617, 0.000000000000000000, 0.7071067811865476838 ) ) ;
#413 = CARTESIAN_POINT ( 'NONE',  ( -47.50000000000000711, -13.99999999999999822, 6.000000000000000000 ) ) ;
#414 = CARTESIAN_POINT ( 'NONE',  ( -47.50000000000000711, -8.999999999999998224, 6.000000000000000000 ) ) ;
#415 = ADVANCED_FACE ( 'NONE', ( #1154, #867, #768, #52, #403 ), #1274, .T. ) ;
#416 = LINE ( 'NONE', #1321, #399 ) ;
#417 = DIRECTION ( 'NONE',  ( 1.239088197126290817E-16, -1.000000000000000000, 0.000000000000000000 ) ) ;
#418 = ORIENTED_EDGE ( 'NONE', *, *, #288, .F. ) ;
#419 = DIRECTION ( 'NONE',  ( 0.000000000000000000, 0.000000000000000000, -1.000000000000000000 ) ) ;
#420 = LINE ( 'NONE', #543, #800 ) ;
#421 = DIRECTION ( 'NONE',  ( -1.000000000000000000, 0.000000000000000000, 0.000000000000000000 ) ) ;
#422 = CIRCLE ( 'NONE', #1137, 1.875000000000001776 ) ;
#423 = ADVANCED_FACE ( 'NONE', ( #776 ), #180, .T. ) ;
#424 = APPLICATION_PROTOCOL_DEFINITION ( 'international standard', 'config_control_design', 1994, #930 ) ;
#425 = ORIENTED_EDGE ( 'NONE', *, *, #544, .F. ) ;
#426 = CARTESIAN_POINT ( 'NONE',  ( -20.50000000000000711, -5.999999999999998224, 12.00000000000000000 ) ) ;
#427 = CARTESIAN_POINT ( 'NONE',  ( 20.49999999999998934, -5.999999999999998224, 40.00000000000000000 ) ) ;
#428 = EDGE_LOOP ( 'NONE', ( #1576, #1271, #223, #265 ) ) ;
#429 = CARTESIAN_POINT ( 'NONE',  ( 0.000000000000000000, -13.99999999999999822, 48.00000000000000000 ) ) ;
#430 = VECTOR ( 'NONE', #247, 1000.000000000000000 ) ;
#431 = AXIS2_PLACEMENT_3D ( 'NONE', #302, #1394, #294 ) ;
#432 = EDGE_CURVE ( 'NONE', #723, #289, #1517, .T. ) ;
#433 = AXIS2_PLACEMENT_3D ( 'NONE', #364, #1005, #608 ) ;
#434 = LINE ( 'NONE', #1438, #938 ) ;
#435 = LINE ( 'NONE', #922, #430 ) ;
#436 = CARTESIAN_POINT ( 'NONE',  ( 26.50000000000001066, -5.999999999999998224, 13.87500000000000000 ) ) ;
#437 = CARTESIAN_POINT ( 'NONE',  ( 26.49999999999999645, 9.000000000000001776, 27.00000000000000711 ) ) ;
#438 = AXIS2_PLACEMENT_3D ( 'NONE', #754, #629, #1368 ) ;
#439 = ORIENTED_EDGE ( 'NONE', *, *, #812, .F. ) ;
#440 = CYLINDRICAL_SURFACE ( 'NONE', #665, 1.875000000000000000 ) ;
#441 = CARTESIAN_POINT ( 'NONE',  ( 20.49999999999999645, -13.99999999999999822, 6.000000000000000000 ) ) ;
#442 = ADVANCED_FACE ( 'NONE', ( #1495 ), #409, .F. ) ;
#443 = CIRCLE ( 'NONE', #623, 1.875000000000000000 ) ;
#444 = DIRECTION ( 'NONE',  ( -1.000000000000000000, -0.000000000000000000, -0.000000000000000000 ) ) ;
#445 = CARTESIAN_POINT ( 'NONE',  ( -26.50000000000001066, 6.000000000000001776, 38.12500000000000000 ) ) ;
#446 = DIRECTION ( 'NONE',  ( 0.000000000000000000, -1.000000000000000000, 0.000000000000000000 ) ) ;
#447 = EDGE_CURVE ( 'NONE', #57, #1489, #568, .T. ) ;
#448 = FACE_OUTER_BOUND ( 'NONE', #1476, .T. ) ;
#449 = AXIS2_PLACEMENT_3D ( 'NONE', #590, #1127, #395 ) ;
#450 = ORIENTED_EDGE ( 'NONE', *, *, #155, .T. ) ;
#451 = DIRECTION ( 'NONE',  ( 1.000000000000000000, 1.239088197126291063E-16, -0.000000000000000000 ) ) ;
#452 = VERTEX_POINT ( 'NONE', #264 ) ;
#453 = AXIS2_PLACEMENT_3D ( 'NONE', #1392, #789, #1013 ) ;
#454 = FACE_OUTER_BOUND ( 'NONE', #1105, .T. ) ;
#455 = EDGE_LOOP ( 'NONE', ( #160, #1235, #1012, #949 ) ) ;
#456 = ORIENTED_EDGE ( 'NONE', *, *, #230, .T. ) ;
#457 = APPLICATION_CONTEXT ( 'configuration controlled 3d designs of mechanical parts and assemblies' ) ;
#458 = EDGE_CURVE ( 'NONE', #534, #29, #851, .T. ) ;
#459 = ORIENTED_EDGE ( 'NONE', *, *, #36, .T. ) ;
#460 = CARTESIAN_POINT ( 'NONE',  ( -41.50000000000000711, 0.000000000000000000, 0.000000000000000000 ) ) ;
#461 = ORIENTED_EDGE ( 'NONE', *, *, #1028, .F. ) ;
#462 = DIRECTION ( 'NONE',  ( 0.7071067811865474617, 0.000000000000000000, -0.7071067811865476838 ) ) ;
#463 = ORIENTED_EDGE ( 'NONE', *, *, #1179, .T. ) ;
#464 = EDGE_LOOP ( 'NONE', ( #166, #125 ) ) ;
#465 = EDGE_LOOP ( 'NONE', ( #238, #5 ) ) ;
#466 = EDGE_CURVE ( 'NONE', #576, #966, #883, .T. ) ;
#467 = APPROVAL_STATUS ( 'not_yet_approved' ) ;
#468 = DIRECTION ( 'NONE',  ( 4.336808689942017120E-17, -1.000000000000000000, 0.000000000000000000 ) ) ;
#469 = ORIENTED_EDGE ( 'NONE', *, *, #690, .F. ) ;
#470 = CARTESIAN_POINT ( 'NONE',  ( 11.50000000000001066, 6.000000000000001776, 40.00000000000000000 ) ) ;
#471 = ORIENTED_EDGE ( 'NONE', *, *, #693, .F. ) ;
#472 = CARTESIAN_POINT ( 'NONE',  ( 0.000000000000000000, -13.99999999999999822, 48.00000000000000000 ) ) ;
#473 = DIRECTION ( 'NONE',  ( 0.000000000000000000, 0.000000000000000000, -1.000000000000000000 ) ) ;
#474 = ORIENTED_EDGE ( 'NONE', *, *, #142, .T. ) ;
#475 = ORIENTED_EDGE ( 'NONE', *, *, #447, .T. ) ;
#476 = VERTEX_POINT ( 'NONE', #621 ) ;
#477 = DIRECTION ( 'NONE',  ( 1.000000000000000000, 0.000000000000000000, 0.000000000000000000 ) ) ;
#478 = EDGE_CURVE ( 'NONE', #764, #517, #536, .T. ) ;
#479 = AXIS2_PLACEMENT_3D ( 'NONE', #388, #964, #1117 ) ;
#480 = CARTESIAN_POINT ( 'NONE',  ( -47.50000000000000711, 14.00000000000000178, 0.000000000000000000 ) ) ;
#481 = EDGE_CURVE ( 'NONE', #1230, #107, #274, .T. ) ;
#482 = ORIENTED_EDGE ( 'NONE', *, *, #887, .T. ) ;
#483 = PLANE ( 'NONE',  #1003 ) ;
#484 = DIRECTION ( 'NONE',  ( 0.000000000000000000, 0.000000000000000000, 1.000000000000000000 ) ) ;
#485 = ORIENTED_EDGE ( 'NONE', *, *, #1397, .F. ) ;
#486 = SECURITY_CLASSIFICATION ( '', '', #1101 ) ;
#487 = EDGE_LOOP ( 'NONE', ( #1120, #77, #1280, #216 ) ) ;
#488 = ORIENTED_EDGE ( 'NONE', *, *, #677, .F. ) ;
#489 = CARTESIAN_POINT ( 'NONE',  ( 26.50000000000001066, -5.999999999999998224, 40.00000000000000000 ) ) ;
#490 = UNCERTAINTY_MEASURE_WITH_UNIT (LENGTH_MEASURE( 1.000000000000000082E-05 ), #563, 'distance_accuracy_value', 'NONE');
#491 = DIRECTION ( 'NONE',  ( -1.000000000000000000, -0.000000000000000000, -0.000000000000000000 ) ) ;
#492 = ORIENTED_EDGE ( 'NONE', *, *, #142, .F. ) ;
#493 = DIRECTION ( 'NONE',  ( 1.000000000000000000, 1.239088197126291063E-16, -0.000000000000000000 ) ) ;
#494 = EDGE_CURVE ( 'NONE', #966, #1329, #1139, .T. ) ;
#495 = LINE ( 'NONE', #702, #1554 ) ;
#496 = VECTOR ( 'NONE', #85, 1000.000000000000000 ) ;
#497 = EDGE_LOOP ( 'NONE', ( #1402, #1572, #1221, #1454 ) ) ;
#498 = VECTOR ( 'NONE', #611, 1000.000000000000000 ) ;
#499 = ORIENTED_EDGE ( 'NONE', *, *, #478, .F. ) ;
#500 = SHAPE_DEFINITION_REPRESENTATION ( #1080, #1545 ) ;
#501 = LINE ( 'NONE', #994, #1190 ) ;
#502 = ORIENTED_EDGE ( 'NONE', *, *, #607, .F. ) ;
#503 = CARTESIAN_POINT ( 'NONE',  ( -26.50000000000001066, 6.000000000000001776, 12.00000000000000000 ) ) ;
#504 = CIRCLE ( 'NONE', #305, 1.875000000000000000 ) ;
#505 = CARTESIAN_POINT ( 'NONE',  ( -47.50000000000000711, 14.00000000000000178, 6.000000000000000000 ) ) ;
#506 = CARTESIAN_POINT ( 'NONE',  ( 47.49999999999999289, 14.00000000000000178, 6.000000000000000000 ) ) ;
#507 = EDGE_CURVE ( 'NONE', #339, #1350, #1029, .T. ) ;
#508 = ORIENTED_EDGE ( 'NONE', *, *, #211, .T. ) ;
#509 = VECTOR ( 'NONE', #935, 1000.000000000000000 ) ;
#510 = ORIENTED_EDGE ( 'NONE', *, *, #401, .F. ) ;
#511 = CARTESIAN_POINT ( 'NONE',  ( -41.50000000000000711, 3.995157865391341101, 6.000000000000000000 ) ) ;
#512 = ORIENTED_EDGE ( 'NONE', *, *, #960, .F. ) ;
#513 = CARTESIAN_POINT ( 'NONE',  ( 0.000000000000000000, -8.999999999999998224, 0.000000000000000000 ) ) ;
#514 = VECTOR ( 'NONE', #1589, 1000.000000000000000 ) ;
#515 = CYLINDRICAL_SURFACE ( 'NONE', #479, 1.875000000000001776 ) ;
#516 = LINE ( 'NONE', #889, #692 ) ;
#517 = VERTEX_POINT ( 'NONE', #44 ) ;
#518 = FACE_OUTER_BOUND ( 'NONE', #455, .T. ) ;
#519 = EDGE_CURVE ( 'NONE', #1219, #576, #23, .T. ) ;
#520 = VERTEX_POINT ( 'NONE', #506 ) ;
#521 = DIRECTION ( 'NONE',  ( 1.000000000000000000, 0.000000000000000000, 0.000000000000000000 ) ) ;
#522 = CARTESIAN_POINT ( 'NONE',  ( 20.49999999999998934, 6.000000000000001776, 41.87500000000000000 ) ) ;
#523 = CARTESIAN_POINT ( 'NONE',  ( 20.49999999999998934, -2.540130804108894412E-15, 48.00000000000000000 ) ) ;
#524 = PLANE ( 'NONE',  #567 ) ;
#525 = VECTOR ( 'NONE', #1524, 1000.000000000000000 ) ;
#526 = EDGE_LOOP ( 'NONE', ( #256, #1240, #617 ) ) ;
#527 = EDGE_CURVE ( 'NONE', #107, #717, #32, .T. ) ;
#528 = DIRECTION ( 'NONE',  ( 1.000000000000000000, -0.000000000000000000, -0.000000000000000000 ) ) ;
#529 = DIRECTION ( 'NONE',  ( 1.000000000000000000, 1.239088197126291063E-16, -0.000000000000000000 ) ) ;
#530 = CARTESIAN_POINT ( 'NONE',  ( 41.50000000000000711, 3.995157865391341101, -9.000000000000000000 ) ) ;
#531 = CARTESIAN_POINT ( 'NONE',  ( 20.49999999999998934, 6.000000000000001776, 13.87500000000000000 ) ) ;
#532 = CARTESIAN_POINT ( 'NONE',  ( -26.50000000000001066, -13.99999999999999822, 48.00000000000000000 ) ) ;
#533 = EDGE_CURVE ( 'NONE', #1176, #1242, #516, .T. ) ;
#534 = VERTEX_POINT ( 'NONE', #65 ) ;
#535 = DIRECTION ( 'NONE',  ( 0.7071067811865474617, 0.000000000000000000, 0.7071067811865476838 ) ) ;
#536 = LINE ( 'NONE', #1378, #924 ) ;
#537 = EDGE_CURVE ( 'NONE', #1121, #1132, #709, .T. ) ;
#538 = VECTOR ( 'NONE', #535, 1000.000000000000000 ) ;
#539 = FACE_OUTER_BOUND ( 'NONE', #167, .T. ) ;
#540 = VECTOR ( 'NONE', #933, 1000.000000000000000 ) ;
#541 = FACE_OUTER_BOUND ( 'NONE', #653, .T. ) ;
#542 = LINE ( 'NONE', #1530, #663 ) ;
#543 = CARTESIAN_POINT ( 'NONE',  ( -20.50000000000000711, -2.540130804108897173E-15, 48.00000000000000000 ) ) ;
#544 = EDGE_CURVE ( 'NONE', #1556, #1308, #420, .T. ) ;
#545 = DIRECTION ( 'NONE',  ( 1.000000000000000000, -0.000000000000000000, -0.000000000000000000 ) ) ;
#546 = DIRECTION ( 'NONE',  ( -0.000000000000000000, 0.000000000000000000, 1.000000000000000000 ) ) ;
#547 = ORIENTED_EDGE ( 'NONE', *, *, #537, .T. ) ;
#548 = AXIS2_PLACEMENT_3D ( 'NONE', #1218, #1097, #462 ) ;
#549 = CARTESIAN_POINT ( 'NONE',  ( 0.000000000000000000, 0.000000000000000000, 6.000000000000000000 ) ) ;
#550 = CARTESIAN_POINT ( 'NONE',  ( -41.50000000000000711, -2.504842134608658455, -9.000000000000000000 ) ) ;
#551 = LINE ( 'NONE', #1560, #73 ) ;
#552 = EDGE_CURVE ( 'NONE', #718, #961, #116, .T. ) ;
#553 = ORIENTED_EDGE ( 'NONE', *, *, #565, .F. ) ;
#554 = CARTESIAN_POINT ( 'NONE',  ( -20.50000000000000711, -5.999999999999998224, 12.00000000000000000 ) ) ;
#555 = LINE ( 'NONE', #1053, #1479 ) ;
#556 = CARTESIAN_POINT ( 'NONE',  ( -26.50000000000001066, 6.000000000000001776, 40.00000000000000000 ) ) ;
#557 = EDGE_CURVE ( 'NONE', #222, #862, #1037, .T. ) ;
#558 = CARTESIAN_POINT ( 'NONE',  ( 0.000000000000000000, 0.000000000000000000, 0.000000000000000000 ) ) ;
#559 = PRODUCT_DEFINITION_FORMATION_WITH_SPECIFIED_SOURCE ( 'ANY', '', #1041, .NOT_KNOWN. ) ;
#560 = DIRECTION ( 'NONE',  ( -1.000000000000000000, -0.000000000000000000, -0.000000000000000000 ) ) ;
#561 = DIRECTION ( 'NONE',  ( 0.000000000000000000, -1.000000000000000000, 0.000000000000000000 ) ) ;
#562 = DIRECTION ( 'NONE',  ( -0.000000000000000000, 0.000000000000000000, 1.000000000000000000 ) ) ;
#563 =( LENGTH_UNIT ( ) NAMED_UNIT ( * ) SI_UNIT ( .MILLI., .METRE. ) );
#564 = VECTOR ( 'NONE', #72, 1000.000000000000000 ) ;
#565 = EDGE_CURVE ( 'NONE', #1556, #38, #555, .T. ) ;
#566 = LINE ( 'NONE', #1060, #1167 ) ;
#567 = AXIS2_PLACEMENT_3D ( 'NONE', #1512, #275, #1276 ) ;
#568 = CIRCLE ( 'NONE', #1281, 1.875000000000001776 ) ;
#569 = DIRECTION ( 'NONE',  ( -1.000000000000000000, 0.000000000000000000, 0.000000000000000000 ) ) ;
#570 = EDGE_LOOP ( 'NONE', ( #283, #893, #1156, #117 ) ) ;
#571 = ORIENTED_EDGE ( 'NONE', *, *, #565, .T. ) ;
#572 = DIRECTION ( 'NONE',  ( 0.000000000000000000, -0.000000000000000000, -1.000000000000000000 ) ) ;
#573 = VERTEX_POINT ( 'NONE', #901 ) ;
#574 = CARTESIAN_POINT ( 'NONE',  ( -47.50000000000000711, 14.00000000000000178, 0.000000000000000000 ) ) ;
#575 = VERTEX_POINT ( 'NONE', #414 ) ;
#576 = VERTEX_POINT ( 'NONE', #1551 ) ;
#577 = VECTOR ( 'NONE', #137, 1000.000000000000000 ) ;
#578 = PERSON_AND_ORGANIZATION_ROLE ( 'design_supplier' ) ;
#579 = LINE ( 'NONE', #674, #1133 ) ;
#580 = ORIENTED_EDGE ( 'NONE', *, *, #56, .F. ) ;
#581 = DIRECTION ( 'NONE',  ( 0.000000000000000000, -1.000000000000000000, 0.000000000000000000 ) ) ;
#582 = ORIENTED_EDGE ( 'NONE', *, *, #669, .F. ) ;
#583 = EDGE_CURVE ( 'NONE', #1124, #980, #1045, .T. ) ;
#584 = ORIENTED_EDGE ( 'NONE', *, *, #1317, .T. ) ;
#585 = EDGE_LOOP ( 'NONE', ( #649, #955, #1026, #864 ) ) ;
#586 = DIRECTION ( 'NONE',  ( 1.239088197126290817E-16, -1.000000000000000000, 0.000000000000000000 ) ) ;
#587 = VERTEX_POINT ( 'NONE', #1432 ) ;
#588 = DIRECTION ( 'NONE',  ( 0.000000000000000000, 1.000000000000000000, 0.000000000000000000 ) ) ;
#589 = ORIENTED_EDGE ( 'NONE', *, *, #97, .T. ) ;
#590 = CARTESIAN_POINT ( 'NONE',  ( 11.50000000000001066, -5.999999999999998224, 12.00000000000000000 ) ) ;
#591 = DIRECTION ( 'NONE',  ( -0.000000000000000000, 0.000000000000000000, -1.000000000000000000 ) ) ;
#592 = AXIS2_PLACEMENT_3D ( 'NONE', #45, #1030, #34 ) ;
#593 = VERTEX_POINT ( 'NONE', #1531 ) ;
#594 = EDGE_CURVE ( 'NONE', #339, #1338, #186, .T. ) ;
#595 = ORIENTED_EDGE ( 'NONE', *, *, #1234, .T. ) ;
#596 = FACE_BOUND ( 'NONE', #378, .T. ) ;
#597 = ORIENTED_EDGE ( 'NONE', *, *, #119, .T. ) ;
#598 = FACE_OUTER_BOUND ( 'NONE', #526, .T. ) ;
#599 = ORIENTED_EDGE ( 'NONE', *, *, #183, .T. ) ;
#600 = FACE_OUTER_BOUND ( 'NONE', #497, .T. ) ;
#601 = DIRECTION ( 'NONE',  ( 0.000000000000000000, -1.000000000000000000, 0.000000000000000000 ) ) ;
#602 = EDGE_LOOP ( 'NONE', ( #941, #1542 ) ) ;
#603 = ORIENTED_EDGE ( 'NONE', *, *, #10, .T. ) ;
#604 = EDGE_LOOP ( 'NONE', ( #703, #1087, #547, #595 ) ) ;
#605 = LINE ( 'NONE', #739, #82 ) ;
#606 = EDGE_LOOP ( 'NONE', ( #459, #1072, #492, #1103 ) ) ;
#607 = EDGE_CURVE ( 'NONE', #1446, #222, #1427, .T. ) ;
#608 = DIRECTION ( 'NONE',  ( 0.000000000000000000, 1.000000000000000000, 0.000000000000000000 ) ) ;
#609 = VERTEX_POINT ( 'NONE', #441 ) ;
#610 = DIRECTION ( 'NONE',  ( -1.000000000000000000, -0.000000000000000000, -0.000000000000000000 ) ) ;
#611 = DIRECTION ( 'NONE',  ( 1.239088197126290570E-16, 1.000000000000000000, 0.000000000000000000 ) ) ;
#612 = VECTOR ( 'NONE', #227, 1000.000000000000000 ) ;
#613 = ORIENTED_EDGE ( 'NONE', *, *, #46, .T. ) ;
#614 = VERTEX_POINT ( 'NONE', #344 ) ;
#615 = COORDINATED_UNIVERSAL_TIME_OFFSET ( 1, 0, .AHEAD. ) ;
#616 = DIRECTION ( 'NONE',  ( -1.000000000000000000, -0.000000000000000000, -0.000000000000000000 ) ) ;
#617 = ORIENTED_EDGE ( 'NONE', *, *, #1433, .F. ) ;
#618 = CYLINDRICAL_SURFACE ( 'NONE', #1275, 1.875000000000001776 ) ;
#619 = EDGE_CURVE ( 'NONE', #1446, #1328, #829, .T. ) ;
#620 = DIRECTION ( 'NONE',  ( -0.000000000000000000, -0.000000000000000000, -1.000000000000000000 ) ) ;
#621 = CARTESIAN_POINT ( 'NONE',  ( -26.50000000000001066, 14.00000000000000178, 27.00000000000001421 ) ) ;
#622 = CARTESIAN_POINT ( 'NONE',  ( 26.50000000000001066, 6.000000000000001776, 38.12500000000000000 ) ) ;
#623 = AXIS2_PLACEMENT_3D ( 'NONE', #1107, #855, #484 ) ;
#624 = ORIENTED_EDGE ( 'NONE', *, *, #466, .F. ) ;
#625 = LINE ( 'NONE', #141, #514 ) ;
#626 = EDGE_LOOP ( 'NONE', ( #727, #748, #1529, #835 ) ) ;
#627 = DIRECTION ( 'NONE',  ( 0.000000000000000000, -1.000000000000000000, -0.000000000000000000 ) ) ;
#628 = DIRECTION ( 'NONE',  ( -1.000000000000000000, 0.000000000000000000, 0.000000000000000000 ) ) ;
#629 = DIRECTION ( 'NONE',  ( -1.000000000000000000, -0.000000000000000000, -0.000000000000000000 ) ) ;
#630 = EDGE_CURVE ( 'NONE', #534, #1526, #1405, .T. ) ;
#631 = FACE_BOUND ( 'NONE', #953, .T. ) ;
#632 = VECTOR ( 'NONE', #1203, 1000.000000000000000 ) ;
#633 = DIRECTION ( 'NONE',  ( -0.7071067811865476838, 0.000000000000000000, 0.7071067811865474617 ) ) ;
#634 = ORIENTED_EDGE ( 'NONE', *, *, #391, .F. ) ;
#635 = CARTESIAN_POINT ( 'NONE',  ( -41.50000000000000711, 3.995157865391341101, 6.000000000000000000 ) ) ;
#636 = VECTOR ( 'NONE', #276, 1000.000000000000000 ) ;
#637 = LINE ( 'NONE', #1523, #538 ) ;
#638 = CARTESIAN_POINT ( 'NONE',  ( 1.086302113630373469E-16, -2.504842134608656679, 0.000000000000000000 ) ) ;
#639 = LINE ( 'NONE', #1164, #324 ) ;
#640 = ADVANCED_FACE ( 'NONE', ( #1061 ), #1537, .T. ) ;
#641 = VECTOR ( 'NONE', #307, 1000.000000000000000 ) ;
#642 = VERTEX_POINT ( 'NONE', #1419 ) ;
#643 = DIRECTION ( 'NONE',  ( -1.000000000000000000, -0.000000000000000000, -0.000000000000000000 ) ) ;
#644 = CYLINDRICAL_SURFACE ( 'NONE', #915, 1.875000000000000000 ) ;
#645 = LINE ( 'NONE', #877, #778 ) ;
#646 = FACE_OUTER_BOUND ( 'NONE', #773, .T. ) ;
#647 = VECTOR ( 'NONE', #791, 1000.000000000000000 ) ;
#648 = EDGE_CURVE ( 'NONE', #1082, #1456, #241, .T. ) ;
#649 = ORIENTED_EDGE ( 'NONE', *, *, #259, .F. ) ;
#650 = VECTOR ( 'NONE', #87, 1000.000000000000000 ) ;
#651 = ADVANCED_FACE ( 'NONE', ( #1189 ), #1544, .T. ) ;
#652 = CARTESIAN_POINT ( 'NONE',  ( -41.50000000000000711, 3.995157865391341101, 0.000000000000000000 ) ) ;
#653 = EDGE_LOOP ( 'NONE', ( #885, #1266, #508, #425 ) ) ;
#654 = LINE ( 'NONE', #1146, #740 ) ;
#655 = DIRECTION ( 'NONE',  ( 0.000000000000000000, -1.000000000000000000, 0.000000000000000000 ) ) ;
#656 = LINE ( 'NONE', #390, #20 ) ;
#657 = FACE_OUTER_BOUND ( 'NONE', #362, .T. ) ;
#658 = EDGE_CURVE ( 'NONE', #1242, #642, #315, .T. ) ;
#659 = ORIENTED_EDGE ( 'NONE', *, *, #1558, .T. ) ;
#660 = DIRECTION ( 'NONE',  ( 0.000000000000000000, 0.000000000000000000, -1.000000000000000000 ) ) ;
#661 = DIRECTION ( 'NONE',  ( 1.000000000000000000, -1.239088197126290817E-16, -0.000000000000000000 ) ) ;
#662 = AXIS2_PLACEMENT_3D ( 'NONE', #18, #839, #1374 ) ;
#663 = VECTOR ( 'NONE', #1536, 1000.000000000000000 ) ;
#664 = FACE_BOUND ( 'NONE', #148, .T. ) ;
#665 = AXIS2_PLACEMENT_3D ( 'NONE', #751, #377, #144 ) ;
#666 = LINE ( 'NONE', #1160, #7 ) ;
#667 = ORIENTED_EDGE ( 'NONE', *, *, #1540, .T. ) ;
#668 = DIRECTION ( 'NONE',  ( 0.000000000000000000, 1.000000000000000000, 0.000000000000000000 ) ) ;
#669 = EDGE_CURVE ( 'NONE', #593, #1593, #1464, .T. ) ;
#670 = DIRECTION ( 'NONE',  ( 1.000000000000000000, -1.239088197126290817E-16, -0.000000000000000000 ) ) ;
#671 = CARTESIAN_POINT ( 'NONE',  ( -25.50000000000000355, 0.000000000000000000, 0.000000000000000000 ) ) ;
#672 = COORDINATED_UNIVERSAL_TIME_OFFSET ( 1, 0, .AHEAD. ) ;
#673 = CIRCLE ( 'NONE', #341, 1.875000000000003331 ) ;
#674 = CARTESIAN_POINT ( 'NONE',  ( 26.49999999999999645, -8.999999999999998224, 6.000000000000000000 ) ) ;
#675 = LINE ( 'NONE', #1185, #1293 ) ;
#676 = DIRECTION ( 'NONE',  ( -1.000000000000000000, -0.000000000000000000, -0.000000000000000000 ) ) ;
#677 = EDGE_CURVE ( 'NONE', #1308, #804, #675, .T. ) ;
#678 = DIRECTION ( 'NONE',  ( 0.000000000000000000, 0.000000000000000000, 1.000000000000000000 ) ) ;
#679 = CARTESIAN_POINT ( 'NONE',  ( 31.50000000000000711, 3.995157865391341101, 6.000000000000000000 ) ) ;
#680 = CARTESIAN_POINT ( 'NONE',  ( 41.50000000000000711, 3.995157865391341101, -9.000000000000000000 ) ) ;
#681 = CARTESIAN_POINT ( 'NONE',  ( 41.50000000000000711, 3.995157865391341101, 6.000000000000000000 ) ) ;
#682 = VECTOR ( 'NONE', #477, 1000.000000000000000 ) ;
#683 = EDGE_CURVE ( 'NONE', #1362, #735, #435, .T. ) ;
#684 = LINE ( 'NONE', #89, #333 ) ;
#685 = ORIENTED_EDGE ( 'NONE', *, *, #537, .F. ) ;
#686 = AXIS2_PLACEMENT_3D ( 'NONE', #1483, #627, #711 ) ;
#687 = DIRECTION ( 'NONE',  ( 1.000000000000000000, 1.239088197126291063E-16, -0.000000000000000000 ) ) ;
#688 = CARTESIAN_POINT ( 'NONE',  ( -31.50000000000000711, 3.995157865391341101, 6.000000000000000000 ) ) ;
#689 = ORIENTED_EDGE ( 'NONE', *, *, #458, .T. ) ;
#690 = EDGE_CURVE ( 'NONE', #764, #743, #235, .T. ) ;
#691 = CARTESIAN_POINT ( 'NONE',  ( -20.50000000000001066, 14.00000000000000178, 48.00000000000000000 ) ) ;
#692 = VECTOR ( 'NONE', #1291, 1000.000000000000000 ) ;
#693 = EDGE_CURVE ( 'NONE', #764, #907, #625, .T. ) ;
#694 = LINE ( 'NONE', #208, #221 ) ;
#695 = AXIS2_PLACEMENT_3D ( 'NONE', #1538, #545, #1434 ) ;
#696 = PLANE ( 'NONE',  #1040 ) ;
#697 = ORIENTED_EDGE ( 'NONE', *, *, #1287, .T. ) ;
#698 = ORIENTED_EDGE ( 'NONE', *, *, #583, .T. ) ;
#699 = LINE ( 'NONE', #201, #993 ) ;
#700 = EDGE_CURVE ( 'NONE', #289, #1121, #1491, .T. ) ;
#701 = ORIENTED_EDGE ( 'NONE', *, *, #947, .T. ) ;
#702 = CARTESIAN_POINT ( 'NONE',  ( -11.50000000000001066, -5.999999999999998224, 10.12500000000000000 ) ) ;
#703 = ORIENTED_EDGE ( 'NONE', *, *, #243, .F. ) ;
#704 = ORIENTED_EDGE ( 'NONE', *, *, #1508, .F. ) ;
#705 = CIRCLE ( 'NONE', #33, 1.875000000000001776 ) ;
#706 = ORIENTED_EDGE ( 'NONE', *, *, #1231, .F. ) ;
#707 = VECTOR ( 'NONE', #753, 1000.000000000000000 ) ;
#708 = DATE_AND_TIME ( #267, #290 ) ;
#709 = LINE ( 'NONE', #111, #564 ) ;
#710 = EDGE_LOOP ( 'NONE', ( #335, #582 ) ) ;
#711 = DIRECTION ( 'NONE',  ( 0.000000000000000000, 0.000000000000000000, -1.000000000000000000 ) ) ;
#712 = CC_DESIGN_APPROVAL ( #1408, ( #382 ) ) ;
#713 = ADVANCED_FACE ( 'NONE', ( #363 ), #849, .F. ) ;
#714 = APPROVAL_PERSON_ORGANIZATION ( #912, #1408, #195 ) ;
#715 = PLANE ( 'NONE',  #548 ) ;
#716 = ORIENTED_EDGE ( 'NONE', *, *, #1578, .T. ) ;
#717 = VERTEX_POINT ( 'NONE', #1091 ) ;
#718 = VERTEX_POINT ( 'NONE', #27 ) ;
#719 = DATE_AND_TIME ( #1253, #1249 ) ;
#720 = CARTESIAN_POINT ( 'NONE',  ( -41.50000000000000711, -2.504842134608658455, -9.000000000000000000 ) ) ;
#721 = VECTOR ( 'NONE', #1412, 1000.000000000000000 ) ;
#722 = LINE ( 'NONE', #1093, #612 ) ;
#723 = VERTEX_POINT ( 'NONE', #1480 ) ;
#724 = CARTESIAN_POINT ( 'NONE',  ( -41.50000000000000711, 3.995157865391341101, 6.000000000000000000 ) ) ;
#725 = DIRECTION ( 'NONE',  ( 0.000000000000000000, -1.000000000000000000, 0.000000000000000000 ) ) ;
#726 = VECTOR ( 'NONE', #317, 1000.000000000000000 ) ;
#727 = ORIENTED_EDGE ( 'NONE', *, *, #880, .F. ) ;
#728 = EDGE_CURVE ( 'NONE', #1328, #862, #705, .T. ) ;
#729 = EDGE_LOOP ( 'NONE', ( #1366, #1217 ) ) ;
#730 = DIRECTION ( 'NONE',  ( 0.000000000000000000, 0.000000000000000000, 1.000000000000000000 ) ) ;
#731 = DIRECTION ( 'NONE',  ( 0.000000000000000000, 0.000000000000000000, 1.000000000000000000 ) ) ;
#732 = ORIENTED_EDGE ( 'NONE', *, *, #1140, .F. ) ;
#733 = CARTESIAN_POINT ( 'NONE',  ( 26.49999999999999645, 9.000000000000001776, 27.00000000000000711 ) ) ;
#734 = CARTESIAN_POINT ( 'NONE',  ( -31.50000000000000711, -2.504842134608658011, 6.000000000000000000 ) ) ;
#735 = VERTEX_POINT ( 'NONE', #122 ) ;
#736 = ORIENTED_EDGE ( 'NONE', *, *, #1049, .F. ) ;
#737 = EDGE_LOOP ( 'NONE', ( #347, #482, #120, #1347 ) ) ;
#738 = ADVANCED_FACE ( 'NONE', ( #970 ), #879, .F. ) ;
#739 = CARTESIAN_POINT ( 'NONE',  ( 20.49999999999998934, -2.540130804108894412E-15, 48.00000000000000000 ) ) ;
#740 = VECTOR ( 'NONE', #1015, 1000.000000000000000 ) ;
#741 = VERTEX_POINT ( 'NONE', #1111 ) ;
#742 = DIRECTION ( 'NONE',  ( 0.000000000000000000, 0.000000000000000000, -1.000000000000000000 ) ) ;
#743 = VERTEX_POINT ( 'NONE', #1134 ) ;
#744 = FACE_BOUND ( 'NONE', #465, .T. ) ;
#745 = DIRECTION ( 'NONE',  ( 1.000000000000000000, -1.239088197126290817E-16, -0.000000000000000000 ) ) ;
#746 = AXIS2_PLACEMENT_3D ( 'NONE', #558, #1562, #1443 ) ;
#747 = EDGE_LOOP ( 'NONE', ( #991, #189, #1528, #1251 ) ) ;
#748 = ORIENTED_EDGE ( 'NONE', *, *, #552, .T. ) ;
#749 = DIRECTION ( 'NONE',  ( 0.000000000000000000, -1.000000000000000000, 0.000000000000000000 ) ) ;
#750 = ORIENTED_EDGE ( 'NONE', *, *, #911, .F. ) ;
#751 = CARTESIAN_POINT ( 'NONE',  ( -11.50000000000001066, -5.999999999999998224, 12.00000000000000000 ) ) ;
#752 = EDGE_CURVE ( 'NONE', #857, #1526, #1165, .T. ) ;
#753 = DIRECTION ( 'NONE',  ( -0.000000000000000000, -0.000000000000000000, -1.000000000000000000 ) ) ;
#754 = CARTESIAN_POINT ( 'NONE',  ( -11.50000000000001066, 6.000000000000001776, 12.00000000000000000 ) ) ;
#755 = EDGE_LOOP ( 'NONE', ( #19, #1407, #1085, #219 ) ) ;
#756 = CLOSED_SHELL ( 'NONE', ( #974, #1569, #1020, #104, #1269, #75, #1303, #64, #174, #1059, #769, #1067, #1399, #788, #306, #1100, #205, #939, #1474, #24, #415, #1461, #640, #336, #297, #1361, #814, #1277, #651, #1114, #713, #49, #1039, #370, #442, #1312, #830, #408, #423, #88, #1159, #1559, #1389, #738, #1344, #858 ) ) ;
#757 = CARTESIAN_POINT ( 'NONE',  ( 47.49999999999999289, 9.000000000000001776, 6.000000000000000000 ) ) ;
#758 = ORIENTED_EDGE ( 'NONE', *, *, #145, .F. ) ;
#759 = CARTESIAN_POINT ( 'NONE',  ( 20.49999999999998934, -13.99999999999999822, 48.00000000000000000 ) ) ;
#760 = CARTESIAN_POINT ( 'NONE',  ( 47.49999999999999289, 14.00000000000000178, 0.000000000000000000 ) ) ;
#761 = EDGE_CURVE ( 'NONE', #956, #107, #1002, .T. ) ;
#762 = DIRECTION ( 'NONE',  ( 0.000000000000000000, -1.000000000000000000, 0.000000000000000000 ) ) ;
#763 = EDGE_LOOP ( 'NONE', ( #1343, #1210, #1391, #143 ) ) ;
#764 = VERTEX_POINT ( 'NONE', #1223 ) ;
#765 = LINE ( 'NONE', #1555, #1300 ) ;
#766 = AXIS2_PLACEMENT_3D ( 'NONE', #1304, #1425, #197 ) ;
#767 = LINE ( 'NONE', #1162, #1241 ) ;
#768 = FACE_BOUND ( 'NONE', #729, .T. ) ;
#769 = ADVANCED_FACE ( 'NONE', ( #596, #352 ), #1123, .T. ) ;
#770 = ORIENTED_EDGE ( 'NONE', *, *, #1549, .T. ) ;
#771 = EDGE_CURVE ( 'NONE', #26, #1278, #501, .T. ) ;
#772 = VECTOR ( 'NONE', #560, 1000.000000000000000 ) ;
#773 = EDGE_LOOP ( 'NONE', ( #1401, #149, #599, #750 ) ) ;
#774 = PLANE ( 'NONE',  #360 ) ;
#775 = DIRECTION ( 'NONE',  ( 1.000000000000000000, 0.000000000000000000, 0.000000000000000000 ) ) ;
#776 = FACE_OUTER_BOUND ( 'NONE', #234, .T. ) ;
#777 = DIRECTION ( 'NONE',  ( -0.000000000000000000, 0.000000000000000000, 1.000000000000000000 ) ) ;
#778 = VECTOR ( 'NONE', #1007, 1000.000000000000000 ) ;
#779 = EDGE_CURVE ( 'NONE', #963, #907, #605, .T. ) ;
#780 = AXIS2_PLACEMENT_3D ( 'NONE', #310, #74, #1180 ) ;
#781 = DIRECTION ( 'NONE',  ( 0.000000000000000000, 1.000000000000000000, 0.000000000000000000 ) ) ;
#782 = ORIENTED_EDGE ( 'NONE', *, *, #1441, .T. ) ;
#783 = VERTEX_POINT ( 'NONE', #757 ) ;
#784 = FACE_OUTER_BOUND ( 'NONE', #737, .T. ) ;
#785 = CARTESIAN_POINT ( 'NONE',  ( 20.49999999999998934, 6.000000000000001776, 40.00000000000000000 ) ) ;
#786 = CIRCLE ( 'NONE', #28, 1.875000000000000000 ) ;
#787 = CARTESIAN_POINT ( 'NONE',  ( -11.50000000000001066, 6.000000000000001776, 12.00000000000000000 ) ) ;
#788 = ADVANCED_FACE ( 'NONE', ( #1102 ), #375, .F. ) ;
#789 = DIRECTION ( 'NONE',  ( -1.000000000000000000, 0.000000000000000000, 0.000000000000000000 ) ) ;
#790 = CARTESIAN_POINT ( 'NONE',  ( -11.50000000000001066, -5.999999999999998224, 38.12500000000000000 ) ) ;
#791 = DIRECTION ( 'NONE',  ( 1.000000000000000000, -0.000000000000000000, -0.000000000000000000 ) ) ;
#792 = AXIS2_PLACEMENT_3D ( 'NONE', #42, #407, #775 ) ;
#793 = DIRECTION ( 'NONE',  ( 0.000000000000000000, 0.000000000000000000, 1.000000000000000000 ) ) ;
#794 = AXIS2_PLACEMENT_3D ( 'NONE', #513, #21, #355 ) ;
#795 = APPROVAL_STATUS ( 'not_yet_approved' ) ;
#796 = DIRECTION ( 'NONE',  ( -0.7071067811865474617, 0.000000000000000000, -0.7071067811865476838 ) ) ;
#797 = DIRECTION ( 'NONE',  ( 0.000000000000000000, -1.000000000000000000, 0.000000000000000000 ) ) ;
#798 = EDGE_CURVE ( 'NONE', #833, #1338, #268, .T. ) ;
#799 = DIRECTION ( 'NONE',  ( 0.000000000000000000, -1.000000000000000000, 0.000000000000000000 ) ) ;
#800 = VECTOR ( 'NONE', #586, 1000.000000000000000 ) ;
#801 = APPROVAL ( #467, 'UNSPECIFIED' ) ;
#802 = COORDINATED_UNIVERSAL_TIME_OFFSET ( 1, 0, .AHEAD. ) ;
#803 = CIRCLE ( 'NONE', #1260, 1.875000000000000000 ) ;
#804 = VERTEX_POINT ( 'NONE', #1254 ) ;
#805 = CARTESIAN_POINT ( 'NONE',  ( -11.50000000000001066, -5.999999999999998224, 13.87500000000000000 ) ) ;
#806 = DIRECTION ( 'NONE',  ( 1.000000000000000000, -0.000000000000000000, -0.000000000000000000 ) ) ;
#807 = EDGE_CURVE ( 'NONE', #862, #1328, #165, .T. ) ;
#808 = LINE ( 'NONE', #923, #926 ) ;
#809 = PERSON_AND_ORGANIZATION_ROLE ( 'creator' ) ;
#810 = CARTESIAN_POINT ( 'NONE',  ( 47.49999999999999289, -8.999999999999998224, 6.000000000000000000 ) ) ;
#811 = CYLINDRICAL_SURFACE ( 'NONE', #695, 1.875000000000000000 ) ;
#812 = EDGE_CURVE ( 'NONE', #961, #1593, #159, .T. ) ;
#813 = AXIS2_PLACEMENT_3D ( 'NONE', #185, #402, #286 ) ;
#814 = ADVANCED_FACE ( 'NONE', ( #518 ), #1011, .T. ) ;
#815 = ORIENTED_EDGE ( 'NONE', *, *, #1000, .F. ) ;
#816 = CARTESIAN_POINT ( 'NONE',  ( 31.50000000000000711, 3.995157865391341101, 6.000000000000032863 ) ) ;
#817 = ORIENTED_EDGE ( 'NONE', *, *, #658, .T. ) ;
#818 = VECTOR ( 'NONE', #177, 1000.000000000000000 ) ;
#819 = DIRECTION ( 'NONE',  ( -1.000000000000000000, 4.336808689942017120E-17, 0.000000000000000000 ) ) ;
#820 = DIRECTION ( 'NONE',  ( -0.7071067811865474617, -0.000000000000000000, 0.7071067811865476838 ) ) ;
#821 = EDGE_CURVE ( 'NONE', #963, #517, #37, .T. ) ;
#822 = DIRECTION ( 'NONE',  ( 0.7071067811865491270, 0.000000000000000000, -0.7071067811865459074 ) ) ;
#823 = DIRECTION ( 'NONE',  ( 0.000000000000000000, -1.000000000000000000, 0.000000000000000000 ) ) ;
#824 = CIRCLE ( 'NONE', #1452, 1.875000000000003331 ) ;
#825 = ORIENTED_EDGE ( 'NONE', *, *, #779, .T. ) ;
#826 = CARTESIAN_POINT ( 'NONE',  ( 26.49999999999999645, -8.999999999999998224, 6.000000000000000000 ) ) ;
#827 = ORIENTED_EDGE ( 'NONE', *, *, #1028, .T. ) ;
#828 = ORIENTED_EDGE ( 'NONE', *, *, #271, .F. ) ;
#829 = LINE ( 'NONE', #225, #721 ) ;
#830 = ADVANCED_FACE ( 'NONE', ( #154 ), #515, .F. ) ;
#831 = ORIENTED_EDGE ( 'NONE', *, *, #1451, .F. ) ;
#832 = CARTESIAN_POINT ( 'NONE',  ( -11.50000000000001066, -5.999999999999998224, 40.00000000000000000 ) ) ;
#833 = VERTEX_POINT ( 'NONE', #724 ) ;
#834 = CARTESIAN_POINT ( 'NONE',  ( 20.49999999999998934, -5.999999999999998224, 12.00000000000000000 ) ) ;
#835 = ORIENTED_EDGE ( 'NONE', *, *, #1382, .T. ) ;
#836 = AXIS2_PLACEMENT_3D ( 'NONE', #1340, #258, #1581 ) ;
#837 = ORIENTED_EDGE ( 'NONE', *, *, #986, .T. ) ;
#838 = PERSON_AND_ORGANIZATION ( #1168, #1421 ) ;
#839 = DIRECTION ( 'NONE',  ( 0.000000000000000000, -1.000000000000000000, 0.000000000000000000 ) ) ;
#840 = EDGE_LOOP ( 'NONE', ( #376, #48, #697, #1213 ) ) ;
#841 = LINE ( 'NONE', #1354, #1115 ) ;
#842 = LOCAL_TIME ( 9, 31, 55.00000000000000000, #802 ) ;
#843 = VERTEX_POINT ( 'NONE', #733 ) ;
#844 = CARTESIAN_POINT ( 'NONE',  ( -20.50000000000000711, -5.999999999999998224, 40.00000000000000000 ) ) ;
#845 = EDGE_CURVE ( 'NONE', #741, #135, #892, .T. ) ;
#846 = LINE ( 'NONE', #574, #374 ) ;
#847 = ORIENTED_EDGE ( 'NONE', *, *, #919, .T. ) ;
#848 = ORIENTED_EDGE ( 'NONE', *, *, #192, .F. ) ;
#849 = PLANE ( 'NONE',  #261 ) ;
#850 = ORIENTED_EDGE ( 'NONE', *, *, #728, .F. ) ;
#851 = CIRCLE ( 'NONE', #1125, 1.875000000000000000 ) ;
#852 = CARTESIAN_POINT ( 'NONE',  ( -41.50000000000000711, -2.504842134608658455, 6.000000000000000000 ) ) ;
#853 = ORIENTED_EDGE ( 'NONE', *, *, #155, .F. ) ;
#854 = DIRECTION ( 'NONE',  ( 1.000000000000000000, -0.000000000000000000, -0.000000000000000000 ) ) ;
#855 = DIRECTION ( 'NONE',  ( -1.000000000000000000, 0.000000000000000000, 0.000000000000000000 ) ) ;
#856 = ORIENTED_EDGE ( 'NONE', *, *, #1578, .F. ) ;
#857 = VERTEX_POINT ( 'NONE', #866 ) ;
#858 = ADVANCED_FACE ( 'NONE', ( #600 ), #146, .F. ) ;
#859 = ORIENTED_EDGE ( 'NONE', *, *, #1112, .F. ) ;
#860 = ORIENTED_EDGE ( 'NONE', *, *, #761, .T. ) ;
#861 = DIRECTION ( 'NONE',  ( -0.000000000000000000, -0.000000000000000000, -1.000000000000000000 ) ) ;
#862 = VERTEX_POINT ( 'NONE', #1227 ) ;
#863 = CARTESIAN_POINT ( 'NONE',  ( 31.50000000000000711, 3.995157865391341101, 6.000000000000000000 ) ) ;
#864 = ORIENTED_EDGE ( 'NONE', *, *, #1208, .T. ) ;
#865 = EDGE_LOOP ( 'NONE', ( #381, #874, #580, #118 ) ) ;
#866 = CARTESIAN_POINT ( 'NONE',  ( 26.50000000000001066, 6.000000000000001776, 13.87500000000000000 ) ) ;
#867 = FACE_BOUND ( 'NONE', #1331, .T. ) ;
#868 = VERTEX_POINT ( 'NONE', #505 ) ;
#869 = ORIENTED_EDGE ( 'NONE', *, *, #1245, .F. ) ;
#870 = VECTOR ( 'NONE', #749, 1000.000000000000000 ) ;
#871 = CALENDAR_DATE ( 2026, 3, 6 ) ;
#872 = DIRECTION ( 'NONE',  ( -0.000000000000000000, -0.000000000000000000, -1.000000000000000000 ) ) ;
#873 = AXIS2_PLACEMENT_3D ( 'NONE', #1473, #1138, #367 ) ;
#874 = ORIENTED_EDGE ( 'NONE', *, *, #1499, .T. ) ;
#875 = CARTESIAN_POINT ( 'NONE',  ( 11.50000000000001066, 6.000000000000001776, 12.00000000000000000 ) ) ;
#876 = CARTESIAN_POINT ( 'NONE',  ( 47.49999999999999289, 14.00000000000000178, 6.000000000000000000 ) ) ;
#877 = CARTESIAN_POINT ( 'NONE',  ( -47.50000000000000711, -13.99999999999999822, 6.000000000000000000 ) ) ;
#878 = DIRECTION ( 'NONE',  ( -1.000000000000000000, -0.000000000000000000, -0.000000000000000000 ) ) ;
#879 = CYLINDRICAL_SURFACE ( 'NONE', #836, 1.875000000000001776 ) ;
#880 = EDGE_CURVE ( 'NONE', #718, #593, #251, .T. ) ;
#881 = PLANE ( 'NONE',  #453 ) ;
#882 = DIRECTION ( 'NONE',  ( 1.000000000000000000, 4.336808689942017120E-17, 0.000000000000000000 ) ) ;
#883 = LINE ( 'NONE', #895, #16 ) ;
#884 = ORIENTED_EDGE ( 'NONE', *, *, #821, .T. ) ;
#885 = ORIENTED_EDGE ( 'NONE', *, *, #391, .T. ) ;
#886 = LINE ( 'NONE', #1409, #641 ) ;
#887 = EDGE_CURVE ( 'NONE', #233, #99, #22, .T. ) ;
#888 = CARTESIAN_POINT ( 'NONE',  ( -25.50000000000000355, 3.995157865391341101, 0.000000000000000000 ) ) ;
#889 = CARTESIAN_POINT ( 'NONE',  ( -26.50000000000001066, 9.000000000000001776, 27.00000000000000711 ) ) ;
#890 = CYLINDRICAL_SURFACE ( 'NONE', #905, 1.875000000000001776 ) ;
#891 = DIRECTION ( 'NONE',  ( -0.000000000000000000, -0.000000000000000000, -1.000000000000000000 ) ) ;
#892 = CIRCLE ( 'NONE', #206, 1.875000000000003331 ) ;
#893 = ORIENTED_EDGE ( 'NONE', *, *, #481, .F. ) ;
#894 = PLANE ( 'NONE',  #1025 ) ;
#895 = CARTESIAN_POINT ( 'NONE',  ( 47.49999999999999289, 14.00000000000000178, 0.000000000000000000 ) ) ;
#896 = EDGE_CURVE ( 'NONE', #99, #1492, #311, .T. ) ;
#897 = PLANE ( 'NONE',  #246 ) ;
#898 = CARTESIAN_POINT ( 'NONE',  ( 0.000000000000000000, 0.000000000000000000, 48.00000000000000000 ) ) ;
#899 = EDGE_LOOP ( 'NONE', ( #1095, #1194, #1264, #130 ) ) ;
#900 = DIRECTION ( 'NONE',  ( 0.000000000000000000, 1.000000000000000000, 0.000000000000000000 ) ) ;
#901 = CARTESIAN_POINT ( 'NONE',  ( 41.50000000000000711, -2.504842134608658455, 6.000000000000000000 ) ) ;
#902 = FACE_BOUND ( 'NONE', #354, .T. ) ;
#903 = VECTOR ( 'NONE', #1147, 1000.000000000000000 ) ;
#904 = EDGE_CURVE ( 'NONE', #1456, #57, #1584, .T. ) ;
#905 = AXIS2_PLACEMENT_3D ( 'NONE', #54, #878, #1023 ) ;
#906 = DIRECTION ( 'NONE',  ( 0.000000000000000000, 1.000000000000000000, 0.000000000000000000 ) ) ;
#907 = VERTEX_POINT ( 'NONE', #12 ) ;
#908 = DIRECTION ( 'NONE',  ( 0.000000000000000000, -1.000000000000000000, 0.000000000000000000 ) ) ;
#909 = DIRECTION ( 'NONE',  ( 1.000000000000000000, 1.239088197126291063E-16, -0.000000000000000000 ) ) ;
#910 = CARTESIAN_POINT ( 'NONE',  ( -47.50000000000000711, -13.99999999999999822, 0.000000000000000000 ) ) ;
#911 = EDGE_CURVE ( 'NONE', #1314, #359, #1345, .T. ) ;
#912 = PERSON_AND_ORGANIZATION ( #1168, #1421 ) ;
#913 = CARTESIAN_POINT ( 'NONE',  ( 11.50000000000001066, -5.999999999999998224, 40.00000000000000000 ) ) ;
#914 = CARTESIAN_POINT ( 'NONE',  ( -26.50000000000001066, -8.999999999999998224, 27.00000000000000711 ) ) ;
#915 = AXIS2_PLACEMENT_3D ( 'NONE', #1153, #1290, #419 ) ;
#916 = DIRECTION ( 'NONE',  ( 1.000000000000000000, 0.000000000000000000, 0.000000000000000000 ) ) ;
#917 = CIRCLE ( 'NONE', #433, 1.875000000000003331 ) ;
#918 = PERSON_AND_ORGANIZATION_ROLE ( 'design_owner' ) ;
#919 = EDGE_CURVE ( 'NONE', #1338, #329, #1465, .T. ) ;
#920 = EDGE_LOOP ( 'NONE', ( #597, #1478, #1459, #817, #659, #1158, #1244, #1496 ) ) ;
#921 = CARTESIAN_POINT ( 'NONE',  ( -26.50000000000001066, 6.000000000000001776, 40.00000000000000000 ) ) ;
#922 = CARTESIAN_POINT ( 'NONE',  ( -26.50000000000001066, 0.000000000000000000, 48.00000000000000000 ) ) ;
#923 = CARTESIAN_POINT ( 'NONE',  ( -47.50000000000000711, 14.00000000000000178, 6.000000000000000000 ) ) ;
#924 = VECTOR ( 'NONE', #762, 1000.000000000000000 ) ;
#925 =( NAMED_UNIT ( * ) SI_UNIT ( $, .STERADIAN. ) SOLID_ANGLE_UNIT ( ) );
#926 = VECTOR ( 'NONE', #1191, 1000.000000000000000 ) ;
#927 = LINE ( 'NONE', #1309, #632 ) ;
#928 = EDGE_CURVE ( 'NONE', #520, #966, #1106, .T. ) ;
#929 = CARTESIAN_POINT ( 'NONE',  ( -26.50000000000001066, 0.000000000000000000, 6.000000000000000000 ) ) ;
#930 = APPLICATION_CONTEXT ( 'configuration controlled 3d designs of mechanical parts and assemblies' ) ;
#931 = EDGE_CURVE ( 'NONE', #1034, #1500, #239, .T. ) ;
#932 = FACE_OUTER_BOUND ( 'NONE', #865, .T. ) ;
#933 = DIRECTION ( 'NONE',  ( 0.7071067811865474617, -0.000000000000000000, -0.7071067811865476838 ) ) ;
#934 = ORIENTED_EDGE ( 'NONE', *, *, #519, .F. ) ;
#935 = DIRECTION ( 'NONE',  ( -0.7071067811865459074, 0.000000000000000000, -0.7071067811865491270 ) ) ;
#936 = DIRECTION ( 'NONE',  ( 1.000000000000000000, 0.000000000000000000, 0.000000000000000000 ) ) ;
#937 = ORIENTED_EDGE ( 'NONE', *, *, #211, .F. ) ;
#938 = VECTOR ( 'NONE', #796, 1000.000000000000000 ) ;
#939 = ADVANCED_FACE ( 'NONE', ( #31, #744, #126, #1377, #2 ), #483, .T. ) ;
#940 = DIRECTION ( 'NONE',  ( -3.304235192336774526E-16, -0.000000000000000000, 1.000000000000000000 ) ) ;
#941 = ORIENTED_EDGE ( 'NONE', *, *, #1373, .F. ) ;
#942 = ORIENTED_EDGE ( 'NONE', *, *, #36, .F. ) ;
#943 = DIRECTION ( 'NONE',  ( 0.000000000000000000, 1.000000000000000000, 0.000000000000000000 ) ) ;
#944 = ORIENTED_EDGE ( 'NONE', *, *, #1193, .F. ) ;
#945 = LINE ( 'NONE', #3, #1429 ) ;
#946 = ORIENTED_EDGE ( 'NONE', *, *, #761, .F. ) ;
#947 = EDGE_CURVE ( 'NONE', #517, #452, #263, .T. ) ;
#948 = ORIENTED_EDGE ( 'NONE', *, *, #1549, .F. ) ;
#949 = ORIENTED_EDGE ( 'NONE', *, *, #1426, .T. ) ;
#950 = EDGE_LOOP ( 'NONE', ( #356, #837, #992, #406 ) ) ;
#951 = CARTESIAN_POINT ( 'NONE',  ( 25.50000000000000355, 3.995157865391341101, 0.000000000000000000 ) ) ;
#952 = AXIS2_PLACEMENT_3D ( 'NONE', #340, #1575, #581 ) ;
#953 = EDGE_LOOP ( 'NONE', ( #1048, #1229 ) ) ;
#954 = CARTESIAN_POINT ( 'NONE',  ( 26.49999999999999645, -13.99999999999999822, 27.00000000000000711 ) ) ;
#955 = ORIENTED_EDGE ( 'NONE', *, *, #204, .T. ) ;
#956 = VERTEX_POINT ( 'NONE', #1258 ) ;
#957 = ORIENTED_EDGE ( 'NONE', *, *, #145, .T. ) ;
#958 = CARTESIAN_POINT ( 'NONE',  ( -11.50000000000001066, 6.000000000000001776, 13.87500000000000000 ) ) ;
#959 = ORIENTED_EDGE ( 'NONE', *, *, #919, .F. ) ;
#960 = EDGE_CURVE ( 'NONE', #253, #1570, #330, .T. ) ;
#961 = VERTEX_POINT ( 'NONE', #281 ) ;
#962 = PLANE ( 'NONE',  #794 ) ;
#963 = VERTEX_POINT ( 'NONE', #114 ) ;
#964 = DIRECTION ( 'NONE',  ( -1.000000000000000000, -0.000000000000000000, -0.000000000000000000 ) ) ;
#965 = LINE ( 'NONE', #1466, #278 ) ;
#966 = VERTEX_POINT ( 'NONE', #760 ) ;
#967 = CC_DESIGN_DATE_AND_TIME_ASSIGNMENT ( #719, #110, ( #486 ) ) ;
#968 = ORIENTED_EDGE ( 'NONE', *, *, #1187, .T. ) ;
#969 = ORIENTED_EDGE ( 'NONE', *, *, #1324, .T. ) ;
#970 = FACE_OUTER_BOUND ( 'NONE', #1078, .T. ) ;
#971 = MANIFOLD_SOLID_BREP ( 'Mirror2', #756 ) ;
#972 = ORIENTED_EDGE ( 'NONE', *, *, #821, .F. ) ;
#973 = CARTESIAN_POINT ( 'NONE',  ( -11.50000000000001066, -5.999999999999998224, 40.00000000000000000 ) ) ;
#974 = ADVANCED_FACE ( 'NONE', ( #784 ), #644, .F. ) ;
#975 = CC_DESIGN_APPROVAL ( #124, ( #559 ) ) ;
#976 = ORIENTED_EDGE ( 'NONE', *, *, #131, .T. ) ;
#977 = DIRECTION ( 'NONE',  ( 1.000000000000000000, 1.239088197126291063E-16, -0.000000000000000000 ) ) ;
#978 = CC_DESIGN_APPROVAL ( #801, ( #486 ) ) ;
#979 = CARTESIAN_POINT ( 'NONE',  ( 20.49999999999998934, -5.999999999999998224, 13.87500000000000000 ) ) ;
#980 = VERTEX_POINT ( 'NONE', #171 ) ;
#981 = EDGE_LOOP ( 'NONE', ( #456, #386, #277, #1043, #732, #1319 ) ) ;
#982 = DIRECTION ( 'NONE',  ( 1.000000000000000000, 4.336808689942017120E-17, 0.000000000000000000 ) ) ;
#983 = AXIS2_PLACEMENT_3D ( 'NONE', #785, #661, #1171 ) ;
#984 = DIRECTION ( 'NONE',  ( 0.000000000000000000, 0.000000000000000000, 1.000000000000000000 ) ) ;
#985 = ORIENTED_EDGE ( 'NONE', *, *, #1333, .F. ) ;
#986 = EDGE_CURVE ( 'NONE', #1082, #1489, #162, .T. ) ;
#987 = CARTESIAN_POINT ( 'NONE',  ( -11.50000000000001066, 6.000000000000001776, 41.87500000000000000 ) ) ;
#988 = FACE_OUTER_BOUND ( 'NONE', #245, .T. ) ;
#989 = AXIS2_PLACEMENT_3D ( 'NONE', #81, #562, #936 ) ;
#990 = EDGE_CURVE ( 'NONE', #575, #26, #51, .T. ) ;
#991 = ORIENTED_EDGE ( 'NONE', *, *, #192, .T. ) ;
#992 = ORIENTED_EDGE ( 'NONE', *, *, #447, .F. ) ;
#993 = VECTOR ( 'NONE', #823, 1000.000000000000000 ) ;
#994 = CARTESIAN_POINT ( 'NONE',  ( -47.50000000000000711, -13.99999999999999822, 6.000000000000000000 ) ) ;
#995 = ORIENTED_EDGE ( 'NONE', *, *, #1414, .T. ) ;
#996 = DIRECTION ( 'NONE',  ( -0.000000000000000000, -0.000000000000000000, -1.000000000000000000 ) ) ;
#997 = CARTESIAN_POINT ( 'NONE',  ( 26.50000000000001066, -5.999999999999998224, 12.00000000000000000 ) ) ;
#998 = DIRECTION ( 'NONE',  ( 0.000000000000000000, 0.000000000000000000, -1.000000000000000000 ) ) ;
#999 = FACE_OUTER_BOUND ( 'NONE', #1448, .T. ) ;
#1000 = EDGE_CURVE ( 'NONE', #1456, #1082, #1143, .T. ) ;
#1001 = ORIENTED_EDGE ( 'NONE', *, *, #1201, .T. ) ;
#1002 = LINE ( 'NONE', #1243, #636 ) ;
#1003 = AXIS2_PLACEMENT_3D ( 'NONE', #379, #977, #1367 ) ;
#1004 = ORIENTED_EDGE ( 'NONE', *, *, #1286, .T. ) ;
#1005 = DIRECTION ( 'NONE',  ( 1.000000000000000000, 1.239088197126291063E-16, -0.000000000000000000 ) ) ;
#1006 = DIRECTION ( 'NONE',  ( -1.000000000000000000, -0.000000000000000000, -0.000000000000000000 ) ) ;
#1007 = DIRECTION ( 'NONE',  ( 1.000000000000000000, 0.000000000000000000, 0.000000000000000000 ) ) ;
#1008 = VECTOR ( 'NONE', #1166, 1000.000000000000000 ) ;
#1009 = DIRECTION ( 'NONE',  ( -1.000000000000000000, -0.000000000000000000, -0.000000000000000000 ) ) ;
#1010 = EDGE_CURVE ( 'NONE', #151, #1212, #102, .T. ) ;
#1011 = PLANE ( 'NONE',  #1054 ) ;
#1012 = ORIENTED_EDGE ( 'NONE', *, *, #1433, .T. ) ;
#1013 = DIRECTION ( 'NONE',  ( 0.000000000000000000, 0.000000000000000000, 1.000000000000000000 ) ) ;
#1014 = AXIS2_PLACEMENT_3D ( 'NONE', #309, #909, #1215 ) ;
#1015 = DIRECTION ( 'NONE',  ( 1.000000000000000000, -0.000000000000000000, -0.000000000000000000 ) ) ;
#1016 = DIRECTION ( 'NONE',  ( 0.000000000000000000, -1.000000000000000000, -0.000000000000000000 ) ) ;
#1017 = CARTESIAN_POINT ( 'NONE',  ( 26.50000000000001066, 6.000000000000001776, 12.00000000000000000 ) ) ;
#1018 = AXIS2_PLACEMENT_3D ( 'NONE', #556, #569, #793 ) ;
#1019 = LINE ( 'NONE', #405, #1031 ) ;
#1020 = ADVANCED_FACE ( 'NONE', ( #179 ), #1297, .F. ) ;
#1021 = FACE_BOUND ( 'NONE', #747, .T. ) ;
#1022 = DIRECTION ( 'NONE',  ( 0.000000000000000000, 0.000000000000000000, 1.000000000000000000 ) ) ;
#1023 = DIRECTION ( 'NONE',  ( 0.000000000000000000, 0.000000000000000000, 1.000000000000000000 ) ) ;
#1024 = CARTESIAN_POINT ( 'NONE',  ( -20.50000000000000711, 6.000000000000001776, 40.00000000000000000 ) ) ;
#1025 = AXIS2_PLACEMENT_3D ( 'NONE', #549, #1282, #1267 ) ;
#1026 = ORIENTED_EDGE ( 'NONE', *, *, #911, .T. ) ;
#1027 = PLANE ( 'NONE',  #61 ) ;
#1028 = EDGE_CURVE ( 'NONE', #1034, #94, #767, .T. ) ;
#1029 = LINE ( 'NONE', #638, #903 ) ;
#1030 = DIRECTION ( 'NONE',  ( -1.000000000000000000, 0.000000000000000000, -0.000000000000000000 ) ) ;
#1031 = VECTOR ( 'NONE', #1521, 1000.000000000000000 ) ;
#1032 = APPROVAL_PERSON_ORGANIZATION ( #17, #801, #132 ) ;
#1033 = CARTESIAN_POINT ( 'NONE',  ( 26.50000000000001066, -5.999999999999998224, 10.12500000000000000 ) ) ;
#1034 = VERTEX_POINT ( 'NONE', #888 ) ;
#1035 = ORIENTED_EDGE ( 'NONE', *, *, #183, .F. ) ;
#1036 = CARTESIAN_POINT ( 'NONE',  ( -47.50000000000000711, -8.999999999999998224, 6.000000000000000000 ) ) ;
#1037 = LINE ( 'NONE', #202, #319 ) ;
#1038 = CARTESIAN_POINT ( 'NONE',  ( -20.50000000000000711, 6.000000000000001776, 40.00000000000000000 ) ) ;
#1039 = ADVANCED_FACE ( 'NONE', ( #1170 ), #1411, .F. ) ;
#1040 = AXIS2_PLACEMENT_3D ( 'NONE', #1119, #601, #473 ) ;
#1041 = PRODUCT ( 'fix_cam', 'fix_cam', '', ( #95 ) ) ;
#1042 = DIRECTION ( 'NONE',  ( 1.000000000000000000, -0.000000000000000000, -0.000000000000000000 ) ) ;
#1043 = ORIENTED_EDGE ( 'NONE', *, *, #164, .F. ) ;
#1044 = DIRECTION ( 'NONE',  ( 1.000000000000000000, -0.000000000000000000, -0.000000000000000000 ) ) ;
#1045 = LINE ( 'NONE', #680, #525 ) ;
#1046 = VECTOR ( 'NONE', #1188, 1000.000000000000000 ) ;
#1047 = FACE_BOUND ( 'NONE', #710, .T. ) ;
#1048 = ORIENTED_EDGE ( 'NONE', *, *, #322, .T. ) ;
#1049 = EDGE_CURVE ( 'NONE', #1500, #833, #542, .T. ) ;
#1050 = CARTESIAN_POINT ( 'NONE',  ( 47.49999999999999289, 9.000000000000001776, 6.000000000000000000 ) ) ;
#1051 = EDGE_LOOP ( 'NONE', ( #1370, #129 ) ) ;
#1052 = DIRECTION ( 'NONE',  ( 0.000000000000000000, -1.000000000000000000, 0.000000000000000000 ) ) ;
#1053 = CARTESIAN_POINT ( 'NONE',  ( -20.50000000000001066, 14.00000000000000178, 48.00000000000000000 ) ) ;
#1054 = AXIS2_PLACEMENT_3D ( 'NONE', #1506, #633, #1142 ) ;
#1055 = DIRECTION ( 'NONE',  ( 0.000000000000000000, 1.000000000000000000, 0.000000000000000000 ) ) ;
#1056 = VECTOR ( 'NONE', #1462, 1000.000000000000000 ) ;
#1057 = EDGE_CURVE ( 'NONE', #741, #253, #308, .T. ) ;
#1058 = CYLINDRICAL_SURFACE ( 'NONE', #209, 1.875000000000001776 ) ;
#1059 = ADVANCED_FACE ( 'NONE', ( #1273, #1021, #71 ), #1418, .F. ) ;
#1060 = CARTESIAN_POINT ( 'NONE',  ( 26.49999999999999645, -8.999999999999998224, 27.00000000000000711 ) ) ;
#1061 = FACE_OUTER_BOUND ( 'NONE', #1226, .T. ) ;
#1062 = CARTESIAN_POINT ( 'NONE',  ( -26.50000000000001066, -5.999999999999998224, 12.00000000000000000 ) ) ;
#1063 = VECTOR ( 'NONE', #163, 1000.000000000000000 ) ;
#1064 = PLANE ( 'NONE',  #316 ) ;
#1065 = VECTOR ( 'NONE', #676, 1000.000000000000000 ) ;
#1066 = CARTESIAN_POINT ( 'NONE',  ( 41.50000000000000711, -2.504842134608658455, -9.000000000000000000 ) ) ;
#1067 = ADVANCED_FACE ( 'NONE', ( #314 ), #894, .T. ) ;
#1068 = CARTESIAN_POINT ( 'NONE',  ( 25.50000000000000355, -2.504842134608658011, 0.000000000000000000 ) ) ;
#1069 = DIRECTION ( 'NONE',  ( 0.000000000000000000, 0.000000000000000000, -1.000000000000000000 ) ) ;
#1070 = ORIENTED_EDGE ( 'NONE', *, *, #557, .F. ) ;
#1071 = CARTESIAN_POINT ( 'NONE',  ( 31.50000000000000711, 3.995157865391341101, 6.000000000000032863 ) ) ;
#1072 = ORIENTED_EDGE ( 'NONE', *, *, #1245, .T. ) ;
#1073 = EDGE_CURVE ( 'NONE', #868, #476, #637, .T. ) ;
#1074 = AXIS2_PLACEMENT_3D ( 'NONE', #150, #1498, #1263 ) ;
#1075 = DIRECTION ( 'NONE',  ( -1.000000000000000000, -0.000000000000000000, -0.000000000000000000 ) ) ;
#1076 = ORIENTED_EDGE ( 'NONE', *, *, #1514, .F. ) ;
#1077 = VECTOR ( 'NONE', #854, 1000.000000000000000 ) ;
#1078 = EDGE_LOOP ( 'NONE', ( #248, #828, #1505, #850 ) ) ;
#1079 = ORIENTED_EDGE ( 'NONE', *, *, #288, .T. ) ;
#1080 = PRODUCT_DEFINITION_SHAPE ( 'NONE', 'NONE',  #382 ) ;
#1081 = PERSON_AND_ORGANIZATION_ROLE ( 'classification_officer' ) ;
#1082 = VERTEX_POINT ( 'NONE', #522 ) ;
#1083 = AXIS2_PLACEMENT_3D ( 'NONE', #292, #1175, #1509 ) ;
#1084 = FACE_OUTER_BOUND ( 'NONE', #1449, .T. ) ;
#1085 = ORIENTED_EDGE ( 'NONE', *, *, #630, .T. ) ;
#1086 = CARTESIAN_POINT ( 'NONE',  ( 20.49999999999998934, -2.540130804108894412E-15, 6.000000000000000000 ) ) ;
#1087 = ORIENTED_EDGE ( 'NONE', *, *, #345, .T. ) ;
#1088 = EDGE_CURVE ( 'NONE', #1198, #1492, #654, .T. ) ;
#1089 = VERTEX_POINT ( 'NONE', #1510 ) ;
#1090 = APPROVAL_STATUS ( 'not_yet_approved' ) ;
#1091 = CARTESIAN_POINT ( 'NONE',  ( 31.50000000000000711, -2.504842134608658011, 6.000000000000000000 ) ) ;
#1092 = VERTEX_POINT ( 'NONE', #1388 ) ;
#1093 = CARTESIAN_POINT ( 'NONE',  ( 26.49999999999999645, 9.000000000000001776, 27.00000000000000711 ) ) ;
#1094 = CIRCLE ( 'NONE', #1322, 1.875000000000000000 ) ;
#1095 = ORIENTED_EDGE ( 'NONE', *, *, #217, .T. ) ;
#1096 = DIRECTION ( 'NONE',  ( 0.000000000000000000, 0.000000000000000000, 1.000000000000000000 ) ) ;
#1097 = DIRECTION ( 'NONE',  ( 0.7071067811865476838, 0.000000000000000000, 0.7071067811865474617 ) ) ;
#1098 = ORIENTED_EDGE ( 'NONE', *, *, #481, .T. ) ;
#1099 = ORIENTED_EDGE ( 'NONE', *, *, #947, .F. ) ;
#1100 = ADVANCED_FACE ( 'NONE', ( #58 ), #1027, .F. ) ;
#1101 = SECURITY_CLASSIFICATION_LEVEL ( 'unclassified' ) ;
#1102 = FACE_OUTER_BOUND ( 'NONE', #109, .T. ) ;
#1103 = ORIENTED_EDGE ( 'NONE', *, *, #583, .F. ) ;
#1104 = CARTESIAN_POINT ( 'NONE',  ( -20.50000000000000711, -13.99999999999999822, 48.00000000000000000 ) ) ;
#1105 = EDGE_LOOP ( 'NONE', ( #1577, #1515, #831 ) ) ;
#1106 = LINE ( 'NONE', #876, #1416 ) ;
#1107 = CARTESIAN_POINT ( 'NONE',  ( -26.50000000000001066, -5.999999999999998224, 12.00000000000000000 ) ) ;
#1108 = ORIENTED_EDGE ( 'NONE', *, *, #198, .F. ) ;
#1109 = EDGE_LOOP ( 'NONE', ( #1587, #1359 ) ) ;
#1110 = ORIENTED_EDGE ( 'NONE', *, *, #230, .F. ) ;
#1111 = CARTESIAN_POINT ( 'NONE',  ( -20.50000000000000711, -5.999999999999998224, 38.12500000000000000 ) ) ;
#1112 = EDGE_CURVE ( 'NONE', #1535, #26, #434, .T. ) ;
#1113 = DIRECTION ( 'NONE',  ( 0.000000000000000000, 0.000000000000000000, 1.000000000000000000 ) ) ;
#1114 = ADVANCED_FACE ( 'NONE', ( #332 ), #1320, .T. ) ;
#1115 = VECTOR ( 'NONE', #272, 1000.000000000000000 ) ;
#1116 = ORIENTED_EDGE ( 'NONE', *, *, #478, .T. ) ;
#1117 = DIRECTION ( 'NONE',  ( 0.000000000000000000, 0.000000000000000000, 1.000000000000000000 ) ) ;
#1118 = LOCAL_TIME ( 9, 31, 55.00000000000000000, #1453 ) ;
#1119 = CARTESIAN_POINT ( 'NONE',  ( 0.000000000000000000, -8.999999999999998224, 0.000000000000000000 ) ) ;
#1120 = ORIENTED_EDGE ( 'NONE', *, *, #1348, .F. ) ;
#1121 = VERTEX_POINT ( 'NONE', #810 ) ;
#1122 = COORDINATED_UNIVERSAL_TIME_OFFSET ( 1, 0, .AHEAD. ) ;
#1123 = PLANE ( 'NONE',  #1539 ) ;
#1124 = VERTEX_POINT ( 'NONE', #1315 ) ;
#1125 = AXIS2_PLACEMENT_3D ( 'NONE', #295, #745, #147 ) ;
#1126 = CARTESIAN_POINT ( 'NONE',  ( -25.50000000000000355, -2.504842134608658011, 0.000000000000000000 ) ) ;
#1127 = DIRECTION ( 'NONE',  ( 1.000000000000000000, -0.000000000000000000, -0.000000000000000000 ) ) ;
#1128 = CC_DESIGN_PERSON_AND_ORGANIZATION_ASSIGNMENT ( #318, #809, ( #382 ) ) ;
#1129 = DIRECTION ( 'NONE',  ( 0.000000000000000000, -1.000000000000000000, 0.000000000000000000 ) ) ;
#1130 = VECTOR ( 'NONE', #1055, 1000.000000000000000 ) ;
#1131 = PLANE ( 'NONE',  #592 ) ;
#1132 = VERTEX_POINT ( 'NONE', #212 ) ;
#1133 = VECTOR ( 'NONE', #96, 1000.000000000000000 ) ;
#1134 = CARTESIAN_POINT ( 'NONE',  ( 26.49999999999999645, 14.00000000000000178, 27.00000000000000711 ) ) ;
#1135 = EDGE_LOOP ( 'NONE', ( #689, #782 ) ) ;
#1136 = CARTESIAN_POINT ( 'NONE',  ( -47.50000000000000711, 14.00000000000000178, 6.000000000000000000 ) ) ;
#1137 = AXIS2_PLACEMENT_3D ( 'NONE', #921, #1195, #1445 ) ;
#1138 = DIRECTION ( 'NONE',  ( -1.000000000000000000, 0.000000000000000000, 0.000000000000000000 ) ) ;
#1139 = LINE ( 'NONE', #1268, #1063 ) ;
#1140 = EDGE_CURVE ( 'NONE', #868, #1353, #927, .T. ) ;
#1141 = DIRECTION ( 'NONE',  ( 0.7071067811865459074, 3.066586833366740881E-17, -0.7071067811865491270 ) ) ;
#1142 = DIRECTION ( 'NONE',  ( 0.7071067811865474617, 0.000000000000000000, 0.7071067811865476838 ) ) ;
#1143 = CIRCLE ( 'NONE', #431, 1.875000000000003331 ) ;
#1144 = ORIENTED_EDGE ( 'NONE', *, *, #1534, .T. ) ;
#1145 = DIRECTION ( 'NONE',  ( 1.000000000000000000, 0.000000000000000000, 0.000000000000000000 ) ) ;
#1146 = CARTESIAN_POINT ( 'NONE',  ( 11.50000000000001066, -5.999999999999998224, 10.12500000000000000 ) ) ;
#1147 = DIRECTION ( 'NONE',  ( 1.000000000000000000, 4.336808689942017120E-17, 0.000000000000000000 ) ) ;
#1148 = CIRCLE ( 'NONE', #1083, 1.875000000000000000 ) ;
#1149 = FACE_BOUND ( 'NONE', #1237, .T. ) ;
#1150 = EDGE_CURVE ( 'NONE', #961, #718, #786, .T. ) ;
#1151 = ORIENTED_EDGE ( 'NONE', *, *, #1000, .T. ) ;
#1152 = CARTESIAN_POINT ( 'NONE',  ( -47.50000000000000711, 9.000000000000001776, 6.000000000000000000 ) ) ;
#1153 = CARTESIAN_POINT ( 'NONE',  ( 11.50000000000001066, -5.999999999999998224, 12.00000000000000000 ) ) ;
#1154 = FACE_BOUND ( 'NONE', #1109, .T. ) ;
#1155 = PRODUCT_RELATED_PRODUCT_CATEGORY ( 'detail', '', ( #1041 ) ) ;
#1156 = ORIENTED_EDGE ( 'NONE', *, *, #1172, .F. ) ;
#1157 = AXIS2_PLACEMENT_3D ( 'NONE', #1284, #1420, #1186 ) ;
#1158 = ORIENTED_EDGE ( 'NONE', *, *, #1193, .T. ) ;
#1159 = ADVANCED_FACE ( 'NONE', ( #1084 ), #196, .T. ) ;
#1160 = CARTESIAN_POINT ( 'NONE',  ( -26.50000000000001066, 9.000000000000001776, 27.00000000000000711 ) ) ;
#1161 = EDGE_LOOP ( 'NONE', ( #1108, #1301 ) ) ;
#1162 = CARTESIAN_POINT ( 'NONE',  ( -28.99999999999997158, 3.995157865391341101, 3.499999999999984013 ) ) ;
#1163 = DIRECTION ( 'NONE',  ( -1.000000000000000000, 0.000000000000000000, -0.000000000000000000 ) ) ;
#1164 = CARTESIAN_POINT ( 'NONE',  ( -28.99999999999997158, -2.504842134608658011, 3.499999999999984013 ) ) ;
#1165 = CIRCLE ( 'NONE', #1369, 1.875000000000000000 ) ;
#1166 = DIRECTION ( 'NONE',  ( -0.000000000000000000, -0.000000000000000000, -1.000000000000000000 ) ) ;
#1167 = VECTOR ( 'NONE', #1052, 1000.000000000000000 ) ;
#1168 = PERSON ( 'UNSPECIFIED', 'UNSPECIFIED', 'UNSPECIFIED', ('UNSPECIFIED'), ('UNSPECIFIED'), ('UNSPECIFIED') ) ;
#1169 = ORIENTED_EDGE ( 'NONE', *, *, #1487, .T. ) ;
#1170 = FACE_OUTER_BOUND ( 'NONE', #1207, .T. ) ;
#1171 = DIRECTION ( 'NONE',  ( 0.000000000000000000, -1.000000000000000000, 0.000000000000000000 ) ) ;
#1172 = EDGE_CURVE ( 'NONE', #1205, #1230, #218, .T. ) ;
#1173 = FACE_OUTER_BOUND ( 'NONE', #920, .T. ) ;
#1174 = AXIS2_PLACEMENT_3D ( 'NONE', #832, #1365, #731 ) ;
#1175 = DIRECTION ( 'NONE',  ( 1.000000000000000000, -1.239088197126290817E-16, -0.000000000000000000 ) ) ;
#1176 = VERTEX_POINT ( 'NONE', #1184 ) ;
#1177 = DIRECTION ( 'NONE',  ( -1.000000000000000000, -0.000000000000000000, -0.000000000000000000 ) ) ;
#1178 = DIRECTION ( 'NONE',  ( 0.7071067811865474617, 0.000000000000000000, -0.7071067811865476838 ) ) ;
#1179 = EDGE_CURVE ( 'NONE', #1205, #980, #694, .T. ) ;
#1180 = DIRECTION ( 'NONE',  ( -0.000000000000000000, 0.000000000000000000, -1.000000000000000000 ) ) ;
#1181 = AXIS2_PLACEMENT_3D ( 'NONE', #214, #1209, #105 ) ;
#1182 = CALENDAR_DATE ( 2026, 3, 6 ) ;
#1183 = ORIENTED_EDGE ( 'NONE', *, *, #1201, .F. ) ;
#1184 = CARTESIAN_POINT ( 'NONE',  ( -26.50000000000001066, 9.000000000000001776, 27.00000000000000711 ) ) ;
#1185 = CARTESIAN_POINT ( 'NONE',  ( -20.50000000000000711, -13.99999999999999822, 48.00000000000000000 ) ) ;
#1186 = DIRECTION ( 'NONE',  ( 0.000000000000000000, 0.000000000000000000, 1.000000000000000000 ) ) ;
#1187 = EDGE_CURVE ( 'NONE', #1132, #289, #579, .T. ) ;
#1188 = DIRECTION ( 'NONE',  ( 0.000000000000000000, -1.000000000000000000, 0.000000000000000000 ) ) ;
#1189 = FACE_OUTER_BOUND ( 'NONE', #487, .T. ) ;
#1190 = VECTOR ( 'NONE', #872, 1000.000000000000000 ) ;
#1191 = DIRECTION ( 'NONE',  ( -1.000000000000000000, -0.000000000000000000, -0.000000000000000000 ) ) ;
#1192 = CIRCLE ( 'NONE', #1502, 1.875000000000003331 ) ;
#1193 = EDGE_CURVE ( 'NONE', #215, #1535, #699, .T. ) ;
#1194 = ORIENTED_EDGE ( 'NONE', *, *, #164, .T. ) ;
#1195 = DIRECTION ( 'NONE',  ( -1.000000000000000000, 0.000000000000000000, 0.000000000000000000 ) ) ;
#1196 = DIRECTION ( 'NONE',  ( -0.000000000000000000, -0.000000000000000000, -1.000000000000000000 ) ) ;
#1197 = VECTOR ( 'NONE', #797, 1000.000000000000000 ) ;
#1198 = VERTEX_POINT ( 'NONE', #1573 ) ;
#1199 = CIRCLE ( 'NONE', #952, 1.875000000000000000 ) ;
#1200 = APPLICATION_PROTOCOL_DEFINITION ( 'international standard', 'config_control_design', 1994, #457 ) ;
#1201 = EDGE_CURVE ( 'NONE', #1212, #151, #504, .T. ) ;
#1202 = ORIENTED_EDGE ( 'NONE', *, *, #366, .T. ) ;
#1203 = DIRECTION ( 'NONE',  ( 0.000000000000000000, -1.000000000000000000, 0.000000000000000000 ) ) ;
#1204 = LINE ( 'NONE', #98, #1580 ) ;
#1205 = VERTEX_POINT ( 'NONE', #679 ) ;
#1206 = LINE ( 'NONE', #460, #1046 ) ;
#1207 = EDGE_LOOP ( 'NONE', ( #1469, #827, #1326, #736 ) ) ;
#1208 = EDGE_CURVE ( 'NONE', #359, #1566, #422, .T. ) ;
#1209 = DIRECTION ( 'NONE',  ( 0.7071067811865491270, 0.000000000000000000, 0.7071067811865459074 ) ) ;
#1210 = ORIENTED_EDGE ( 'NONE', *, *, #798, .T. ) ;
#1211 = VECTOR ( 'NONE', #1503, 1000.000000000000000 ) ;
#1212 = VERTEX_POINT ( 'NONE', #338 ) ;
#1213 = ORIENTED_EDGE ( 'NONE', *, *, #90, .T. ) ;
#1214 = PERSON_AND_ORGANIZATION_ROLE ( 'creator' ) ;
#1215 = DIRECTION ( 'NONE',  ( 0.000000000000000000, 1.000000000000000000, 0.000000000000000000 ) ) ;
#1216 = DIRECTION ( 'NONE',  ( -1.000000000000000000, 4.336808689942017120E-17, 0.000000000000000000 ) ) ;
#1217 = ORIENTED_EDGE ( 'NONE', *, *, #607, .T. ) ;
#1218 = CARTESIAN_POINT ( 'NONE',  ( 26.49999999999999645, -8.999999999999998224, 27.00000000000000711 ) ) ;
#1219 = VERTEX_POINT ( 'NONE', #91 ) ;
#1220 = EDGE_CURVE ( 'NONE', #1500, #339, #1206, .T. ) ;
#1221 = ORIENTED_EDGE ( 'NONE', *, *, #1088, .T. ) ;
#1222 = ORIENTED_EDGE ( 'NONE', *, *, #928, .F. ) ;
#1223 = CARTESIAN_POINT ( 'NONE',  ( 26.49999999999999645, 14.00000000000000178, 48.00000000000000000 ) ) ;
#1224 = PLANE ( 'NONE',  #686 ) ;
#1225 = VECTOR ( 'NONE', #916, 1000.000000000000000 ) ;
#1226 = EDGE_LOOP ( 'NONE', ( #859, #944, #613, #1568 ) ) ;
#1227 = CARTESIAN_POINT ( 'NONE',  ( 26.50000000000001066, -5.999999999999998224, 38.12500000000000000 ) ) ;
#1228 = DIRECTION ( 'NONE',  ( -0.000000000000000000, 1.000000000000000000, -0.000000000000000000 ) ) ;
#1229 = ORIENTED_EDGE ( 'NONE', *, *, #896, .T. ) ;
#1230 = VERTEX_POINT ( 'NONE', #951 ) ;
#1231 = EDGE_CURVE ( 'NONE', #329, #94, #1557, .T. ) ;
#1232 = ORIENTED_EDGE ( 'NONE', *, *, #544, .T. ) ;
#1233 = CARTESIAN_POINT ( 'NONE',  ( 0.000000000000000000, 0.000000000000000000, 6.000000000000000000 ) ) ;
#1234 = EDGE_CURVE ( 'NONE', #1132, #452, #566, .T. ) ;
#1235 = ORIENTED_EDGE ( 'NONE', *, *, #1140, .T. ) ;
#1236 = CYLINDRICAL_SURFACE ( 'NONE', #193, 1.875000000000001776 ) ;
#1237 = EDGE_LOOP ( 'NONE', ( #475, #957 ) ) ;
#1238 = CARTESIAN_POINT ( 'NONE',  ( 11.50000000000001066, 6.000000000000001776, 38.12500000000000000 ) ) ;
#1239 = FACE_OUTER_BOUND ( 'NONE', #981, .T. ) ;
#1240 = ORIENTED_EDGE ( 'NONE', *, *, #533, .F. ) ;
#1241 = VECTOR ( 'NONE', #63, 1000.000000000000000 ) ;
#1242 = VERTEX_POINT ( 'NONE', #84 ) ;
#1243 = CARTESIAN_POINT ( 'NONE',  ( -1.086302113630373469E-16, -2.504842134608656679, 0.000000000000000000 ) ) ;
#1244 = ORIENTED_EDGE ( 'NONE', *, *, #1487, .F. ) ;
#1245 = EDGE_CURVE ( 'NONE', #956, #573, #327, .T. ) ;
#1246 = CARTESIAN_POINT ( 'NONE',  ( 47.49999999999999289, 14.00000000000000178, 6.000000000000000000 ) ) ;
#1247 = CIRCLE ( 'NONE', #41, 1.875000000000000000 ) ;
#1248 = CARTESIAN_POINT ( 'NONE',  ( -11.50000000000001066, 6.000000000000001776, 10.12500000000000000 ) ) ;
#1249 = LOCAL_TIME ( 9, 31, 55.00000000000000000, #1122 ) ;
#1250 = CARTESIAN_POINT ( 'NONE',  ( 25.50000000000000355, -2.504842134608658011, 0.000000000000000000 ) ) ;
#1251 = ORIENTED_EDGE ( 'NONE', *, *, #507, .T. ) ;
#1252 = EDGE_LOOP ( 'NONE', ( #1356, #1222, #704, #948, #4, #270 ) ) ;
#1253 = CALENDAR_DATE ( 2026, 3, 6 ) ;
#1254 = CARTESIAN_POINT ( 'NONE',  ( -20.50000000000001066, -13.99999999999999822, 6.000000000000000000 ) ) ;
#1255 = ORIENTED_EDGE ( 'NONE', *, *, #1348, .T. ) ;
#1256 = CYLINDRICAL_SURFACE ( 'NONE', #1174, 1.875000000000001776 ) ;
#1257 = EDGE_CURVE ( 'NONE', #1212, #614, #1543, .T. ) ;
#1258 = CARTESIAN_POINT ( 'NONE',  ( 41.50000000000000711, -2.504842134608658455, 0.000000000000000000 ) ) ;
#1259 = DIRECTION ( 'NONE',  ( 0.7071067811865459074, -3.066586833366740881E-17, 0.7071067811865491270 ) ) ;
#1260 = AXIS2_PLACEMENT_3D ( 'NONE', #1017, #1009, #397 ) ;
#1261 = CARTESIAN_POINT ( 'NONE',  ( 41.50000000000000711, 0.000000000000000000, 0.000000000000000000 ) ) ;
#1262 = VECTOR ( 'NONE', #321, 1000.000000000000000 ) ;
#1263 = DIRECTION ( 'NONE',  ( 0.000000000000000000, 0.000000000000000000, 1.000000000000000000 ) ) ;
#1264 = ORIENTED_EDGE ( 'NONE', *, *, #1451, .T. ) ;
#1265 = LINE ( 'NONE', #1527, #393 ) ;
#1266 = ORIENTED_EDGE ( 'NONE', *, *, #683, .T. ) ;
#1267 = DIRECTION ( 'NONE',  ( 1.000000000000000000, 0.000000000000000000, 0.000000000000000000 ) ) ;
#1268 = CARTESIAN_POINT ( 'NONE',  ( -47.50000000000000711, 14.00000000000000178, 0.000000000000000000 ) ) ;
#1269 = ADVANCED_FACE ( 'NONE', ( #1550 ), #440, .F. ) ;
#1270 = LINE ( 'NONE', #1261, #53 ) ;
#1271 = ORIENTED_EDGE ( 'NONE', *, *, #1057, .T. ) ;
#1272 = PLANE ( 'NONE',  #168 ) ;
#1273 = FACE_OUTER_BOUND ( 'NONE', #1481, .T. ) ;
#1274 = PLANE ( 'NONE',  #47 ) ;
#1275 = AXIS2_PLACEMENT_3D ( 'NONE', #973, #491, #984 ) ;
#1276 = DIRECTION ( 'NONE',  ( -0.000000000000000000, 0.000000000000000000, -1.000000000000000000 ) ) ;
#1277 = ADVANCED_FACE ( 'NONE', ( #598 ), #1224, .T. ) ;
#1278 = VERTEX_POINT ( 'NONE', #123 ) ;
#1279 = LINE ( 'NONE', #400, #818 ) ;
#1280 = ORIENTED_EDGE ( 'NONE', *, *, #1591, .T. ) ;
#1281 = AXIS2_PLACEMENT_3D ( 'NONE', #1511, #282, #59 ) ;
#1282 = DIRECTION ( 'NONE',  ( -0.000000000000000000, 0.000000000000000000, 1.000000000000000000 ) ) ;
#1283 = CARTESIAN_POINT ( 'NONE',  ( 26.49999999999999645, 0.000000000000000000, 6.000000000000000000 ) ) ;
#1284 = CARTESIAN_POINT ( 'NONE',  ( -26.50000000000001066, -5.999999999999998224, 40.00000000000000000 ) ) ;
#1285 = AXIS2_PLACEMENT_3D ( 'NONE', #787, #173, #182 ) ;
#1286 = EDGE_CURVE ( 'NONE', #717, #1205, #346, .T. ) ;
#1287 = EDGE_CURVE ( 'NONE', #135, #1570, #841, .T. ) ;
#1288 = DIRECTION ( 'NONE',  ( 0.000000000000000000, 0.000000000000000000, -1.000000000000000000 ) ) ;
#1289 = ORIENTED_EDGE ( 'NONE', *, *, #880, .T. ) ;
#1290 = DIRECTION ( 'NONE',  ( 1.000000000000000000, -0.000000000000000000, -0.000000000000000000 ) ) ;
#1291 = DIRECTION ( 'NONE',  ( 0.000000000000000000, 0.000000000000000000, -1.000000000000000000 ) ) ;
#1292 = DIRECTION ( 'NONE',  ( 0.000000000000000000, 0.000000000000000000, 1.000000000000000000 ) ) ;
#1293 = VECTOR ( 'NONE', #80, 1000.000000000000000 ) ;
#1294 = LINE ( 'NONE', #759, #1008 ) ;
#1295 = VECTOR ( 'NONE', #882, 1000.000000000000000 ) ;
#1296 = CC_DESIGN_DATE_AND_TIME_ASSIGNMENT ( #207, #224, ( #382 ) ) ;
#1297 = CYLINDRICAL_SURFACE ( 'NONE', #1371, 1.875000000000001776 ) ;
#1298 = CARTESIAN_POINT ( 'NONE',  ( 47.49999999999999289, 9.000000000000001776, 6.000000000000000000 ) ) ;
#1299 = LINE ( 'NONE', #429, #1225 ) ;
#1300 = VECTOR ( 'NONE', #312, 1000.000000000000000 ) ;
#1301 = ORIENTED_EDGE ( 'NONE', *, *, #255, .F. ) ;
#1302 = DIRECTION ( 'NONE',  ( 4.336808689942017120E-17, 1.000000000000000000, 0.000000000000000000 ) ) ;
#1303 = ADVANCED_FACE ( 'NONE', ( #249 ), #618, .F. ) ;
#1304 = CARTESIAN_POINT ( 'NONE',  ( -26.50000000000001066, 6.000000000000001776, 12.00000000000000000 ) ) ;
#1305 = PLANE ( 'NONE',  #989 ) ;
#1306 = AXIS2_PLACEMENT_3D ( 'NONE', #834, #1346, #725 ) ;
#1307 = DIRECTION ( 'NONE',  ( 0.000000000000000000, -1.000000000000000000, 0.000000000000000000 ) ) ;
#1308 = VERTEX_POINT ( 'NONE', #1104 ) ;
#1309 = CARTESIAN_POINT ( 'NONE',  ( -47.50000000000000711, 14.00000000000000178, 6.000000000000000000 ) ) ;
#1310 = DIRECTION ( 'NONE',  ( 0.7071067811865474617, 0.000000000000000000, 0.7071067811865476838 ) ) ;
#1311 = DIRECTION ( 'NONE',  ( 0.000000000000000000, 0.000000000000000000, 1.000000000000000000 ) ) ;
#1312 = ADVANCED_FACE ( 'NONE', ( #1332 ), #1256, .F. ) ;
#1313 = CALENDAR_DATE ( 2026, 3, 6 ) ;
#1314 = VERTEX_POINT ( 'NONE', #153 ) ;
#1315 = CARTESIAN_POINT ( 'NONE',  ( 41.50000000000000711, 3.995157865391341101, 0.000000000000000000 ) ) ;
#1316 = CARTESIAN_POINT ( 'NONE',  ( 26.50000000000001066, 6.000000000000001776, 40.00000000000000000 ) ) ;
#1317 = EDGE_CURVE ( 'NONE', #573, #717, #1592, .T. ) ;
#1318 = VECTOR ( 'NONE', #891, 1000.000000000000000 ) ;
#1319 = ORIENTED_EDGE ( 'NONE', *, *, #1333, .T. ) ;
#1320 = PLANE ( 'NONE',  #262 ) ;
#1321 = CARTESIAN_POINT ( 'NONE',  ( -26.50000000000001066, 9.000000000000001776, 6.000000000000000000 ) ) ;
#1322 = AXIS2_PLACEMENT_3D ( 'NONE', #1062, #421, #1292 ) ;
#1323 = FACE_OUTER_BOUND ( 'NONE', #570, .T. ) ;
#1324 = EDGE_CURVE ( 'NONE', #843, #743, #722, .T. ) ;
#1325 = CARTESIAN_POINT ( 'NONE',  ( -20.50000000000000711, 6.000000000000001776, 12.00000000000000000 ) ) ;
#1326 = ORIENTED_EDGE ( 'NONE', *, *, #1397, .T. ) ;
#1327 = CARTESIAN_POINT ( 'NONE',  ( 20.49999999999998934, -5.999999999999998224, 40.00000000000000000 ) ) ;
#1328 = VERTEX_POINT ( 'NONE', #112 ) ;
#1329 = VERTEX_POINT ( 'NONE', #480 ) ;
#1330 = DIRECTION ( 'NONE',  ( -0.000000000000000000, -0.000000000000000000, -1.000000000000000000 ) ) ;
#1331 = EDGE_LOOP ( 'NONE', ( #1151, #113 ) ) ;
#1332 = FACE_OUTER_BOUND ( 'NONE', #840, .T. ) ;
#1333 = EDGE_CURVE ( 'NONE', #868, #1329, #260, .T. ) ;
#1334 = ORIENTED_EDGE ( 'NONE', *, *, #198, .T. ) ;
#1335 = CARTESIAN_POINT ( 'NONE',  ( -26.50000000000001066, -5.999999999999998224, 38.12500000000000000 ) ) ;
#1336 = ORIENTED_EDGE ( 'NONE', *, *, #243, .T. ) ;
#1337 = ORIENTED_EDGE ( 'NONE', *, *, #928, .T. ) ;
#1338 = VERTEX_POINT ( 'NONE', #852 ) ;
#1339 = PERSON_AND_ORGANIZATION ( #1168, #1421 ) ;
#1340 = CARTESIAN_POINT ( 'NONE',  ( 11.50000000000001066, -5.999999999999998224, 40.00000000000000000 ) ) ;
#1341 = VECTOR ( 'NONE', #781, 1000.000000000000000 ) ;
#1342 = FACE_OUTER_BOUND ( 'NONE', #1393, .T. ) ;
#1343 = ORIENTED_EDGE ( 'NONE', *, *, #1049, .T. ) ;
#1344 = ADVANCED_FACE ( 'NONE', ( #1582 ), #1236, .F. ) ;
#1345 = LINE ( 'NONE', #987, #1211 ) ;
#1346 = DIRECTION ( 'NONE',  ( 1.000000000000000000, -1.239088197126290817E-16, -0.000000000000000000 ) ) ;
#1347 = ORIENTED_EDGE ( 'NONE', *, *, #1088, .F. ) ;
#1348 = EDGE_CURVE ( 'NONE', #743, #520, #134, .T. ) ;
#1349 = ORIENTED_EDGE ( 'NONE', *, *, #594, .T. ) ;
#1350 = VERTEX_POINT ( 'NONE', #1126 ) ;
#1351 = AXIS2_PLACEMENT_3D ( 'NONE', #427, #670, #561 ) ;
#1352 = CARTESIAN_POINT ( 'NONE',  ( 26.49999999999999645, 14.00000000000000178, 48.00000000000000000 ) ) ;
#1353 = VERTEX_POINT ( 'NONE', #30 ) ;
#1354 = CARTESIAN_POINT ( 'NONE',  ( -11.50000000000001066, -5.999999999999998224, 41.87500000000000000 ) ) ;
#1355 = CIRCLE ( 'NONE', #1385, 1.875000000000000000 ) ;
#1356 = ORIENTED_EDGE ( 'NONE', *, *, #466, .T. ) ;
#1357 = DIRECTION ( 'NONE',  ( 1.000000000000000000, 0.000000000000000000, 0.000000000000000000 ) ) ;
#1358 = LINE ( 'NONE', #1086, #498 ) ;
#1359 = ORIENTED_EDGE ( 'NONE', *, *, #313, .T. ) ;
#1360 = ORIENTED_EDGE ( 'NONE', *, *, #10, .F. ) ;
#1361 = ADVANCED_FACE ( 'NONE', ( #1342 ), #962, .T. ) ;
#1362 = VERTEX_POINT ( 'NONE', #237 ) ;
#1363 = APPROVAL_DATE_TIME ( #257, #801 ) ;
#1364 = DIRECTION ( 'NONE',  ( -1.000000000000000000, -0.000000000000000000, -0.000000000000000000 ) ) ;
#1365 = DIRECTION ( 'NONE',  ( -1.000000000000000000, -0.000000000000000000, -0.000000000000000000 ) ) ;
#1366 = ORIENTED_EDGE ( 'NONE', *, *, #271, .T. ) ;
#1367 = DIRECTION ( 'NONE',  ( -1.239088197126291063E-16, 1.000000000000000000, 0.000000000000000000 ) ) ;
#1368 = DIRECTION ( 'NONE',  ( 0.000000000000000000, 0.000000000000000000, 1.000000000000000000 ) ) ;
#1369 = AXIS2_PLACEMENT_3D ( 'NONE', #1470, #616, #392 ) ;
#1370 = ORIENTED_EDGE ( 'NONE', *, *, #56, .T. ) ;
#1371 = AXIS2_PLACEMENT_3D ( 'NONE', #913, #1044, #660 ) ;
#1372 = ORIENTED_EDGE ( 'NONE', *, *, #986, .F. ) ;
#1373 = EDGE_CURVE ( 'NONE', #135, #741, #917, .T. ) ;
#1374 = DIRECTION ( 'NONE',  ( 0.000000000000000000, -0.000000000000000000, -1.000000000000000000 ) ) ;
#1375 = ORIENTED_EDGE ( 'NONE', *, *, #1514, .T. ) ;
#1376 = CARTESIAN_POINT ( 'NONE',  ( 41.50000000000000711, -2.504842134608658455, 6.000000000000000000 ) ) ;
#1377 = FACE_BOUND ( 'NONE', #464, .T. ) ;
#1378 = CARTESIAN_POINT ( 'NONE',  ( 26.49999999999999645, 0.000000000000000000, 48.00000000000000000 ) ) ;
#1379 = CARTESIAN_POINT ( 'NONE',  ( 41.50000000000000711, 3.995157865391341101, -9.000000000000000000 ) ) ;
#1380 = DIRECTION ( 'NONE',  ( 1.239088197126290570E-16, 1.000000000000000000, 0.000000000000000000 ) ) ;
#1381 = LINE ( 'NONE', #1152, #1471 ) ;
#1382 = EDGE_CURVE ( 'NONE', #1593, #593, #1247, .T. ) ;
#1383 = CARTESIAN_POINT ( 'NONE',  ( 0.000000000000000000, 3.995157865391341101, 0.000000000000000000 ) ) ;
#1384 = DIRECTION ( 'NONE',  ( -1.000000000000000000, 1.239088197126290817E-16, 0.000000000000000000 ) ) ;
#1385 = AXIS2_PLACEMENT_3D ( 'NONE', #240, #1585, #252 ) ;
#1386 = ORIENTED_EDGE ( 'NONE', *, *, #432, .F. ) ;
#1387 = CARTESIAN_POINT ( 'NONE',  ( 20.49999999999998934, -5.999999999999998224, 41.87500000000000000 ) ) ;
#1388 = CARTESIAN_POINT ( 'NONE',  ( -26.50000000000001066, -5.999999999999998224, 10.12500000000000000 ) ) ;
#1389 = ADVANCED_FACE ( 'NONE', ( #387 ), #9, .F. ) ;
#1390 = CARTESIAN_POINT ( 'NONE',  ( -11.50000000000001066, -5.999999999999998224, 12.00000000000000000 ) ) ;
#1391 = ORIENTED_EDGE ( 'NONE', *, *, #594, .F. ) ;
#1392 = CARTESIAN_POINT ( 'NONE',  ( 47.49999999999999289, 14.00000000000000178, 6.000000000000000000 ) ) ;
#1393 = EDGE_LOOP ( 'NONE', ( #1458, #685, #1437 ) ) ;
#1394 = DIRECTION ( 'NONE',  ( 1.000000000000000000, -1.239088197126290817E-16, -0.000000000000000000 ) ) ;
#1395 = DIRECTION ( 'NONE',  ( -0.000000000000000000, 1.000000000000000000, -0.000000000000000000 ) ) ;
#1396 = AXIS2_PLACEMENT_3D ( 'NONE', #875, #528, #1288 ) ;
#1397 = EDGE_CURVE ( 'NONE', #94, #833, #169, .T. ) ;
#1398 = CARTESIAN_POINT ( 'NONE',  ( -47.50000000000000711, -13.99999999999999822, 6.000000000000000000 ) ) ;
#1399 = ADVANCED_FACE ( 'NONE', ( #188 ), #881, .F. ) ;
#1400 = LINE ( 'NONE', #532, #1318 ) ;
#1401 = ORIENTED_EDGE ( 'NONE', *, *, #1518, .T. ) ;
#1402 = ORIENTED_EDGE ( 'NONE', *, *, #887, .F. ) ;
#1403 = VECTOR ( 'NONE', #655, 1000.000000000000000 ) ;
#1404 = DIRECTION ( 'NONE',  ( 0.000000000000000000, -0.000000000000000000, 1.000000000000000000 ) ) ;
#1405 = LINE ( 'NONE', #303, #647 ) ;
#1406 = CIRCLE ( 'NONE', #1157, 1.875000000000001776 ) ;
#1407 = ORIENTED_EDGE ( 'NONE', *, *, #458, .F. ) ;
#1408 = APPROVAL ( #795, 'UNSPECIFIED' ) ;
#1409 = CARTESIAN_POINT ( 'NONE',  ( 20.49999999999999289, 14.00000000000000178, 48.00000000000000000 ) ) ;
#1410 = ORIENTED_EDGE ( 'NONE', *, *, #494, .F. ) ;
#1411 = PLANE ( 'NONE',  #813 ) ;
#1412 = DIRECTION ( 'NONE',  ( 1.000000000000000000, -0.000000000000000000, -0.000000000000000000 ) ) ;
#1413 = LINE ( 'NONE', #210, #372 ) ;
#1414 = EDGE_CURVE ( 'NONE', #963, #609, #1294, .T. ) ;
#1415 = FACE_OUTER_BOUND ( 'NONE', #950, .T. ) ;
#1416 = VECTOR ( 'NONE', #620, 1000.000000000000000 ) ;
#1417 = ORIENTED_EDGE ( 'NONE', *, *, #1257, .F. ) ;
#1418 = PLANE ( 'NONE',  #792 ) ;
#1419 = CARTESIAN_POINT ( 'NONE',  ( -26.50000000000001066, -8.999999999999998224, 6.000000000000000000 ) ) ;
#1420 = DIRECTION ( 'NONE',  ( -1.000000000000000000, 0.000000000000000000, 0.000000000000000000 ) ) ;
#1421 = ORGANIZATION ( 'UNSPECIFIED', 'UNSPECIFIED', '' ) ;
#1422 = DATE_AND_TIME ( #1182, #66 ) ;
#1423 = ORIENTED_EDGE ( 'NONE', *, *, #1540, .F. ) ;
#1424 = DIRECTION ( 'NONE',  ( 0.000000000000000000, 1.000000000000000000, 0.000000000000000000 ) ) ;
#1425 = DIRECTION ( 'NONE',  ( -1.000000000000000000, 0.000000000000000000, 0.000000000000000000 ) ) ;
#1426 = EDGE_CURVE ( 'NONE', #1176, #476, #666, .T. ) ;
#1427 = CIRCLE ( 'NONE', #1351, 1.875000000000003331 ) ;
#1428 = CARTESIAN_POINT ( 'NONE',  ( -20.50000000000000711, -5.999999999999998224, 10.12500000000000000 ) ) ;
#1429 = VECTOR ( 'NONE', #127, 1000.000000000000000 ) ;
#1430 = CC_DESIGN_PERSON_AND_ORGANIZATION_ASSIGNMENT ( #838, #578, ( #559 ) ) ;
#1431 = CARTESIAN_POINT ( 'NONE',  ( -31.50000000000000711, 3.995157865391341101, 6.000000000000000000 ) ) ;
#1432 = CARTESIAN_POINT ( 'NONE',  ( 20.49999999999999645, 14.00000000000000178, 6.000000000000000000 ) ) ;
#1433 = EDGE_CURVE ( 'NONE', #1353, #1176, #1381, .T. ) ;
#1434 = DIRECTION ( 'NONE',  ( 0.000000000000000000, 0.000000000000000000, -1.000000000000000000 ) ) ;
#1435 = EDGE_LOOP ( 'NONE', ( #1372, #815, #343, #758 ) ) ;
#1436 = VECTOR ( 'NONE', #861, 1000.000000000000000 ) ;
#1437 = ORIENTED_EDGE ( 'NONE', *, *, #700, .F. ) ;
#1438 = CARTESIAN_POINT ( 'NONE',  ( -26.50000000000001066, -13.99999999999999822, 27.00000000000000711 ) ) ;
#1439 = VECTOR ( 'NONE', #1516, 1000.000000000000000 ) ;
#1440 = FACE_BOUND ( 'NONE', #1161, .T. ) ;
#1441 = EDGE_CURVE ( 'NONE', #29, #534, #1148, .T. ) ;
#1442 = ORIENTED_EDGE ( 'NONE', *, *, #779, .F. ) ;
#1443 = DIRECTION ( 'NONE',  ( 1.000000000000000000, 0.000000000000000000, 0.000000000000000000 ) ) ;
#1444 = ORIENTED_EDGE ( 'NONE', *, *, #401, .T. ) ;
#1445 = DIRECTION ( 'NONE',  ( 0.000000000000000000, 0.000000000000000000, 1.000000000000000000 ) ) ;
#1446 = VERTEX_POINT ( 'NONE', #1387 ) ;
#1447 = DIRECTION ( 'NONE',  ( 1.000000000000000000, -1.239088197126290817E-16, -0.000000000000000000 ) ) ;
#1448 = EDGE_LOOP ( 'NONE', ( #969, #469, #1116, #701, #176, #968, #1386, #716 ) ) ;
#1449 = EDGE_LOOP ( 'NONE', ( #860, #350, #320, #869 ) ) ;
#1450 = ORIENTED_EDGE ( 'NONE', *, *, #700, .T. ) ;
#1451 = EDGE_CURVE ( 'NONE', #575, #642, #1019, .T. ) ;
#1452 = AXIS2_PLACEMENT_3D ( 'NONE', #1038, #328, #1547 ) ;
#1453 = COORDINATED_UNIVERSAL_TIME_OFFSET ( 1, 0, .AHEAD. ) ;
#1454 = ORIENTED_EDGE ( 'NONE', *, *, #896, .F. ) ;
#1455 = DIRECTION ( 'NONE',  ( -0.000000000000000000, -0.000000000000000000, 1.000000000000000000 ) ) ;
#1456 = VERTEX_POINT ( 'NONE', #50 ) ;
#1457 = FACE_OUTER_BOUND ( 'NONE', #604, .T. ) ;
#1458 = ORIENTED_EDGE ( 'NONE', *, *, #1187, .F. ) ;
#1459 = ORIENTED_EDGE ( 'NONE', *, *, #533, .T. ) ;
#1460 = DIRECTION ( 'NONE',  ( -1.000000000000000000, -0.000000000000000000, -0.000000000000000000 ) ) ;
#1461 = ADVANCED_FACE ( 'NONE', ( #657 ), #1272, .T. ) ;
#1462 = DIRECTION ( 'NONE',  ( 0.7071067811865474617, -0.000000000000000000, -0.7071067811865476838 ) ) ;
#1463 = ORIENTED_EDGE ( 'NONE', *, *, #131, .F. ) ;
#1464 = CIRCLE ( 'NONE', #766, 1.875000000000000000 ) ;
#1465 = LINE ( 'NONE', #1494, #1295 ) ;
#1466 = CARTESIAN_POINT ( 'NONE',  ( 47.49999999999999289, 14.00000000000000178, 6.000000000000000000 ) ) ;
#1467 = EDGE_LOOP ( 'NONE', ( #1590, #8, #301, #1334 ) ) ;
#1468 = EDGE_LOOP ( 'NONE', ( #1583, #1035 ) ) ;
#1469 = ORIENTED_EDGE ( 'NONE', *, *, #931, .F. ) ;
#1470 = CARTESIAN_POINT ( 'NONE',  ( 26.50000000000001066, 6.000000000000001776, 12.00000000000000000 ) ) ;
#1471 = VECTOR ( 'NONE', #412, 1000.000000000000000 ) ;
#1472 = DIRECTION ( 'NONE',  ( 1.000000000000000000, -0.000000000000000000, -0.000000000000000000 ) ) ;
#1473 = CARTESIAN_POINT ( 'NONE',  ( -26.50000000000001066, -5.999999999999998224, 40.00000000000000000 ) ) ;
#1474 = ADVANCED_FACE ( 'NONE', ( #541 ), #774, .T. ) ;
#1475 = LINE ( 'NONE', #954, #300 ) ;
#1476 = EDGE_LOOP ( 'NONE', ( #589, #284, #1450, #770 ) ) ;
#1477 = ORIENTED_EDGE ( 'NONE', *, *, #669, .T. ) ;
#1478 = ORIENTED_EDGE ( 'NONE', *, *, #1426, .F. ) ;
#1479 = VECTOR ( 'NONE', #1330, 1000.000000000000000 ) ;
#1480 = CARTESIAN_POINT ( 'NONE',  ( 26.50000000000000355, 9.000000000000001776, 6.000000000000000000 ) ) ;
#1481 = EDGE_LOOP ( 'NONE', ( #624, #853, #1110, #1410 ) ) ;
#1482 = CIRCLE ( 'NONE', #1018, 1.875000000000001776 ) ;
#1483 = CARTESIAN_POINT ( 'NONE',  ( 0.000000000000000000, 9.000000000000001776, 0.000000000000000000 ) ) ;
#1484 = AXIS2_PLACEMENT_3D ( 'NONE', #530, #1016, #998 ) ;
#1485 = DIRECTION ( 'NONE',  ( 0.000000000000000000, 1.000000000000000000, 0.000000000000000000 ) ) ;
#1486 = PLANE ( 'NONE',  #1181 ) ;
#1487 = EDGE_CURVE ( 'NONE', #735, #1535, #1400, .T. ) ;
#1488 = ORIENTED_EDGE ( 'NONE', *, *, #1179, .F. ) ;
#1489 = VERTEX_POINT ( 'NONE', #299 ) ;
#1490 = PERSON_AND_ORGANIZATION ( #1168, #1421 ) ;
#1491 = LINE ( 'NONE', #6, #682 ) ;
#1492 = VERTEX_POINT ( 'NONE', #1033 ) ;
#1493 = DIRECTION ( 'NONE',  ( -1.000000000000000000, 0.000000000000000000, 0.000000000000000000 ) ) ;
#1494 = CARTESIAN_POINT ( 'NONE',  ( -41.50000000000000711, -2.504842134608658455, 6.000000000000000000 ) ) ;
#1495 = FACE_OUTER_BOUND ( 'NONE', #626, .T. ) ;
#1496 = ORIENTED_EDGE ( 'NONE', *, *, #683, .F. ) ;
#1497 = AXIS2_PLACEMENT_3D ( 'NONE', #997, #1006, #1096 ) ;
#1498 = DIRECTION ( 'NONE',  ( -1.000000000000000000, -0.000000000000000000, -0.000000000000000000 ) ) ;
#1499 = EDGE_CURVE ( 'NONE', #29, #857, #1279, .T. ) ;
#1500 = VERTEX_POINT ( 'NONE', #652 ) ;
#1501 = CARTESIAN_POINT ( 'NONE',  ( 26.50000000000001066, 6.000000000000001776, 10.12500000000000000 ) ) ;
#1502 = AXIS2_PLACEMENT_3D ( 'NONE', #1024, #161, #906 ) ;
#1503 = DIRECTION ( 'NONE',  ( -1.000000000000000000, -0.000000000000000000, -0.000000000000000000 ) ) ;
#1504 = DIRECTION ( 'NONE',  ( -1.000000000000000000, -0.000000000000000000, -0.000000000000000000 ) ) ;
#1505 = ORIENTED_EDGE ( 'NONE', *, *, #557, .T. ) ;
#1506 = CARTESIAN_POINT ( 'NONE',  ( -47.50000000000000711, 9.000000000000001776, 6.000000000000000000 ) ) ;
#1507 = ORIENTED_EDGE ( 'NONE', *, *, #507, .F. ) ;
#1508 = EDGE_CURVE ( 'NONE', #783, #520, #68, .T. ) ;
#1509 = DIRECTION ( 'NONE',  ( 0.000000000000000000, -1.000000000000000000, 0.000000000000000000 ) ) ;
#1510 = CARTESIAN_POINT ( 'NONE',  ( -20.50000000000000711, 6.000000000000001776, 38.12500000000000000 ) ) ;
#1511 = CARTESIAN_POINT ( 'NONE',  ( 26.50000000000001066, 6.000000000000001776, 40.00000000000000000 ) ) ;
#1512 = CARTESIAN_POINT ( 'NONE',  ( 26.49999999999999645, 0.000000000000000000, 48.00000000000000000 ) ) ;
#1513 = CARTESIAN_POINT ( 'NONE',  ( 0.000000000000000000, 0.000000000000000000, 48.00000000000000000 ) ) ;
#1514 = EDGE_CURVE ( 'NONE', #38, #804, #1265, .T. ) ;
#1515 = ORIENTED_EDGE ( 'NONE', *, *, #1558, .F. ) ;
#1516 = DIRECTION ( 'NONE',  ( 1.000000000000000000, -0.000000000000000000, -0.000000000000000000 ) ) ;
#1517 = LINE ( 'NONE', #1283, #1403 ) ;
#1518 = EDGE_CURVE ( 'NONE', #1314, #1089, #1192, .T. ) ;
#1519 = DIRECTION ( 'NONE',  ( 0.000000000000000000, -1.000000000000000000, 0.000000000000000000 ) ) ;
#1520 = VECTOR ( 'NONE', #628, 1000.000000000000000 ) ;
#1521 = DIRECTION ( 'NONE',  ( 1.000000000000000000, 0.000000000000000000, 0.000000000000000000 ) ) ;
#1522 = ORIENTED_EDGE ( 'NONE', *, *, #1150, .T. ) ;
#1523 = CARTESIAN_POINT ( 'NONE',  ( -47.50000000000000711, 14.00000000000000178, 6.000000000000000000 ) ) ;
#1524 = DIRECTION ( 'NONE',  ( -0.000000000000000000, -0.000000000000000000, 1.000000000000000000 ) ) ;
#1525 = CC_DESIGN_PERSON_AND_ORGANIZATION_ASSIGNMENT ( #326, #918, ( #1041 ) ) ;
#1526 = VERTEX_POINT ( 'NONE', #1501 ) ;
#1527 = CARTESIAN_POINT ( 'NONE',  ( -20.50000000000000711, -2.540130804108897173E-15, 6.000000000000000000 ) ) ;
#1528 = ORIENTED_EDGE ( 'NONE', *, *, #1220, .T. ) ;
#1529 = ORIENTED_EDGE ( 'NONE', *, *, #812, .T. ) ;
#1530 = CARTESIAN_POINT ( 'NONE',  ( -41.50000000000000711, 3.995157865391341101, -9.000000000000000000 ) ) ;
#1531 = CARTESIAN_POINT ( 'NONE',  ( -26.50000000000001066, 6.000000000000001776, 10.12500000000000000 ) ) ;
#1532 = AXIS2_PLACEMENT_3D ( 'NONE', #348, #138, #591 ) ;
#1533 = PLANE ( 'NONE',  #780 ) ;
#1534 = EDGE_CURVE ( 'NONE', #907, #587, #886, .T. ) ;
#1535 = VERTEX_POINT ( 'NONE', #394 ) ;
#1536 = DIRECTION ( 'NONE',  ( -0.000000000000000000, -0.000000000000000000, 1.000000000000000000 ) ) ;
#1537 = PLANE ( 'NONE',  #92 ) ;
#1538 = CARTESIAN_POINT ( 'NONE',  ( 11.50000000000001066, 6.000000000000001776, 12.00000000000000000 ) ) ;
#1539 = AXIS2_PLACEMENT_3D ( 'NONE', #1233, #133, #385 ) ;
#1540 = EDGE_CURVE ( 'NONE', #1230, #1124, #285, .T. ) ;
#1541 = LINE ( 'NONE', #437, #411 ) ;
#1542 = ORIENTED_EDGE ( 'NONE', *, *, #845, .F. ) ;
#1543 = LINE ( 'NONE', #805, #772 ) ;
#1544 = PLANE ( 'NONE',  #298 ) ;
#1545 = ADVANCED_BREP_SHAPE_REPRESENTATION ( 'fix_cam', ( #971, #746 ), #108 ) ;
#1546 = VECTOR ( 'NONE', #521, 1000.000000000000000 ) ;
#1547 = DIRECTION ( 'NONE',  ( 0.000000000000000000, 1.000000000000000000, 0.000000000000000000 ) ) ;
#1548 = CARTESIAN_POINT ( 'NONE',  ( 11.50000000000001066, 6.000000000000001776, 40.00000000000000000 ) ) ;
#1549 = EDGE_CURVE ( 'NONE', #1121, #783, #765, .T. ) ;
#1550 = FACE_OUTER_BOUND ( 'NONE', #349, .T. ) ;
#1551 = CARTESIAN_POINT ( 'NONE',  ( 47.49999999999999289, -13.99999999999999822, 0.000000000000000000 ) ) ;
#1552 = AXIS2_PLACEMENT_3D ( 'NONE', #1390, #1504, #1022 ) ;
#1553 = LINE ( 'NONE', #194, #1065 ) ;
#1554 = VECTOR ( 'NONE', #1075, 1000.000000000000000 ) ;
#1555 = CARTESIAN_POINT ( 'NONE',  ( 47.49999999999999289, 14.00000000000000178, 6.000000000000000000 ) ) ;
#1556 = VERTEX_POINT ( 'NONE', #691 ) ;
#1557 = LINE ( 'NONE', #1431, #1262 ) ;
#1558 = EDGE_CURVE ( 'NONE', #642, #215, #684, .T. ) ;
#1559 = ADVANCED_FACE ( 'NONE', ( #1323 ), #1064, .T. ) ;
#1560 = CARTESIAN_POINT ( 'NONE',  ( -26.50000000000001066, 14.00000000000000178, 48.00000000000000000 ) ) ;
#1561 = EDGE_LOOP ( 'NONE', ( #856, #266, #103 ) ) ;
#1562 = DIRECTION ( 'NONE',  ( 0.000000000000000000, 0.000000000000000000, 1.000000000000000000 ) ) ;
#1563 = ORIENTED_EDGE ( 'NONE', *, *, #1112, .T. ) ;
#1564 = CARTESIAN_POINT ( 'NONE',  ( 0.000000000000000000, 9.000000000000001776, 0.000000000000000000 ) ) ;
#1565 = AXIS2_PLACEMENT_3D ( 'NONE', #426, #529, #668 ) ;
#1566 = VERTEX_POINT ( 'NONE', #445 ) ;
#1567 = PLANE ( 'NONE',  #1532 ) ;
#1568 = ORIENTED_EDGE ( 'NONE', *, *, #990, .T. ) ;
#1569 = ADVANCED_FACE ( 'NONE', ( #1415 ), #1058, .F. ) ;
#1570 = VERTEX_POINT ( 'NONE', #100 ) ;
#1571 = VECTOR ( 'NONE', #996, 1000.000000000000000 ) ;
#1572 = ORIENTED_EDGE ( 'NONE', *, *, #280, .F. ) ;
#1573 = CARTESIAN_POINT ( 'NONE',  ( 20.49999999999998934, -5.999999999999998224, 10.12500000000000000 ) ) ;
#1574 = ORIENTED_EDGE ( 'NONE', *, *, #728, .T. ) ;
#1575 = DIRECTION ( 'NONE',  ( 1.000000000000000000, -1.239088197126290817E-16, -0.000000000000000000 ) ) ;
#1576 = ORIENTED_EDGE ( 'NONE', *, *, #1373, .T. ) ;
#1577 = ORIENTED_EDGE ( 'NONE', *, *, #46, .F. ) ;
#1578 = EDGE_CURVE ( 'NONE', #723, #843, #1541, .T. ) ;
#1579 = ORIENTED_EDGE ( 'NONE', *, *, #693, .T. ) ;
#1580 = VECTOR ( 'NONE', #1163, 1000.000000000000000 ) ;
#1581 = DIRECTION ( 'NONE',  ( 0.000000000000000000, 0.000000000000000000, -1.000000000000000000 ) ) ;
#1582 = FACE_OUTER_BOUND ( 'NONE', #1435, .T. ) ;
#1583 = ORIENTED_EDGE ( 'NONE', *, *, #1208, .F. ) ;
#1584 = LINE ( 'NONE', #1238, #577 ) ;
#1585 = DIRECTION ( 'NONE',  ( -1.000000000000000000, -0.000000000000000000, -0.000000000000000000 ) ) ;
#1586 = EDGE_LOOP ( 'NONE', ( #934, #1336, #1099, #972, #995, #510, #488, #937, #1169, #1563, #371, #450 ) ) ;
#1587 = ORIENTED_EDGE ( 'NONE', *, *, #280, .T. ) ;
#1588 = PERSON_AND_ORGANIZATION ( #1168, #1421 ) ;
#1589 = DIRECTION ( 'NONE',  ( -1.000000000000000000, 0.000000000000000000, -0.000000000000000000 ) ) ;
#1590 = ORIENTED_EDGE ( 'NONE', *, *, #366, .F. ) ;
#1591 = EDGE_CURVE ( 'NONE', #843, #783, #76, .T. ) ;
#1592 = LINE ( 'NONE', #1376, #39 ) ;
#1593 = VERTEX_POINT ( 'NONE', #200 ) ;
ENDSEC;
END-ISO-10303-21;
