ISO-10303-21;
HEADER;
FILE_DESCRIPTION (( 'STEP AP203' ),
    '1' );
FILE_NAME ('batterie.STEP',
    '2026-08-10T11:12:10',
    ( '' ),
    ( '' ),
    'SwSTEP 2.0',
    'SolidWorks 2020',
    '' );
FILE_SCHEMA (( 'CONFIG_CONTROL_DESIGN' ));
ENDSEC;

DATA;
#1 = DIRECTION ( 'NONE',  ( 1.000000000000000000, 0.000000000000000000, 0.000000000000000000 ) ) ;
#2 = EDGE_CURVE ( 'NONE', #1870, #1341, #2720, .T. ) ;
#3 = ORIENTED_EDGE ( 'NONE', *, *, #388, .F. ) ;
#4 = VERTEX_POINT ( 'NONE', #2014 ) ;
#5 = LINE ( 'NONE', #1122, #725 ) ;
#6 = EDGE_CURVE ( 'NONE', #621, #1598, #1130, .T. ) ;
#7 = ORIENTED_EDGE ( 'NONE', *, *, #1207, .T. ) ;
#8 = CARTESIAN_POINT ( 'NONE',  ( 0.000000000000000000, -27.49999999999999289, 49.00000000000000000 ) ) ;
#9 = DIRECTION ( 'NONE',  ( 1.000000000000000000, 0.000000000000000000, 0.000000000000000000 ) ) ;
#10 = ORIENTED_EDGE ( 'NONE', *, *, #961, .F. ) ;
#11 = FACE_OUTER_BOUND ( 'NONE', #765, .T. ) ;
#12 = DIRECTION ( 'NONE',  ( 1.000000000000000000, -6.938893903907251057E-16, 0.000000000000000000 ) ) ;
#13 = DIRECTION ( 'NONE',  ( 1.000000000000000000, 0.000000000000000000, 0.000000000000000000 ) ) ;
#14 = ORIENTED_EDGE ( 'NONE', *, *, #1897, .F. ) ;
#15 = ORIENTED_EDGE ( 'NONE', *, *, #329, .F. ) ;
#16 = PLANE ( 'NONE',  #1691 ) ;
#17 = CARTESIAN_POINT ( 'NONE',  ( 74.99999999999998579, -22.50000000000000711, 49.00000000000000000 ) ) ;
#18 = VECTOR ( 'NONE', #642, 1000.000000000000000 ) ;
#19 = ADVANCED_FACE ( 'NONE', ( #1173 ), #958, .T. ) ;
#20 = ORIENTED_EDGE ( 'NONE', *, *, #1901, .T. ) ;
#21 = AXIS2_PLACEMENT_3D ( 'NONE', #1813, #2702, #931 ) ;
#22 = CARTESIAN_POINT ( 'NONE',  ( 47.50000000000001421, -24.99999999999999645, 54.00000000000000000 ) ) ;
#23 = LINE ( 'NONE', #2468, #2329 ) ;
#24 = VECTOR ( 'NONE', #1976, 1000.000000000000000 ) ;
#25 = EDGE_CURVE ( 'NONE', #2495, #551, #2705, .T. ) ;
#26 = ORIENTED_EDGE ( 'NONE', *, *, #1959, .F. ) ;
#27 = ORIENTED_EDGE ( 'NONE', *, *, #429, .T. ) ;
#28 = DIRECTION ( 'NONE',  ( 0.000000000000000000, 1.000000000000000000, 0.000000000000000000 ) ) ;
#29 = VERTEX_POINT ( 'NONE', #1700 ) ;
#30 = VERTEX_POINT ( 'NONE', #1431 ) ;
#31 = FACE_OUTER_BOUND ( 'NONE', #677, .T. ) ;
#32 = EDGE_CURVE ( 'NONE', #2786, #2411, #993, .T. ) ;
#33 = CARTESIAN_POINT ( 'NONE',  ( -49.99999999999998579, 25.00000000000000355, 49.00000000000000000 ) ) ;
#34 = FACE_OUTER_BOUND ( 'NONE', #1460, .T. ) ;
#35 = VECTOR ( 'NONE', #2345, 1000.000000000000000 ) ;
#36 = VERTEX_POINT ( 'NONE', #104 ) ;
#37 = ORIENTED_EDGE ( 'NONE', *, *, #131, .T. ) ;
#38 = DIRECTION ( 'NONE',  ( -0.000000000000000000, -0.000000000000000000, -1.000000000000000000 ) ) ;
#39 = CARTESIAN_POINT ( 'NONE',  ( -69.99999999999998579, 0.000000000000000000, 49.00000000000000000 ) ) ;
#40 = EDGE_CURVE ( 'NONE', #849, #1057, #73, .T. ) ;
#42 = DIRECTION ( 'NONE',  ( -1.239088197126290570E-16, 1.000000000000000000, 0.000000000000000000 ) ) ;
#41 = VECTOR ( 'NONE', #2718, 1000.000000000000000 ) ;
#43 = VECTOR ( 'NONE', #1306, 1000.000000000000000 ) ;
#44 = AXIS2_PLACEMENT_3D ( 'NONE', #2761, #111, #713 ) ;
#45 = ORIENTED_EDGE ( 'NONE', *, *, #25, .T. ) ;
#46 = VERTEX_POINT ( 'NONE', #1187 ) ;
#47 = VECTOR ( 'NONE', #1232, 1000.000000000000000 ) ;
#48 = ORIENTED_EDGE ( 'NONE', *, *, #2562, .T. ) ;
#49 = CARTESIAN_POINT ( 'NONE',  ( -46.87750100080077686, -27.49999999999999289, 54.00000000000000000 ) ) ;
#50 = DIRECTION ( 'NONE',  ( 1.000000000000000000, 0.000000000000000000, 0.000000000000000000 ) ) ;
#51 = DIRECTION ( 'NONE',  ( 0.000000000000000000, 0.000000000000000000, -1.000000000000000000 ) ) ;
#52 = ORIENTED_EDGE ( 'NONE', *, *, #1914, .F. ) ;
#53 = ORIENTED_EDGE ( 'NONE', *, *, #1003, .F. ) ;
#54 = CARTESIAN_POINT ( 'NONE',  ( -69.99999999999998579, 0.000000000000000000, 5.000000000000000000 ) ) ;
#55 = DIRECTION ( 'NONE',  ( -0.000000000000000000, -0.000000000000000000, -1.000000000000000000 ) ) ;
#56 = EDGE_CURVE ( 'NONE', #1102, #2494, #1873, .T. ) ;
#57 = CARTESIAN_POINT ( 'NONE',  ( -69.99999999999998579, 0.000000000000000000, 0.000000000000000000 ) ) ;
#58 = VERTEX_POINT ( 'NONE', #2100 ) ;
#59 = EDGE_LOOP ( 'NONE', ( #2134, #497, #2251, #1818 ) ) ;
#60 = EDGE_CURVE ( 'NONE', #2447, #1324, #89, .T. ) ;
#61 = APPLICATION_CONTEXT ( 'configuration controlled 3d designs of mechanical parts and assemblies' ) ;
#62 = CARTESIAN_POINT ( 'NONE',  ( 25.00000000000001066, 27.50000000000000711, 5.000000000000000000 ) ) ;
#63 = EDGE_LOOP ( 'NONE', ( #3, #2737, #1279, #2700 ) ) ;
#64 = FACE_OUTER_BOUND ( 'NONE', #63, .T. ) ;
#65 = CARTESIAN_POINT ( 'NONE',  ( 70.00000000000001421, -22.50000000000000711, 49.00000000000000000 ) ) ;
#66 = CARTESIAN_POINT ( 'NONE',  ( 0.000000000000000000, 22.50000000000000355, 5.000000000000000000 ) ) ;
#67 = VERTEX_POINT ( 'NONE', #352 ) ;
#68 = ORIENTED_EDGE ( 'NONE', *, *, #2501, .F. ) ;
#69 = CARTESIAN_POINT ( 'NONE',  ( -69.99999999999998579, 2.499999999999985789, 49.00000000000000000 ) ) ;
#70 = LINE ( 'NONE', #1186, #1579 ) ;
#71 = VECTOR ( 'NONE', #2568, 1000.000000000000000 ) ;
#72 = EDGE_CURVE ( 'NONE', #1364, #1274, #2194, .T. ) ;
#73 = LINE ( 'NONE', #525, #315 ) ;
#74 = VECTOR ( 'NONE', #1696, 1000.000000000000000 ) ;
#75 = FACE_OUTER_BOUND ( 'NONE', #1910, .T. ) ;
#76 = EDGE_CURVE ( 'NONE', #1692, #1324, #2796, .T. ) ;
#77 = ORIENTED_EDGE ( 'NONE', *, *, #2049, .F. ) ;
#78 = EDGE_CURVE ( 'NONE', #248, #2332, #1219, .T. ) ;
#79 = ORIENTED_EDGE ( 'NONE', *, *, #2598, .T. ) ;
#80 = APPROVAL_DATE_TIME ( #2832, #2576 ) ;
#81 = DIRECTION ( 'NONE',  ( -0.000000000000000000, 0.000000000000000000, 1.000000000000000000 ) ) ;
#82 = CARTESIAN_POINT ( 'NONE',  ( 0.000000000000000000, -5.000000000000005329, 5.000000000000000000 ) ) ;
#83 = PLANE ( 'NONE',  #2149 ) ;
#84 = DIRECTION ( 'NONE',  ( -0.000000000000000000, -1.000000000000000000, -0.000000000000000000 ) ) ;
#85 = ORIENTED_EDGE ( 'NONE', *, *, #1246, .T. ) ;
#86 = EDGE_LOOP ( 'NONE', ( #2616, #995, #264, #231, #27, #545, #2080, #1289 ) ) ;
#87 = CARTESIAN_POINT ( 'NONE',  ( 70.00000000000001421, 22.50000000000000355, 49.00000000000000000 ) ) ;
#88 = CARTESIAN_POINT ( 'NONE',  ( -75.00000000000000000, 27.50000000000000711, 54.00000000000000000 ) ) ;
#89 = LINE ( 'NONE', #1902, #181 ) ;
#90 = EDGE_CURVE ( 'NONE', #36, #465, #1464, .T. ) ;
#91 = FACE_OUTER_BOUND ( 'NONE', #1786, .T. ) ;
#92 = CARTESIAN_POINT ( 'NONE',  ( -0.000000000000000000, 27.50000000000000711, 49.00000000000000000 ) ) ;
#93 = ORIENTED_EDGE ( 'NONE', *, *, #918, .F. ) ;
#94 = AXIS2_PLACEMENT_3D ( 'NONE', #1101, #1785, #2673 ) ;
#95 = EDGE_LOOP ( 'NONE', ( #1582, #1513, #439, #750, #1926, #405, #448, #1152 ) ) ;
#96 = ORIENTED_EDGE ( 'NONE', *, *, #2522, .F. ) ;
#97 = EDGE_CURVE ( 'NONE', #2611, #491, #1919, .T. ) ;
#98 = LINE ( 'NONE', #142, #1768 ) ;
#99 = DIRECTION ( 'NONE',  ( -0.000000000000000000, 0.000000000000000000, 1.000000000000000000 ) ) ;
#100 = LINE ( 'NONE', #504, #1225 ) ;
#101 = ORIENTED_EDGE ( 'NONE', *, *, #1772, .T. ) ;
#102 = LINE ( 'NONE', #704, #806 ) ;
#103 = DIRECTION ( 'NONE',  ( 1.000000000000000000, 0.000000000000000000, 0.000000000000000000 ) ) ;
#104 = CARTESIAN_POINT ( 'NONE',  ( -29.99999999999999289, -22.50000000000000711, 49.00000000000000000 ) ) ;
#105 = DIRECTION ( 'NONE',  ( 1.000000000000000000, 0.000000000000000000, -0.000000000000000000 ) ) ;
#106 = ORIENTED_EDGE ( 'NONE', *, *, #1229, .T. ) ;
#107 = PLANE ( 'NONE',  #413 ) ;
#108 = ORIENTED_EDGE ( 'NONE', *, *, #1707, .F. ) ;
#109 = PERSON_AND_ORGANIZATION ( #1037, #785 ) ;
#110 = CARTESIAN_POINT ( 'NONE',  ( 30.00000000000002132, -27.49999999999998934, 54.00000000000000000 ) ) ;
#111 = DIRECTION ( 'NONE',  ( 0.000000000000000000, 0.000000000000000000, 1.000000000000000000 ) ) ;
#112 = EDGE_CURVE ( 'NONE', #1797, #2262, #117, .T. ) ;
#113 = PLANE ( 'NONE',  #1767 ) ;
#114 = CARTESIAN_POINT ( 'NONE',  ( 70.00000000000001421, -22.50000000000000711, 0.000000000000000000 ) ) ;
#115 = AXIS2_PLACEMENT_3D ( 'NONE', #2197, #864, #1072 ) ;
#116 = EDGE_CURVE ( 'NONE', #2425, #1102, #1252, .T. ) ;
#117 = LINE ( 'NONE', #1477, #567 ) ;
#118 = VECTOR ( 'NONE', #221, 1000.000000000000000 ) ;
#119 = DIRECTION ( 'NONE',  ( -0.000000000000000000, -0.000000000000000000, 1.000000000000000000 ) ) ;
#120 = DIRECTION ( 'NONE',  ( 1.000000000000000000, 0.000000000000000000, 0.000000000000000000 ) ) ;
#121 = AXIS2_PLACEMENT_3D ( 'NONE', #203, #1308, #1090 ) ;
#122 = ORIENTED_EDGE ( 'NONE', *, *, #2025, .F. ) ;
#123 = CC_DESIGN_APPROVAL ( #2784, ( #641 ) ) ;
#124 = ORIENTED_EDGE ( 'NONE', *, *, #464, .T. ) ;
#125 = LINE ( 'NONE', #110, #1907 ) ;
#126 = EDGE_CURVE ( 'NONE', #2738, #930, #587, .T. ) ;
#127 = CARTESIAN_POINT ( 'NONE',  ( -24.99999999999999289, 22.50000000000000355, 49.00000000000000000 ) ) ;
#128 = DIRECTION ( 'NONE',  ( 0.000000000000000000, -0.000000000000000000, -1.000000000000000000 ) ) ;
#130 = AXIS2_PLACEMENT_3D ( 'NONE', #1656, #2548, #325 ) ;
#129 = CARTESIAN_POINT ( 'NONE',  ( -75.00000000000001421, 1.892425610156517289E-14, 0.000000000000000000 ) ) ;
#131 = EDGE_CURVE ( 'NONE', #2543, #2425, #1934, .T. ) ;
#132 = CARTESIAN_POINT ( 'NONE',  ( 74.99999999999998579, 1.892425610156516658E-14, 5.000000000000000000 ) ) ;
#133 = EDGE_CURVE ( 'NONE', #2898, #983, #1493, .T. ) ;
#134 = DIRECTION ( 'NONE',  ( 1.000000000000000000, 0.000000000000000000, 0.000000000000000000 ) ) ;
#135 = CARTESIAN_POINT ( 'NONE',  ( -52.49999999999999289, 25.00000000000000355, 54.00000000000000000 ) ) ;
#136 = ORIENTED_EDGE ( 'NONE', *, *, #1745, .F. ) ;
#137 = ORIENTED_EDGE ( 'NONE', *, *, #2221, .F. ) ;
#138 = ORIENTED_EDGE ( 'NONE', *, *, #2456, .T. ) ;
#139 = VECTOR ( 'NONE', #2288, 1000.000000000000000 ) ;
#140 = VECTOR ( 'NONE', #2349, 1000.000000000000000 ) ;
#141 = CALENDAR_DATE ( 2026, 10, 8 ) ;
#142 = CARTESIAN_POINT ( 'NONE',  ( -24.99999999999998934, -27.49999999999999645, 54.00000000000000000 ) ) ;
#144 = ORIENTED_EDGE ( 'NONE', *, *, #1207, .F. ) ;
#143 = VECTOR ( 'NONE', #1418, 1000.000000000000000 ) ;
#145 = DIRECTION ( 'NONE',  ( 1.000000000000000000, 0.000000000000000000, -0.000000000000000000 ) ) ;
#146 = CARTESIAN_POINT ( 'NONE',  ( 25.00000000000001066, -27.49999999999998934, 5.000000000000000000 ) ) ;
#147 = ADVANCED_FACE ( 'NONE', ( #2540 ), #83, .F. ) ;
#148 = DIRECTION ( 'NONE',  ( -0.000000000000000000, 0.000000000000000000, 1.000000000000000000 ) ) ;
#149 = CARTESIAN_POINT ( 'NONE',  ( 47.50000000000001421, 25.00000000000000355, 49.00000000000000000 ) ) ;
#150 = EDGE_CURVE ( 'NONE', #1390, #2611, #1867, .T. ) ;
#151 = DIRECTION ( 'NONE',  ( -0.000000000000000000, 0.000000000000000000, 1.000000000000000000 ) ) ;
#152 = ORIENTED_EDGE ( 'NONE', *, *, #1645, .T. ) ;
#153 = EDGE_CURVE ( 'NONE', #693, #1065, #953, .T. ) ;
#154 = VERTEX_POINT ( 'NONE', #1425 ) ;
#155 = DIRECTION ( 'NONE',  ( 1.000000000000000000, 0.000000000000000000, 0.000000000000000000 ) ) ;
#156 = ADVANCED_FACE ( 'NONE', ( #2727 ), #2336, .F. ) ;
#157 = ORIENTED_EDGE ( 'NONE', *, *, #2221, .T. ) ;
#158 = VERTEX_POINT ( 'NONE', #301 ) ;
#159 = CARTESIAN_POINT ( 'NONE',  ( -29.99999999999999289, 22.50000000000000355, 54.00000000000000000 ) ) ;
#160 = CARTESIAN_POINT ( 'NONE',  ( 0.000000000000000000, -27.49999999999999289, 49.00000000000000000 ) ) ;
#161 = DIRECTION ( 'NONE',  ( 0.000000000000000000, 0.000000000000000000, 1.000000000000000000 ) ) ;
#162 = DIRECTION ( 'NONE',  ( 0.000000000000000000, -1.000000000000000000, 0.000000000000000000 ) ) ;
#163 = PLANE ( 'NONE',  #267 ) ;
#164 = CARTESIAN_POINT ( 'NONE',  ( 70.00000000000001421, 0.000000000000000000, 49.00000000000000000 ) ) ;
#165 = EDGE_CURVE ( 'NONE', #2425, #863, #1199, .T. ) ;
#166 = EDGE_LOOP ( 'NONE', ( #1256, #2600, #1404, #2286 ) ) ;
#167 = AXIS2_PLACEMENT_3D ( 'NONE', #2374, #395, #2636 ) ;
#168 = EDGE_CURVE ( 'NONE', #1352, #1012, #762, .T. ) ;
#169 = VECTOR ( 'NONE', #1126, 1000.000000000000000 ) ;
#170 = ORIENTED_EDGE ( 'NONE', *, *, #1240, .F. ) ;
#171 = LOCAL_TIME ( 13, 12, 10.00000000000000000, #1441 ) ;
#172 = LINE ( 'NONE', #2882, #1293 ) ;
#173 = ORIENTED_EDGE ( 'NONE', *, *, #168, .T. ) ;
#174 = EDGE_CURVE ( 'NONE', #1833, #621, #1317, .T. ) ;
#175 = CARTESIAN_POINT ( 'NONE',  ( -75.00000000000001421, -10.00000000000000533, 54.00000000000000000 ) ) ;
#176 = LINE ( 'NONE', #1075, #2670 ) ;
#177 = MANIFOLD_SOLID_BREP ( 'Cut-Extrude1', #1155 ) ;
#178 = DIRECTION ( 'NONE',  ( 1.000000000000000000, 0.000000000000000000, 0.000000000000000000 ) ) ;
#179 = LINE ( 'NONE', #1036, #835 ) ;
#180 = VECTOR ( 'NONE', #1233, 1000.000000000000000 ) ;
#181 = VECTOR ( 'NONE', #2780, 1000.000000000000000 ) ;
#182 = DIRECTION ( 'NONE',  ( -0.000000000000000000, 0.000000000000000000, 1.000000000000000000 ) ) ;
#183 = EDGE_CURVE ( 'NONE', #1043, #2491, #1459, .T. ) ;
#184 = VECTOR ( 'NONE', #1268, 1000.000000000000000 ) ;
#185 = DIRECTION ( 'NONE',  ( -0.000000000000000000, -0.000000000000000000, -1.000000000000000000 ) ) ;
#186 = ORIENTED_EDGE ( 'NONE', *, *, #1033, .F. ) ;
#187 = CARTESIAN_POINT ( 'NONE',  ( -69.99999999999998579, -5.000000000000005329, 0.000000000000000000 ) ) ;
#188 = DATE_AND_TIME ( #627, #1628 ) ;
#189 = DIRECTION ( 'NONE',  ( 1.000000000000000000, -0.000000000000000000, -0.000000000000000000 ) ) ;
#190 = EDGE_CURVE ( 'NONE', #2611, #1859, #2299, .T. ) ;
#191 = VECTOR ( 'NONE', #2360, 1000.000000000000000 ) ;
#192 = DIRECTION ( 'NONE',  ( -1.000000000000000000, 0.000000000000000000, 0.000000000000000000 ) ) ;
#193 = CARTESIAN_POINT ( 'NONE',  ( 0.000000000000000000, 22.50000000000000355, 5.000000000000000000 ) ) ;
#194 = VERTEX_POINT ( 'NONE', #778 ) ;
#195 = PLANE ( 'NONE',  #1909 ) ;
#196 = LINE ( 'NONE', #1550, #1116 ) ;
#197 = DIRECTION ( 'NONE',  ( -1.000000000000000000, -0.000000000000000000, -0.000000000000000000 ) ) ;
#198 = ORIENTED_EDGE ( 'NONE', *, *, #222, .T. ) ;
#199 = CARTESIAN_POINT ( 'NONE',  ( 50.00000000000001421, 25.00000000000000355, 49.00000000000000000 ) ) ;
#200 = EDGE_CURVE ( 'NONE', #1748, #316, #2284, .T. ) ;
#201 = CARTESIAN_POINT ( 'NONE',  ( -69.99999999999998579, -27.49999999999999289, 54.00000000000000000 ) ) ;
#202 = FACE_BOUND ( 'NONE', #1081, .T. ) ;
#203 = CARTESIAN_POINT ( 'NONE',  ( 50.00000000000001421, -24.99999999999999645, 49.00000000000000000 ) ) ;
#204 = EDGE_CURVE ( 'NONE', #1864, #2300, #2741, .T. ) ;
#205 = CYLINDRICAL_SURFACE ( 'NONE', #94, 2.500000000000002220 ) ;
#206 = VERTEX_POINT ( 'NONE', #2095 ) ;
#207 = CARTESIAN_POINT ( 'NONE',  ( -53.12249899919920182, -27.49999999999999289, 54.00000000000000000 ) ) ;
#208 = EDGE_CURVE ( 'NONE', #2738, #1420, #987, .T. ) ;
#209 = AXIS2_PLACEMENT_3D ( 'NONE', #599, #332, #2629 ) ;
#210 = VERTEX_POINT ( 'NONE', #2774 ) ;
#211 = LINE ( 'NONE', #1567, #633 ) ;
#212 = AXIS2_PLACEMENT_3D ( 'NONE', #1270, #2625, #609 ) ;
#213 = FACE_BOUND ( 'NONE', #603, .T. ) ;
#214 = CIRCLE ( 'NONE', #683, 3.999999999999996447 ) ;
#215 = VECTOR ( 'NONE', #319, 1000.000000000000000 ) ;
#216 = CARTESIAN_POINT ( 'NONE',  ( -6.195440985631465178E-16, 5.000000000000010658, 5.000000000000000000 ) ) ;
#217 = FACE_OUTER_BOUND ( 'NONE', #1716, .T. ) ;
#218 = LOCAL_TIME ( 13, 12, 10.00000000000000000, #1943 ) ;
#219 = DIRECTION ( 'NONE',  ( -0.000000000000000000, -0.000000000000000000, -1.000000000000000000 ) ) ;
#220 = ORIENTED_EDGE ( 'NONE', *, *, #702, .T. ) ;
#221 = DIRECTION ( 'NONE',  ( -0.000000000000000000, -0.000000000000000000, -1.000000000000000000 ) ) ;
#222 = EDGE_CURVE ( 'NONE', #695, #863, #100, .T. ) ;
#223 = VECTOR ( 'NONE', #1736, 1000.000000000000000 ) ;
#224 = ORIENTED_EDGE ( 'NONE', *, *, #2, .F. ) ;
#225 = CARTESIAN_POINT ( 'NONE',  ( 0.000000000000000000, 0.000000000000000000, 5.000000000000000000 ) ) ;
#226 = CARTESIAN_POINT ( 'NONE',  ( 25.00000000000001066, -27.49999999999999289, 5.000000000000000000 ) ) ;
#227 = CARTESIAN_POINT ( 'NONE',  ( -69.99999999999998579, -2.500000000000014211, 54.00000000000000000 ) ) ;
#228 = ORIENTED_EDGE ( 'NONE', *, *, #126, .F. ) ;
#229 = CARTESIAN_POINT ( 'NONE',  ( 46.87750100080081239, 27.50000000000000711, 49.00000000000000000 ) ) ;
#230 = DIRECTION ( 'NONE',  ( -1.000000000000000000, -1.239088197126290570E-16, 0.000000000000000000 ) ) ;
#231 = ORIENTED_EDGE ( 'NONE', *, *, #2448, .T. ) ;
#232 = LINE ( 'NONE', #661, #1771 ) ;
#233 = PLANE ( 'NONE',  #1079 ) ;
#234 = ADVANCED_FACE ( 'NONE', ( #1002 ), #488, .F. ) ;
#235 = ORIENTED_EDGE ( 'NONE', *, *, #168, .F. ) ;
#236 = ORIENTED_EDGE ( 'NONE', *, *, #2453, .F. ) ;
#237 = CARTESIAN_POINT ( 'NONE',  ( -75.00000000000000000, 0.000000000000000000, 49.00000000000000000 ) ) ;
#238 = EDGE_CURVE ( 'NONE', #1526, #483, #268, .T. ) ;
#239 = ORIENTED_EDGE ( 'NONE', *, *, #2713, .T. ) ;
#240 = ORIENTED_EDGE ( 'NONE', *, *, #870, .F. ) ;
#241 = CARTESIAN_POINT ( 'NONE',  ( -24.99999999999998934, -27.49999999999999645, 5.000000000000000000 ) ) ;
#242 = DIRECTION ( 'NONE',  ( -0.000000000000000000, 0.000000000000000000, 1.000000000000000000 ) ) ;
#243 = VERTEX_POINT ( 'NONE', #1681 ) ;
#244 = CYLINDRICAL_SURFACE ( 'NONE', #2238, 2.500000000000002220 ) ;
#245 = CARTESIAN_POINT ( 'NONE',  ( 70.00000000000001421, 22.50000000000000355, 54.00000000000000000 ) ) ;
#246 = EDGE_CURVE ( 'NONE', #2782, #46, #2064, .T. ) ;
#247 = ORIENTED_EDGE ( 'NONE', *, *, #2501, .T. ) ;
#248 = VERTEX_POINT ( 'NONE', #748 ) ;
#249 = VECTOR ( 'NONE', #2725, 1000.000000000000000 ) ;
#250 = VERTEX_POINT ( 'NONE', #1649 ) ;
#251 = ORIENTED_EDGE ( 'NONE', *, *, #2002, .F. ) ;
#252 = VECTOR ( 'NONE', #945, 1000.000000000000000 ) ;
#253 = CYLINDRICAL_SURFACE ( 'NONE', #1954, 2.500000000000002220 ) ;
#254 = CARTESIAN_POINT ( 'NONE',  ( -49.99999999999998579, -25.00000000000000000, 49.00000000000000000 ) ) ;
#255 = VECTOR ( 'NONE', #300, 1000.000000000000000 ) ;
#256 = ORIENTED_EDGE ( 'NONE', *, *, #1727, .F. ) ;
#257 = VERTEX_POINT ( 'NONE', #1664 ) ;
#258 = FACE_OUTER_BOUND ( 'NONE', #1992, .T. ) ;
#259 = CARTESIAN_POINT ( 'NONE',  ( -75.00000000000000000, -5.000000000000006217, 49.00000000000000000 ) ) ;
#260 = CC_DESIGN_DATE_AND_TIME_ASSIGNMENT ( #188, #854, ( #1179 ) ) ;
#261 = ORIENTED_EDGE ( 'NONE', *, *, #1512, .F. ) ;
#262 = ORIENTED_EDGE ( 'NONE', *, *, #1446, .T. ) ;
#263 = ADVANCED_FACE ( 'NONE', ( #2558 ), #364, .F. ) ;
#264 = ORIENTED_EDGE ( 'NONE', *, *, #380, .F. ) ;
#265 = DIRECTION ( 'NONE',  ( 1.000000000000000000, 0.000000000000000000, 0.000000000000000000 ) ) ;
#266 = CARTESIAN_POINT ( 'NONE',  ( 30.00000000000001776, -22.50000000000000711, 54.00000000000000000 ) ) ;
#267 = AXIS2_PLACEMENT_3D ( 'NONE', #225, #2691, #2461 ) ;
#268 = LINE ( 'NONE', #731, #277 ) ;
#269 = EDGE_CURVE ( 'NONE', #374, #1120, #581, .T. ) ;
#270 = LINE ( 'NONE', #1409, #2445 ) ;
#271 = ORIENTED_EDGE ( 'NONE', *, *, #1788, .T. ) ;
#272 = ORIENTED_EDGE ( 'NONE', *, *, #1147, .F. ) ;
#273 = LINE ( 'NONE', #69, #939 ) ;
#274 = LINE ( 'NONE', #88, #1141 ) ;
#275 = EDGE_CURVE ( 'NONE', #1977, #1453, #2059, .T. ) ;
#276 = DIRECTION ( 'NONE',  ( 1.000000000000000000, 0.000000000000000000, 0.000000000000000000 ) ) ;
#277 = VECTOR ( 'NONE', #1166, 1000.000000000000000 ) ;
#278 = EDGE_LOOP ( 'NONE', ( #2279, #2703, #15, #1183 ) ) ;
#279 = VERTEX_POINT ( 'NONE', #2805 ) ;
#280 = EDGE_LOOP ( 'NONE', ( #1884, #402, #1158, #2577 ) ) ;
#281 = ORIENTED_EDGE ( 'NONE', *, *, #1172, .T. ) ;
#282 = CARTESIAN_POINT ( 'NONE',  ( 0.000000000000000000, 0.000000000000000000, 5.000000000000000000 ) ) ;
#283 = ADVANCED_FACE ( 'NONE', ( #1278 ), #407, .T. ) ;
#284 = PLANE ( 'NONE',  #876 ) ;
#285 = CARTESIAN_POINT ( 'NONE',  ( -53.12249899919919471, 27.50000000000000711, 49.00000000000000000 ) ) ;
#286 = ORIENTED_EDGE ( 'NONE', *, *, #2562, .F. ) ;
#287 = VERTEX_POINT ( 'NONE', #2403 ) ;
#288 = CARTESIAN_POINT ( 'NONE',  ( -69.99999999999998579, 10.00000000000000888, 5.000000000000000000 ) ) ;
#289 = EDGE_CURVE ( 'NONE', #1390, #2543, #1740, .T. ) ;
#290 = LINE ( 'NONE', #39, #1438 ) ;
#291 = EDGE_CURVE ( 'NONE', #2327, #443, #1973, .T. ) ;
#292 = DIRECTION ( 'NONE',  ( 1.000000000000000000, 0.000000000000000000, 0.000000000000000000 ) ) ;
#293 = DIRECTION ( 'NONE',  ( 0.000000000000000000, -1.000000000000000000, 0.000000000000000000 ) ) ;
#294 = EDGE_LOOP ( 'NONE', ( #824, #543, #96, #888 ) ) ;
#295 = ORIENTED_EDGE ( 'NONE', *, *, #2068, .T. ) ;
#296 = ORIENTED_EDGE ( 'NONE', *, *, #668, .F. ) ;
#297 = ORIENTED_EDGE ( 'NONE', *, *, #718, .F. ) ;
#298 = DIRECTION ( 'NONE',  ( -0.000000000000000000, 0.000000000000000000, 1.000000000000000000 ) ) ;
#299 = VECTOR ( 'NONE', #1822, 1000.000000000000000 ) ;
#300 = DIRECTION ( 'NONE',  ( -1.000000000000000000, 0.000000000000000000, 0.000000000000000000 ) ) ;
#301 = CARTESIAN_POINT ( 'NONE',  ( -69.99999999999998579, -27.49999999999999289, 49.00000000000000000 ) ) ;
#302 = AXIS2_PLACEMENT_3D ( 'NONE', #665, #1970, #879 ) ;
#303 = ORIENTED_EDGE ( 'NONE', *, *, #2866, .T. ) ;
#304 = ORIENTED_EDGE ( 'NONE', *, *, #2699, .T. ) ;
#305 = PLANE ( 'NONE',  #959 ) ;
#306 = LINE ( 'NONE', #1618, #675 ) ;
#307 = VECTOR ( 'NONE', #28, 1000.000000000000000 ) ;
#308 = CIRCLE ( 'NONE', #1965, 4.000000000000003553 ) ;
#309 = APPLICATION_CONTEXT ( 'configuration controlled 3d designs of mechanical parts and assemblies' ) ;
#310 = LINE ( 'NONE', #237, #2132 ) ;
#311 = DIRECTION ( 'NONE',  ( -0.000000000000000000, -0.000000000000000000, -1.000000000000000000 ) ) ;
#312 = EDGE_CURVE ( 'NONE', #1850, #2738, #1487, .T. ) ;
#313 = ORIENTED_EDGE ( 'NONE', *, *, #1416, .F. ) ;
#314 = ORIENTED_EDGE ( 'NONE', *, *, #60, .T. ) ;
#315 = VECTOR ( 'NONE', #510, 1000.000000000000000 ) ;
#316 = VERTEX_POINT ( 'NONE', #1032 ) ;
#317 = PERSON_AND_ORGANIZATION ( #1037, #785 ) ;
#318 = DIRECTION ( 'NONE',  ( -0.000000000000000000, 0.000000000000000000, 1.000000000000000000 ) ) ;
#319 = DIRECTION ( 'NONE',  ( -0.000000000000000000, 1.000000000000000000, -0.000000000000000000 ) ) ;
#320 = DIRECTION ( 'NONE',  ( 0.000000000000000000, 0.000000000000000000, 1.000000000000000000 ) ) ;
#321 = ORIENTED_EDGE ( 'NONE', *, *, #2233, .F. ) ;
#322 = ORIENTED_EDGE ( 'NONE', *, *, #1685, .T. ) ;
#323 = LINE ( 'NONE', #2731, #41 ) ;
#324 = LINE ( 'NONE', #2069, #1958 ) ;
#325 = DIRECTION ( 'NONE',  ( 1.000000000000000000, 0.000000000000000000, 0.000000000000000000 ) ) ;
#326 = CARTESIAN_POINT ( 'NONE',  ( 0.000000000000000000, 0.000000000000000000, 5.000000000000000000 ) ) ;
#327 = CARTESIAN_POINT ( 'NONE',  ( 70.00000000000001421, 2.499999999999994227, 49.00000000000000000 ) ) ;
#328 = ORIENTED_EDGE ( 'NONE', *, *, #985, .T. ) ;
#329 = EDGE_CURVE ( 'NONE', #2828, #1102, #2621, .T. ) ;
#330 = ORIENTED_EDGE ( 'NONE', *, *, #1432, .T. ) ;
#331 = ORIENTED_EDGE ( 'NONE', *, *, #2244, .F. ) ;
#332 = DIRECTION ( 'NONE',  ( 1.734723475976800685E-16, 1.000000000000000000, -0.000000000000000000 ) ) ;
#333 = ADVANCED_FACE ( 'NONE', ( #2368 ), #1929, .F. ) ;
#334 = CARTESIAN_POINT ( 'NONE',  ( -75.00000000000001421, -5.000000000000006217, 49.00000000000000000 ) ) ;
#335 = CARTESIAN_POINT ( 'NONE',  ( -69.99999999999998579, -5.000000000000005329, 54.00000000000000000 ) ) ;
#336 = EDGE_LOOP ( 'NONE', ( #751, #883, #1191, #1602 ) ) ;
#337 = PLANE ( 'NONE',  #2648 ) ;
#338 = CARTESIAN_POINT ( 'NONE',  ( -75.00000000000001421, 10.00000000000000888, 54.00000000000000000 ) ) ;
#339 = DIRECTION ( 'NONE',  ( 1.000000000000000000, 0.000000000000000000, 0.000000000000000000 ) ) ;
#340 = FACE_OUTER_BOUND ( 'NONE', #535, .T. ) ;
#341 = ORIENTED_EDGE ( 'NONE', *, *, #2230, .F. ) ;
#342 = EDGE_CURVE ( 'NONE', #775, #279, #814, .T. ) ;
#343 = EDGE_CURVE ( 'NONE', #930, #2411, #2172, .T. ) ;
#344 = ORIENTED_EDGE ( 'NONE', *, *, #2594, .T. ) ;
#345 = LINE ( 'NONE', #1243, #1192 ) ;
#346 = DIRECTION ( 'NONE',  ( 0.000000000000000000, 0.000000000000000000, 1.000000000000000000 ) ) ;
#347 = CARTESIAN_POINT ( 'NONE',  ( 50.00000000000001421, -24.99999999999999645, 54.00000000000000000 ) ) ;
#348 = EDGE_CURVE ( 'NONE', #1608, #1690, #2158, .T. ) ;
#349 = LINE ( 'NONE', #1728, #1496 ) ;
#350 = CARTESIAN_POINT ( 'NONE',  ( 70.00000000000001421, -10.00000000000000533, 0.000000000000000000 ) ) ;
#351 = AXIS2_PLACEMENT_3D ( 'NONE', #547, #1457, #2353 ) ;
#352 = CARTESIAN_POINT ( 'NONE',  ( 74.99999999999998579, -22.50000000000000711, 5.000000000000000000 ) ) ;
#353 = ORIENTED_EDGE ( 'NONE', *, *, #1432, .F. ) ;
#354 = AXIS2_PLACEMENT_3D ( 'NONE', #848, #2432, #1732 ) ;
#355 = DIRECTION ( 'NONE',  ( -0.000000000000000000, 0.000000000000000000, -1.000000000000000000 ) ) ;
#356 = DIRECTION ( 'NONE',  ( 0.000000000000000000, 1.000000000000000000, -0.000000000000000000 ) ) ;
#357 = CIRCLE ( 'NONE', #489, 2.500000000000002220 ) ;
#358 = FACE_BOUND ( 'NONE', #2074, .T. ) ;
#359 = EDGE_CURVE ( 'NONE', #473, #516, #1753, .T. ) ;
#360 = EDGE_LOOP ( 'NONE', ( #2723, #2465, #186, #2203 ) ) ;
#361 = PERSON_AND_ORGANIZATION ( #1037, #785 ) ;
#362 = CARTESIAN_POINT ( 'NONE',  ( -49.99999999999998579, -25.00000000000000000, 49.00000000000000000 ) ) ;
#363 = DIRECTION ( 'NONE',  ( -0.000000000000000000, -0.000000000000000000, -1.000000000000000000 ) ) ;
#364 = PLANE ( 'NONE',  #2011 ) ;
#365 = DIRECTION ( 'NONE',  ( -0.000000000000000000, -0.000000000000000000, -1.000000000000000000 ) ) ;
#366 = LINE ( 'NONE', #2405, #2428 ) ;
#367 = EDGE_CURVE ( 'NONE', #248, #1660, #2835, .T. ) ;
#368 = VECTOR ( 'NONE', #1778, 1000.000000000000000 ) ;
#369 = DIRECTION ( 'NONE',  ( -0.000000000000000000, -0.000000000000000000, -1.000000000000000000 ) ) ;
#370 = ORIENTED_EDGE ( 'NONE', *, *, #822, .T. ) ;
#371 = DIRECTION ( 'NONE',  ( 1.000000000000000000, 0.000000000000000000, 0.000000000000000000 ) ) ;
#372 = ORIENTED_EDGE ( 'NONE', *, *, #348, .T. ) ;
#373 = VERTEX_POINT ( 'NONE', #2199 ) ;
#374 = VERTEX_POINT ( 'NONE', #795 ) ;
#375 = DIRECTION ( 'NONE',  ( 1.000000000000000000, 0.000000000000000000, 0.000000000000000000 ) ) ;
#376 = CARTESIAN_POINT ( 'NONE',  ( -69.99999999999998579, 0.000000000000000000, 5.000000000000000000 ) ) ;
#377 = VECTOR ( 'NONE', #2020, 1000.000000000000000 ) ;
#378 = PERSON_AND_ORGANIZATION ( #1037, #785 ) ;
#379 = CARTESIAN_POINT ( 'NONE',  ( 30.00000000000001776, -22.50000000000000711, 54.00000000000000000 ) ) ;
#380 = EDGE_CURVE ( 'NONE', #158, #2318, #828, .T. ) ;
#381 = DIRECTION ( 'NONE',  ( 1.000000000000000000, 0.000000000000000000, 0.000000000000000000 ) ) ;
#382 = CARTESIAN_POINT ( 'NONE',  ( 25.00000000000001066, 22.50000000000000355, 54.00000000000000000 ) ) ;
#383 = ORIENTED_EDGE ( 'NONE', *, *, #190, .T. ) ;
#384 = ADVANCED_FACE ( 'NONE', ( #2413 ), #391, .F. ) ;
#385 = FACE_OUTER_BOUND ( 'NONE', #423, .T. ) ;
#386 = FACE_OUTER_BOUND ( 'NONE', #2287, .T. ) ;
#387 = ORIENTED_EDGE ( 'NONE', *, *, #449, .T. ) ;
#388 = EDGE_CURVE ( 'NONE', #2382, #2814, #176, .T. ) ;
#389 = CARTESIAN_POINT ( 'NONE',  ( 70.00000000000001421, 27.50000000000000711, 49.00000000000000000 ) ) ;
#390 = LINE ( 'NONE', #175, #2704 ) ;
#391 = PLANE ( 'NONE',  #808 ) ;
#392 = FACE_OUTER_BOUND ( 'NONE', #495, .T. ) ;
#393 = LINE ( 'NONE', #2188, #592 ) ;
#394 = EDGE_CURVE ( 'NONE', #1979, #551, #2873, .T. ) ;
#395 = DIRECTION ( 'NONE',  ( 0.000000000000000000, 0.000000000000000000, 1.000000000000000000 ) ) ;
#396 = VECTOR ( 'NONE', #1423, 1000.000000000000000 ) ;
#397 = ORIENTED_EDGE ( 'NONE', *, *, #2088, .F. ) ;
#398 = CARTESIAN_POINT ( 'NONE',  ( 30.00000000000002132, -27.49999999999998934, 49.00000000000000000 ) ) ;
#399 = VECTOR ( 'NONE', #705, 1000.000000000000000 ) ;
#400 = VECTOR ( 'NONE', #1100, 1000.000000000000000 ) ;
#401 = EDGE_CURVE ( 'NONE', #1760, #287, #2030, .T. ) ;
#402 = ORIENTED_EDGE ( 'NONE', *, *, #2280, .F. ) ;
#403 = VECTOR ( 'NONE', #1263, 1000.000000000000000 ) ;
#404 = CARTESIAN_POINT ( 'NONE',  ( 30.00000000000001421, 27.50000000000000711, 49.00000000000000000 ) ) ;
#405 = ORIENTED_EDGE ( 'NONE', *, *, #1323, .F. ) ;
#406 = DATE_AND_TIME ( #2198, #2516 ) ;
#407 = PLANE ( 'NONE',  #2151 ) ;
#408 = DIRECTION ( 'NONE',  ( 1.000000000000000000, 0.000000000000000000, 0.000000000000000000 ) ) ;
#409 = CYLINDRICAL_SURFACE ( 'NONE', #121, 2.500000000000002220 ) ;
#410 = ORIENTED_EDGE ( 'NONE', *, *, #1328, .T. ) ;
#411 = FACE_BOUND ( 'NONE', #1108, .T. ) ;
#412 = ORIENTED_EDGE ( 'NONE', *, *, #2829, .T. ) ;
#413 = AXIS2_PLACEMENT_3D ( 'NONE', #2072, #2878, #1735 ) ;
#414 = CARTESIAN_POINT ( 'NONE',  ( -75.00000000000001421, 10.00000000000000888, 5.000000000000000000 ) ) ;
#415 = CARTESIAN_POINT ( 'NONE',  ( 3.097720492815744422E-16, -2.500000000000014211, 49.00000000000000000 ) ) ;
#416 = CARTESIAN_POINT ( 'NONE',  ( -69.99999999999998579, 10.00000000000000888, 5.000000000000000000 ) ) ;
#417 = VECTOR ( 'NONE', #2764, 1000.000000000000000 ) ;
#418 = VECTOR ( 'NONE', #219, 1000.000000000000000 ) ;
#419 = EDGE_CURVE ( 'NONE', #30, #2023, #1319, .T. ) ;
#420 = DIRECTION ( 'NONE',  ( 1.000000000000000000, 0.000000000000000000, 0.000000000000000000 ) ) ;
#421 = PLANE ( 'NONE',  #685 ) ;
#422 = VECTOR ( 'NONE', #1882, 1000.000000000000000 ) ;
#423 = EDGE_LOOP ( 'NONE', ( #562, #2736, #1358, #2089 ) ) ;
#424 = LINE ( 'NONE', #1988, #1196 ) ;
#425 = CARTESIAN_POINT ( 'NONE',  ( -75.00000000000002842, -27.49999999999999289, 0.000000000000000000 ) ) ;
#426 = ORIENTED_EDGE ( 'NONE', *, *, #2230, .T. ) ;
#427 = DIRECTION ( 'NONE',  ( 1.000000000000000000, 0.000000000000000000, 0.000000000000000000 ) ) ;
#428 = LINE ( 'NONE', #1558, #1454 ) ;
#429 = EDGE_CURVE ( 'NONE', #2327, #1969, #1356, .T. ) ;
#430 = DIRECTION ( 'NONE',  ( 1.000000000000000000, 0.000000000000000000, 0.000000000000000000 ) ) ;
#431 = LINE ( 'NONE', #2214, #1107 ) ;
#432 = ADVANCED_FACE ( 'NONE', ( #213, #2693, #908, #1766, #865, #1124, #2438 ), #2896, .F. ) ;
#433 = LINE ( 'NONE', #1333, #418 ) ;
#434 = ORIENTED_EDGE ( 'NONE', *, *, #540, .F. ) ;
#435 = AXIS2_PLACEMENT_3D ( 'NONE', #1743, #161, #2806 ) ;
#436 = LINE ( 'NONE', #1335, #118 ) ;
#437 = VERTEX_POINT ( 'NONE', #227 ) ;
#438 = VECTOR ( 'NONE', #729, 1000.000000000000000 ) ;
#439 = ORIENTED_EDGE ( 'NONE', *, *, #2469, .F. ) ;
#440 = DIRECTION ( 'NONE',  ( 1.000000000000000000, 0.000000000000000000, 0.000000000000000000 ) ) ;
#441 = AXIS2_PLACEMENT_3D ( 'NONE', #1451, #1596, #2361 ) ;
#442 = DIRECTION ( 'NONE',  ( -1.000000000000000000, 0.000000000000000000, 0.000000000000000000 ) ) ;
#443 = VERTEX_POINT ( 'NONE', #512 ) ;
#444 = AXIS2_PLACEMENT_3D ( 'NONE', #1249, #630, #1508 ) ;
#445 = CARTESIAN_POINT ( 'NONE',  ( 0.000000000000000000, -22.50000000000000711, 5.000000000000000000 ) ) ;
#446 = CARTESIAN_POINT ( 'NONE',  ( -49.99999999999998579, 25.00000000000000355, 54.00000000000000000 ) ) ;
#447 = VECTOR ( 'NONE', #2604, 1000.000000000000000 ) ;
#448 = ORIENTED_EDGE ( 'NONE', *, *, #1920, .T. ) ;
#449 = EDGE_CURVE ( 'NONE', #869, #1102, #2884, .T. ) ;
#450 = LINE ( 'NONE', #1129, #2184 ) ;
#451 = EDGE_CURVE ( 'NONE', #1043, #2786, #2532, .T. ) ;
#452 = VECTOR ( 'NONE', #293, 1000.000000000000000 ) ;
#453 = ORIENTED_EDGE ( 'NONE', *, *, #622, .T. ) ;
#454 = ORIENTED_EDGE ( 'NONE', *, *, #1592, .T. ) ;
#455 = FACE_BOUND ( 'NONE', #1395, .T. ) ;
#456 = DIRECTION ( 'NONE',  ( -0.000000000000000000, -0.000000000000000000, -1.000000000000000000 ) ) ;
#457 = ORIENTED_EDGE ( 'NONE', *, *, #1745, .T. ) ;
#458 = LINE ( 'NONE', #2213, #1860 ) ;
#459 = FACE_OUTER_BOUND ( 'NONE', #1892, .T. ) ;
#460 = EDGE_CURVE ( 'NONE', #1679, #58, #1806, .T. ) ;
#461 = ORIENTED_EDGE ( 'NONE', *, *, #2474, .T. ) ;
#462 = CARTESIAN_POINT ( 'NONE',  ( -46.87750100080077686, -22.50000000000000711, 49.00000000000000000 ) ) ;
#463 = EDGE_CURVE ( 'NONE', #1501, #1303, #1638, .T. ) ;
#464 = EDGE_CURVE ( 'NONE', #2663, #2495, #960, .T. ) ;
#465 = VERTEX_POINT ( 'NONE', #738 ) ;
#466 = ORIENTED_EDGE ( 'NONE', *, *, #289, .F. ) ;
#467 = CARTESIAN_POINT ( 'NONE',  ( 52.50000000000002132, 25.00000000000000355, 54.00000000000000000 ) ) ;
#468 = CYLINDRICAL_SURFACE ( 'NONE', #874, 2.500000000000002220 ) ;
#469 = ORIENTED_EDGE ( 'NONE', *, *, #348, .F. ) ;
#470 = EDGE_LOOP ( 'NONE', ( #286, #912, #344, #2449 ) ) ;
#471 = CARTESIAN_POINT ( 'NONE',  ( -75.00000000000001421, 1.892425610156517289E-14, 5.000000000000000000 ) ) ;
#472 = FACE_OUTER_BOUND ( 'NONE', #2057, .T. ) ;
#473 = VERTEX_POINT ( 'NONE', #1087 ) ;
#474 = ORIENTED_EDGE ( 'NONE', *, *, #204, .T. ) ;
#475 = DIRECTION ( 'NONE',  ( 1.000000000000000000, 0.000000000000000000, 0.000000000000000000 ) ) ;
#476 = DIRECTION ( 'NONE',  ( -0.000000000000000000, -0.000000000000000000, -1.000000000000000000 ) ) ;
#477 = FACE_OUTER_BOUND ( 'NONE', #280, .T. ) ;
#478 = VERTEX_POINT ( 'NONE', #542 ) ;
#479 = ORIENTED_EDGE ( 'NONE', *, *, #291, .T. ) ;
#480 = ADVANCED_FACE ( 'NONE', ( #1658 ), #804, .F. ) ;
#481 = CIRCLE ( 'NONE', #831, 4.000000000000003553 ) ;
#482 = FACE_OUTER_BOUND ( 'NONE', #792, .T. ) ;
#483 = VERTEX_POINT ( 'NONE', #1435 ) ;
#484 = VECTOR ( 'NONE', #1577, 1000.000000000000000 ) ;
#485 = DIRECTION ( 'NONE',  ( -0.000000000000000000, 0.000000000000000000, -1.000000000000000000 ) ) ;
#486 = EDGE_CURVE ( 'NONE', #2828, #2023, #1889, .T. ) ;
#487 = LINE ( 'NONE', #266, #255 ) ;
#488 = PLANE ( 'NONE',  #2588 ) ;
#489 = AXIS2_PLACEMENT_3D ( 'NONE', #254, #2726, #50 ) ;
#490 = ORIENTED_EDGE ( 'NONE', *, *, #2879, .T. ) ;
#491 = VERTEX_POINT ( 'NONE', #1009 ) ;
#492 = DIRECTION ( 'NONE',  ( 1.000000000000000000, 0.000000000000000000, 0.000000000000000000 ) ) ;
#493 = LINE ( 'NONE', #2289, #534 ) ;
#494 = VECTOR ( 'NONE', #2232, 1000.000000000000000 ) ;
#495 = EDGE_LOOP ( 'NONE', ( #2418, #2831, #593, #1210 ) ) ;
#496 = EDGE_CURVE ( 'NONE', #1634, #250, #2307, .T. ) ;
#497 = ORIENTED_EDGE ( 'NONE', *, *, #2678, .T. ) ;
#498 = CARTESIAN_POINT ( 'NONE',  ( 0.000000000000000000, -27.49999999999999289, 5.000000000000000000 ) ) ;
#499 = ORIENTED_EDGE ( 'NONE', *, *, #1098, .F. ) ;
#500 = ADVANCED_FACE ( 'NONE', ( #2551 ), #1224, .F. ) ;
#501 = VERTEX_POINT ( 'NONE', #2582 ) ;
#502 = LINE ( 'NONE', #745, #2131 ) ;
#503 = LINE ( 'NONE', #986, #1861 ) ;
#504 = CARTESIAN_POINT ( 'NONE',  ( -29.99999999999999289, 22.50000000000000355, 5.000000000000000000 ) ) ;
#505 = ADVANCED_FACE ( 'NONE', ( #558 ), #2827, .T. ) ;
#506 = ORIENTED_EDGE ( 'NONE', *, *, #401, .T. ) ;
#507 = ORIENTED_EDGE ( 'NONE', *, *, #2261, .F. ) ;
#508 = DIRECTION ( 'NONE',  ( -0.000000000000000000, -0.000000000000000000, -1.000000000000000000 ) ) ;
#509 = LINE ( 'NONE', #2303, #2186 ) ;
#510 = DIRECTION ( 'NONE',  ( -0.000000000000000000, -0.000000000000000000, 1.000000000000000000 ) ) ;
#511 = AXIS2_PLACEMENT_3D ( 'NONE', #2129, #590, #120 ) ;
#512 = CARTESIAN_POINT ( 'NONE',  ( -75.00000000000000000, -22.50000000000000711, 49.00000000000000000 ) ) ;
#513 = VERTEX_POINT ( 'NONE', #978 ) ;
#514 = ORIENTED_EDGE ( 'NONE', *, *, #275, .T. ) ;
#515 = ORIENTED_EDGE ( 'NONE', *, *, #2285, .F. ) ;
#516 = VERTEX_POINT ( 'NONE', #820 ) ;
#517 = DIRECTION ( 'NONE',  ( -2.523234146875355998E-16, -1.000000000000000000, 0.000000000000000000 ) ) ;
#518 = CARTESIAN_POINT ( 'NONE',  ( -69.99999999999998579, -5.000000000000005329, 54.00000000000000000 ) ) ;
#519 = DIRECTION ( 'NONE',  ( 1.000000000000000000, 0.000000000000000000, 0.000000000000000000 ) ) ;
#520 = ORIENTED_EDGE ( 'NONE', *, *, #1803, .T. ) ;
#521 = EDGE_LOOP ( 'NONE', ( #710, #2191, #2270, #1898 ) ) ;
#522 = PLANE ( 'NONE',  #559 ) ;
#523 = DIRECTION ( 'NONE',  ( -0.000000000000000000, -0.000000000000000000, -1.000000000000000000 ) ) ;
#524 = ADVANCED_FACE ( 'NONE', ( #340 ), #1238, .T. ) ;
#525 = CARTESIAN_POINT ( 'NONE',  ( -47.49999999999998579, -25.00000000000000000, 49.00000000000000000 ) ) ;
#526 = FACE_OUTER_BOUND ( 'NONE', #652, .T. ) ;
#527 = ORIENTED_EDGE ( 'NONE', *, *, #486, .F. ) ;
#528 = VECTOR ( 'NONE', #2633, 1000.000000000000000 ) ;
#529 = ORIENTED_EDGE ( 'NONE', *, *, #2025, .T. ) ;
#530 = CARTESIAN_POINT ( 'NONE',  ( -49.99999999999998579, 25.00000000000000355, 49.00000000000000000 ) ) ;
#531 = VECTOR ( 'NONE', #2483, 1000.000000000000000 ) ;
#532 = DIRECTION ( 'NONE',  ( 1.000000000000000000, 0.000000000000000000, 0.000000000000000000 ) ) ;
#533 = DIRECTION ( 'NONE',  ( -0.000000000000000000, -0.000000000000000000, -1.000000000000000000 ) ) ;
#534 = VECTOR ( 'NONE', #717, 1000.000000000000000 ) ;
#535 = EDGE_LOOP ( 'NONE', ( #251, #220, #68, #397 ) ) ;
#536 = EDGE_LOOP ( 'NONE', ( #1635, #1200, #569, #304 ) ) ;
#537 = CARTESIAN_POINT ( 'NONE',  ( 70.00000000000001421, 27.50000000000000711, 49.00000000000000000 ) ) ;
#538 = DIRECTION ( 'NONE',  ( 1.000000000000000000, 0.000000000000000000, 0.000000000000000000 ) ) ;
#539 = VECTOR ( 'NONE', #1181, 1000.000000000000000 ) ;
#540 = EDGE_CURVE ( 'NONE', #2447, #2073, #1027, .T. ) ;
#541 = CARTESIAN_POINT ( 'NONE',  ( 70.00000000000001421, 0.000000000000000000, 5.000000000000000000 ) ) ;
#542 = CARTESIAN_POINT ( 'NONE',  ( 70.00000000000001421, 5.000000000000019540, 5.000000000000000000 ) ) ;
#543 = ORIENTED_EDGE ( 'NONE', *, *, #222, .F. ) ;
#544 = EDGE_CURVE ( 'NONE', #772, #1653, #1704, .T. ) ;
#545 = ORIENTED_EDGE ( 'NONE', *, *, #1641, .F. ) ;
#546 = APPROVAL_STATUS ( 'not_yet_approved' ) ;
#547 = CARTESIAN_POINT ( 'NONE',  ( 0.000000000000000000, -27.49999999999999289, 5.000000000000000000 ) ) ;
#548 = ORIENTED_EDGE ( 'NONE', *, *, #726, .F. ) ;
#549 = APPLICATION_PROTOCOL_DEFINITION ( 'international standard', 'config_control_design', 1994, #309 ) ;
#550 = CARTESIAN_POINT ( 'NONE',  ( 25.00000000000001066, 27.50000000000000711, 54.00000000000000000 ) ) ;
#551 = VERTEX_POINT ( 'NONE', #135 ) ;
#552 = CIRCLE ( 'NONE', #797, 4.000000000000003553 ) ;
#553 = DIRECTION ( 'NONE',  ( 1.000000000000000000, 0.000000000000000000, 0.000000000000000000 ) ) ;
#554 = DIRECTION ( 'NONE',  ( -0.000000000000000000, -0.000000000000000000, -1.000000000000000000 ) ) ;
#555 = EDGE_CURVE ( 'NONE', #2296, #2608, #2086, .T. ) ;
#556 = CARTESIAN_POINT ( 'NONE',  ( -49.99999999999998579, -25.00000000000000000, 54.00000000000000000 ) ) ;
#557 = EDGE_CURVE ( 'NONE', #46, #1065, #2258, .T. ) ;
#558 = FACE_OUTER_BOUND ( 'NONE', #2045, .T. ) ;
#559 = AXIS2_PLACEMENT_3D ( 'NONE', #54, #956, #2529 ) ;
#560 = ORIENTED_EDGE ( 'NONE', *, *, #1299, .F. ) ;
#561 = AXIS2_PLACEMENT_3D ( 'NONE', #1017, #2631, #2821 ) ;
#562 = ORIENTED_EDGE ( 'NONE', *, *, #544, .T. ) ;
#563 = CARTESIAN_POINT ( 'NONE',  ( -29.99999999999999289, 22.50000000000000355, 49.00000000000000000 ) ) ;
#564 = CARTESIAN_POINT ( 'NONE',  ( -75.00000000000002842, -22.50000000000000711, 54.00000000000000000 ) ) ;
#565 = CARTESIAN_POINT ( 'NONE',  ( 53.12249899919922314, -27.49999999999999289, 49.00000000000000000 ) ) ;
#566 = DIRECTION ( 'NONE',  ( 1.000000000000000000, 0.000000000000000000, 0.000000000000000000 ) ) ;
#567 = VECTOR ( 'NONE', #2372, 1000.000000000000000 ) ;
#568 = CARTESIAN_POINT ( 'NONE',  ( -75.00000000000000000, 0.000000000000000000, 49.00000000000000000 ) ) ;
#569 = ORIENTED_EDGE ( 'NONE', *, *, #2888, .T. ) ;
#570 = LINE ( 'NONE', #2394, #184 ) ;
#571 = CARTESIAN_POINT ( 'NONE',  ( -69.99999999999998579, 5.000000000000010658, 5.000000000000000000 ) ) ;
#572 = CARTESIAN_POINT ( 'NONE',  ( -69.99999999999998579, -10.00000000000000533, 54.00000000000000000 ) ) ;
#573 = CARTESIAN_POINT ( 'NONE',  ( -69.99999999999998579, -10.00000000000000533, 5.000000000000000000 ) ) ;
#574 = EDGE_LOOP ( 'NONE', ( #1878, #1846, #2801, #2800 ) ) ;
#575 = ORIENTED_EDGE ( 'NONE', *, *, #2407, .F. ) ;
#576 = ORIENTED_EDGE ( 'NONE', *, *, #112, .T. ) ;
#577 = VECTOR ( 'NONE', #1397, 1000.000000000000000 ) ;
#578 = DIRECTION ( 'NONE',  ( -0.000000000000000000, 0.000000000000000000, 1.000000000000000000 ) ) ;
#579 = CARTESIAN_POINT ( 'NONE',  ( -9.912705577010332452E-16, 10.00000000000000888, 0.000000000000000000 ) ) ;
#580 = CARTESIAN_POINT ( 'NONE',  ( 70.00000000000001421, 27.50000000000000711, 54.00000000000000000 ) ) ;
#581 = LINE ( 'NONE', #2139, #2897 ) ;
#582 = EDGE_CURVE ( 'NONE', #1453, #1977, #893, .T. ) ;
#583 = AXIS2_PLACEMENT_3D ( 'NONE', #1798, #2440, #420 ) ;
#584 = CARTESIAN_POINT ( 'NONE',  ( -29.99999999999999289, -27.49999999999999645, 54.00000000000000000 ) ) ;
#585 = DIRECTION ( 'NONE',  ( -2.523234146875355998E-16, -1.000000000000000000, 0.000000000000000000 ) ) ;
#586 = VECTOR ( 'NONE', #2503, 1000.000000000000000 ) ;
#587 = LINE ( 'NONE', #2824, #1868 ) ;
#588 = AXIS2_PLACEMENT_3D ( 'NONE', #1362, #2242, #1604 ) ;
#589 = LINE ( 'NONE', #2206, #1962 ) ;
#590 = DIRECTION ( 'NONE',  ( 0.000000000000000000, 0.000000000000000000, 1.000000000000000000 ) ) ;
#591 = AXIS2_PLACEMENT_3D ( 'NONE', #2224, #1975, #2467 ) ;
#592 = VECTOR ( 'NONE', #2141, 1000.000000000000000 ) ;
#593 = ORIENTED_EDGE ( 'NONE', *, *, #1147, .T. ) ;
#594 = CARTESIAN_POINT ( 'NONE',  ( 0.000000000000000000, 0.000000000000000000, 49.00000000000000000 ) ) ;
#595 = CARTESIAN_POINT ( 'NONE',  ( 0.000000000000000000, 0.000000000000000000, 5.000000000000000000 ) ) ;
#596 = EDGE_CURVE ( 'NONE', #1209, #154, #2392, .T. ) ;
#597 = ORIENTED_EDGE ( 'NONE', *, *, #2159, .T. ) ;
#598 = PLANE ( 'NONE',  #1502 ) ;
#599 = CARTESIAN_POINT ( 'NONE',  ( -69.99999999999998579, 5.000000000000010658, 54.00000000000000000 ) ) ;
#600 = MECHANICAL_CONTEXT ( 'NONE', #61, 'mechanical' ) ;
#601 = CARTESIAN_POINT ( 'NONE',  ( -69.99999999999998579, 5.000000000000010658, 49.00000000000000000 ) ) ;
#602 = ADVANCED_FACE ( 'NONE', ( #2442 ), #205, .F. ) ;
#603 = EDGE_LOOP ( 'NONE', ( #2559, #2143 ) ) ;
#604 = PLANE ( 'NONE',  #2506 ) ;
#605 = CARTESIAN_POINT ( 'NONE',  ( -69.99999999999998579, -22.50000000000000711, 49.00000000000000000 ) ) ;
#606 = VECTOR ( 'NONE', #197, 1000.000000000000000 ) ;
#607 = EDGE_CURVE ( 'NONE', #2447, #1764, #433, .T. ) ;
#608 = CARTESIAN_POINT ( 'NONE',  ( -69.99999999999998579, 5.000000000000010658, 0.000000000000000000 ) ) ;
#609 = DIRECTION ( 'NONE',  ( 0.000000000000000000, -0.000000000000000000, 1.000000000000000000 ) ) ;
#610 = ORIENTED_EDGE ( 'NONE', *, *, #246, .T. ) ;
#611 = CARTESIAN_POINT ( 'NONE',  ( 50.00000000000001421, 25.00000000000000355, 49.00000000000000000 ) ) ;
#612 = CARTESIAN_POINT ( 'NONE',  ( -69.99999999999998579, -27.49999999999999289, 5.000000000000000000 ) ) ;
#613 = ORIENTED_EDGE ( 'NONE', *, *, #1541, .F. ) ;
#614 = DIRECTION ( 'NONE',  ( -0.000000000000000000, 1.000000000000000000, -0.000000000000000000 ) ) ;
#615 =( LENGTH_UNIT ( ) NAMED_UNIT ( * ) SI_UNIT ( .MILLI., .METRE. ) );
#616 = DIRECTION ( 'NONE',  ( 1.000000000000000000, -1.734723475976800685E-16, 0.000000000000000000 ) ) ;
#617 = EDGE_LOOP ( 'NONE', ( #794, #2168, #919, #2423, #48, #1117, #1379, #2788 ) ) ;
#618 = DIRECTION ( 'NONE',  ( 1.000000000000000000, 0.000000000000000000, 0.000000000000000000 ) ) ;
#619 = CARTESIAN_POINT ( 'NONE',  ( -47.49999999999998579, 25.00000000000000355, 54.00000000000000000 ) ) ;
#620 = VECTOR ( 'NONE', #1214, 1000.000000000000000 ) ;
#621 = VERTEX_POINT ( 'NONE', #1112 ) ;
#622 = EDGE_CURVE ( 'NONE', #58, #2097, #270, .T. ) ;
#623 = CARTESIAN_POINT ( 'NONE',  ( -52.49999999999999289, 25.00000000000000355, 49.00000000000000000 ) ) ;
#624 = ORIENTED_EDGE ( 'NONE', *, *, #2422, .T. ) ;
#625 = LINE ( 'NONE', #2005, #18 ) ;
#626 = ORIENTED_EDGE ( 'NONE', *, *, #72, .T. ) ;
#627 = CALENDAR_DATE ( 2026, 10, 8 ) ;
#628 = CARTESIAN_POINT ( 'NONE',  ( -69.99999999999998579, 27.50000000000000711, 54.00000000000000000 ) ) ;
#629 = CARTESIAN_POINT ( 'NONE',  ( 50.00000000000001421, -25.00000000000000000, 49.00000000000000000 ) ) ;
#630 = DIRECTION ( 'NONE',  ( -0.000000000000000000, 0.000000000000000000, 1.000000000000000000 ) ) ;
#631 = ORIENTED_EDGE ( 'NONE', *, *, #2257, .T. ) ;
#632 = CARTESIAN_POINT ( 'NONE',  ( -49.99999999999998579, 25.00000000000000355, 54.00000000000000000 ) ) ;
#633 = VECTOR ( 'NONE', #440, 1000.000000000000000 ) ;
#634 = ORIENTED_EDGE ( 'NONE', *, *, #996, .F. ) ;
#635 = DIRECTION ( 'NONE',  ( 1.000000000000000000, 0.000000000000000000, 0.000000000000000000 ) ) ;
#636 = EDGE_CURVE ( 'NONE', #1012, #1653, #2317, .T. ) ;
#637 = VECTOR ( 'NONE', #2473, 1000.000000000000000 ) ;
#638 = VECTOR ( 'NONE', #1430, 1000.000000000000000 ) ;
#639 = EDGE_CURVE ( 'NONE', #1501, #2859, #1665, .T. ) ;
#640 = ORIENTED_EDGE ( 'NONE', *, *, #165, .F. ) ;
#641 = PRODUCT_DEFINITION_FORMATION_WITH_SPECIFIED_SOURCE ( 'ANY', '', #1908, .NOT_KNOWN. ) ;
#642 = DIRECTION ( 'NONE',  ( -6.938893903907251057E-16, -1.000000000000000000, 0.000000000000000000 ) ) ;
#643 = DIRECTION ( 'NONE',  ( 0.000000000000000000, -1.000000000000000000, 0.000000000000000000 ) ) ;
#644 = DIRECTION ( 'NONE',  ( 1.000000000000000000, 0.000000000000000000, 0.000000000000000000 ) ) ;
#645 = DIRECTION ( 'NONE',  ( 1.000000000000000000, 0.000000000000000000, 0.000000000000000000 ) ) ;
#646 = ORIENTED_EDGE ( 'NONE', *, *, #2175, .F. ) ;
#647 = LINE ( 'NONE', #2217, #307 ) ;
#648 = EDGE_CURVE ( 'NONE', #46, #30, #2653, .T. ) ;
#649 = CARTESIAN_POINT ( 'NONE',  ( 50.00000000000001421, -24.99999999999999645, 54.00000000000000000 ) ) ;
#650 = CARTESIAN_POINT ( 'NONE',  ( -29.99999999999999289, 27.50000000000000711, 49.00000000000000000 ) ) ;
#651 = VECTOR ( 'NONE', #2376, 1000.000000000000000 ) ;
#652 = EDGE_LOOP ( 'NONE', ( #2757, #2431, #1987, #902 ) ) ;
#653 = LINE ( 'NONE', #415, #1673 ) ;
#654 = EDGE_CURVE ( 'NONE', #2443, #853, #2308, .T. ) ;
#655 = VECTOR ( 'NONE', #1217, 1000.000000000000000 ) ;
#656 = VECTOR ( 'NONE', #84, 1000.000000000000000 ) ;
#657 = VECTOR ( 'NONE', #1474, 1000.000000000000000 ) ;
#658 = FACE_OUTER_BOUND ( 'NONE', #1334, .T. ) ;
#659 = CARTESIAN_POINT ( 'NONE',  ( -75.00000000000001421, 22.50000000000000355, 5.000000000000000000 ) ) ;
#660 = ORIENTED_EDGE ( 'NONE', *, *, #822, .F. ) ;
#661 = CARTESIAN_POINT ( 'NONE',  ( 70.00000000000001421, -27.49999999999999289, 54.00000000000000000 ) ) ;
#662 = ORIENTED_EDGE ( 'NONE', *, *, #133, .T. ) ;
#663 = ORIENTED_EDGE ( 'NONE', *, *, #1446, .F. ) ;
#664 = ADVANCED_FACE ( 'NONE', ( #739 ), #1639, .F. ) ;
#665 = CARTESIAN_POINT ( 'NONE',  ( -49.99999999999998579, -25.00000000000000000, 54.00000000000000000 ) ) ;
#666 = CARTESIAN_POINT ( 'NONE',  ( -52.49999999999999289, 25.00000000000000355, 49.00000000000000000 ) ) ;
#667 = ORIENTED_EDGE ( 'NONE', *, *, #2734, .T. ) ;
#668 = EDGE_CURVE ( 'NONE', #501, #2104, #2107, .T. ) ;
#669 = CARTESIAN_POINT ( 'NONE',  ( -75.00000000000000000, 22.50000000000000355, 49.00000000000000000 ) ) ;
#670 = CARTESIAN_POINT ( 'NONE',  ( -69.99999999999998579, 0.000000000000000000, 0.000000000000000000 ) ) ;
#671 = EDGE_CURVE ( 'NONE', #1526, #1043, #805, .T. ) ;
#672 = ORIENTED_EDGE ( 'NONE', *, *, #1469, .T. ) ;
#673 = DIRECTION ( 'NONE',  ( 1.000000000000000000, 0.000000000000000000, 0.000000000000000000 ) ) ;
#674 = AXIS2_PLACEMENT_3D ( 'NONE', #1058, #318, #2109 ) ;
#675 = VECTOR ( 'NONE', #957, 1000.000000000000000 ) ;
#676 = ORIENTED_EDGE ( 'NONE', *, *, #2105, .T. ) ;
#677 = EDGE_LOOP ( 'NONE', ( #2654, #2488, #2535, #1780 ) ) ;
#678 = FACE_BOUND ( 'NONE', #1614, .T. ) ;
#679 = CARTESIAN_POINT ( 'NONE',  ( 25.00000000000001421, -22.50000000000000711, 54.00000000000000000 ) ) ;
#680 = CIRCLE ( 'NONE', #1622, 2.500000000000002220 ) ;
#681 = ADVANCED_FACE ( 'NONE', ( #358, #1255 ), #923, .F. ) ;
#682 = CARTESIAN_POINT ( 'NONE',  ( 0.000000000000000000, -22.50000000000000711, 49.00000000000000000 ) ) ;
#683 = AXIS2_PLACEMENT_3D ( 'NONE', #2659, #1321, #644 ) ;
#684 = ORIENTED_EDGE ( 'NONE', *, *, #2180, .F. ) ;
#685 = AXIS2_PLACEMENT_3D ( 'NONE', #193, #1799, #1784 ) ;
#686 = DIRECTION ( 'NONE',  ( 1.000000000000000000, 0.000000000000000000, 0.000000000000000000 ) ) ;
#687 = DIRECTION ( 'NONE',  ( 1.000000000000000000, 0.000000000000000000, 0.000000000000000000 ) ) ;
#688 = ADVANCED_FACE ( 'NONE', ( #482 ), #1389, .F. ) ;
#689 = ORIENTED_EDGE ( 'NONE', *, *, #269, .T. ) ;
#690 = PLANE ( 'NONE',  #2101 ) ;
#691 = LINE ( 'NONE', #462, #399 ) ;
#692 = EDGE_CURVE ( 'NONE', #1718, #2276, #428, .T. ) ;
#693 = VERTEX_POINT ( 'NONE', #1795 ) ;
#694 = ORIENTED_EDGE ( 'NONE', *, *, #388, .T. ) ;
#695 = VERTEX_POINT ( 'NONE', #907 ) ;
#696 = FACE_OUTER_BOUND ( 'NONE', #2518, .T. ) ;
#697 = ORIENTED_EDGE ( 'NONE', *, *, #56, .T. ) ;
#698 = CC_DESIGN_PERSON_AND_ORGANIZATION_ASSIGNMENT ( #1752, #1305, ( #1179 ) ) ;
#699 = DIRECTION ( 'NONE',  ( -0.000000000000000000, 0.000000000000000000, 1.000000000000000000 ) ) ;
#700 = CARTESIAN_POINT ( 'NONE',  ( -29.99999999999999289, -27.49999999999999645, 5.000000000000000000 ) ) ;
#701 = ORIENTED_EDGE ( 'NONE', *, *, #78, .T. ) ;
#702 = EDGE_CURVE ( 'NONE', #29, #2281, #552, .T. ) ;
#703 = EDGE_LOOP ( 'NONE', ( #2517, #410, #2471, #137 ) ) ;
#704 = CARTESIAN_POINT ( 'NONE',  ( 25.00000000000001066, 22.50000000000000355, 49.00000000000000000 ) ) ;
#705 = DIRECTION ( 'NONE',  ( -0.000000000000000000, -0.000000000000000000, -1.000000000000000000 ) ) ;
#706 = EDGE_CURVE ( 'NONE', #374, #1352, #2380, .T. ) ;
#707 = ORIENTED_EDGE ( 'NONE', *, *, #622, .F. ) ;
#708 = ORIENTED_EDGE ( 'NONE', *, *, #1556, .F. ) ;
#709 = ORIENTED_EDGE ( 'NONE', *, *, #944, .F. ) ;
#710 = ORIENTED_EDGE ( 'NONE', *, *, #76, .T. ) ;
#711 = DIRECTION ( 'NONE',  ( 1.000000000000000000, 0.000000000000000000, -0.000000000000000000 ) ) ;
#712 = DIRECTION ( 'NONE',  ( -1.000000000000000000, 0.000000000000000000, 0.000000000000000000 ) ) ;
#713 = DIRECTION ( 'NONE',  ( 1.000000000000000000, 0.000000000000000000, 0.000000000000000000 ) ) ;
#714 = ORIENTED_EDGE ( 'NONE', *, *, #2680, .T. ) ;
#715 = VERTEX_POINT ( 'NONE', #425 ) ;
#716 = FACE_OUTER_BOUND ( 'NONE', #2309, .T. ) ;
#717 = DIRECTION ( 'NONE',  ( 1.000000000000000000, 0.000000000000000000, 0.000000000000000000 ) ) ;
#718 = EDGE_CURVE ( 'NONE', #516, #1690, #1831, .T. ) ;
#719 = ORIENTED_EDGE ( 'NONE', *, *, #607, .T. ) ;
#720 = ADVANCED_FACE ( 'NONE', ( #477 ), #233, .F. ) ;
#721 = ORIENTED_EDGE ( 'NONE', *, *, #648, .F. ) ;
#722 = ORIENTED_EDGE ( 'NONE', *, *, #1056, .F. ) ;
#723 = AXIS2_PLACEMENT_3D ( 'NONE', #216, #856, #2021 ) ;
#724 = DIRECTION ( 'NONE',  ( 1.000000000000000000, 0.000000000000000000, 0.000000000000000000 ) ) ;
#725 = VECTOR ( 'NONE', #2669, 1000.000000000000000 ) ;
#726 = EDGE_CURVE ( 'NONE', #2777, #2443, #2218, .T. ) ;
#727 = ORIENTED_EDGE ( 'NONE', *, *, #860, .F. ) ;
#728 = CIRCLE ( 'NONE', #1814, 4.000000000000003553 ) ;
#729 = DIRECTION ( 'NONE',  ( -0.000000000000000000, -0.000000000000000000, -1.000000000000000000 ) ) ;
#730 = FACE_OUTER_BOUND ( 'NONE', #770, .T. ) ;
#731 = CARTESIAN_POINT ( 'NONE',  ( 0.000000000000000000, -10.00000000000000533, 5.000000000000000000 ) ) ;
#732 = VECTOR ( 'NONE', #2048, 1000.000000000000000 ) ;
#733 = ORIENTED_EDGE ( 'NONE', *, *, #174, .T. ) ;
#734 = ORIENTED_EDGE ( 'NONE', *, *, #1382, .F. ) ;
#735 = DIRECTION ( 'NONE',  ( 0.000000000000000000, -1.000000000000000000, 0.000000000000000000 ) ) ;
#736 = CYLINDRICAL_SURFACE ( 'NONE', #922, 2.500000000000002220 ) ;
#737 = CARTESIAN_POINT ( 'NONE',  ( -69.99999999999998579, 0.000000000000000000, 5.000000000000000000 ) ) ;
#738 = CARTESIAN_POINT ( 'NONE',  ( -29.99999999999999289, -27.49999999999999289, 49.00000000000000000 ) ) ;
#739 = FACE_OUTER_BOUND ( 'NONE', #823, .T. ) ;
#740 = EDGE_LOOP ( 'NONE', ( #321, #2241, #933, #2753 ) ) ;
#741 = ORIENTED_EDGE ( 'NONE', *, *, #312, .T. ) ;
#742 = AXIS2_PLACEMENT_3D ( 'NONE', #335, #2790, #1613 ) ;
#743 = ORIENTED_EDGE ( 'NONE', *, *, #1722, .F. ) ;
#744 = EDGE_CURVE ( 'NONE', #1833, #1869, #886, .T. ) ;
#745 = CARTESIAN_POINT ( 'NONE',  ( 70.00000000000001421, 0.000000000000000000, 0.000000000000000000 ) ) ;
#746 = CARTESIAN_POINT ( 'NONE',  ( -49.99999999999998579, 25.00000000000000355, 49.00000000000000000 ) ) ;
#747 = VECTOR ( 'NONE', #2222, 1000.000000000000000 ) ;
#748 = CARTESIAN_POINT ( 'NONE',  ( -75.00000000000000000, 5.000000000000011546, 49.00000000000000000 ) ) ;
#749 = DIRECTION ( 'NONE',  ( 1.000000000000000000, -0.000000000000000000, -0.000000000000000000 ) ) ;
#750 = ORIENTED_EDGE ( 'NONE', *, *, #918, .T. ) ;
#751 = ORIENTED_EDGE ( 'NONE', *, *, #208, .F. ) ;
#752 = CARTESIAN_POINT ( 'NONE',  ( -6.195440985631465178E-16, 5.000000000000010658, 5.000000000000000000 ) ) ;
#753 = CARTESIAN_POINT ( 'NONE',  ( -53.12249899919919471, 27.50000000000000711, 54.00000000000000000 ) ) ;
#754 = VECTOR ( 'NONE', #643, 1000.000000000000000 ) ;
#755 = CARTESIAN_POINT ( 'NONE',  ( 70.00000000000001421, 22.50000000000000355, 49.00000000000000000 ) ) ;
#756 = LINE ( 'NONE', #1888, #452 ) ;
#757 = VECTOR ( 'NONE', #533, 1000.000000000000000 ) ;
#758 = ORIENTED_EDGE ( 'NONE', *, *, #944, .T. ) ;
#759 = EDGE_LOOP ( 'NONE', ( #972, #920, #124, #45 ) ) ;
#760 = DIRECTION ( 'NONE',  ( 2.523234146875355998E-16, -1.000000000000000000, 0.000000000000000000 ) ) ;
#761 = CARTESIAN_POINT ( 'NONE',  ( 46.87750100080081239, 27.50000000000000711, 49.00000000000000000 ) ) ;
#762 = LINE ( 'NONE', #550, #757 ) ;
#763 = ADVANCED_FACE ( 'NONE', ( #2305 ), #1903, .T. ) ;
#764 = ORIENTED_EDGE ( 'NONE', *, *, #706, .T. ) ;
#765 = EDGE_LOOP ( 'NONE', ( #1585, #506, #1366, #2275 ) ) ;
#766 = DIRECTION ( 'NONE',  ( 0.000000000000000000, 0.000000000000000000, 1.000000000000000000 ) ) ;
#767 = PLANE ( 'NONE',  #2799 ) ;
#768 = CARTESIAN_POINT ( 'NONE',  ( -75.00000000000001421, 1.892425610156517289E-14, 5.000000000000000000 ) ) ;
#769 = CARTESIAN_POINT ( 'NONE',  ( 52.50000000000002132, 25.00000000000000355, 49.00000000000000000 ) ) ;
#770 = EDGE_LOOP ( 'NONE', ( #2722, #2869, #2409, #1375 ) ) ;
#771 = ORIENTED_EDGE ( 'NONE', *, *, #2680, .F. ) ;
#772 = VERTEX_POINT ( 'NONE', #1282 ) ;
#773 = APPROVAL_DATE_TIME ( #1893, #2784 ) ;
#774 = PLANE ( 'NONE',  #351 ) ;
#775 = VERTEX_POINT ( 'NONE', #1478 ) ;
#776 = CIRCLE ( 'NONE', #2421, 2.500000000000002220 ) ;
#777 = EDGE_CURVE ( 'NONE', #1274, #1977, #1052, .T. ) ;
#778 = CARTESIAN_POINT ( 'NONE',  ( 53.12249899919922314, 22.50000000000000355, 54.00000000000000000 ) ) ;
#779 = VECTOR ( 'NONE', #1775, 1000.000000000000000 ) ;
#780 = ORIENTED_EDGE ( 'NONE', *, *, #2815, .F. ) ;
#781 = LINE ( 'NONE', #584, #2707 ) ;
#782 = DIRECTION ( 'NONE',  ( 0.000000000000000000, -0.000000000000000000, 1.000000000000000000 ) ) ;
#783 = AXIS2_PLACEMENT_3D ( 'NONE', #1809, #242, #687 ) ;
#784 = DIRECTION ( 'NONE',  ( 0.000000000000000000, -1.000000000000000000, 0.000000000000000000 ) ) ;
#785 = ORGANIZATION ( 'UNSPECIFIED', 'UNSPECIFIED', '' ) ;
#786 = EDGE_CURVE ( 'NONE', #853, #1598, #570, .T. ) ;
#787 = LINE ( 'NONE', #1686, #2513 ) ;
#788 = CARTESIAN_POINT ( 'NONE',  ( 70.00000000000001421, 10.00000000000000888, 5.000000000000000000 ) ) ;
#789 = DIRECTION ( 'NONE',  ( 0.000000000000000000, -1.000000000000000000, 0.000000000000000000 ) ) ;
#790 = VERTEX_POINT ( 'NONE', #608 ) ;
#791 = ORIENTED_EDGE ( 'NONE', *, *, #866, .T. ) ;
#792 = EDGE_LOOP ( 'NONE', ( #313, #1347, #10, #2031, #387, #663, #1495, #383 ) ) ;
#793 = CARTESIAN_POINT ( 'NONE',  ( 74.99999999999998579, -27.49999999999999289, 54.00000000000000000 ) ) ;
#794 = ORIENTED_EDGE ( 'NONE', *, *, #1573, .T. ) ;
#795 = CARTESIAN_POINT ( 'NONE',  ( -24.99999999999999289, 27.50000000000000711, 49.00000000000000000 ) ) ;
#796 = ADVANCED_FACE ( 'NONE', ( #385 ), #163, .T. ) ;
#797 = AXIS2_PLACEMENT_3D ( 'NONE', #1193, #2330, #1525 ) ;
#798 = CARTESIAN_POINT ( 'NONE',  ( 0.000000000000000000, -27.49999999999999289, 5.000000000000000000 ) ) ;
#799 = DIRECTION ( 'NONE',  ( 1.000000000000000000, 0.000000000000000000, 0.000000000000000000 ) ) ;
#800 = CARTESIAN_POINT ( 'NONE',  ( -49.99999999999998579, 25.00000000000000355, 54.00000000000000000 ) ) ;
#801 = ORIENTED_EDGE ( 'NONE', *, *, #1119, .T. ) ;
#802 = CARTESIAN_POINT ( 'NONE',  ( 52.50000000000002132, -24.99999999999999645, 49.00000000000000000 ) ) ;
#803 = PLANE ( 'NONE',  #2379 ) ;
#804 = PLANE ( 'NONE',  #1699 ) ;
#805 = LINE ( 'NONE', #573, #651 ) ;
#806 = VECTOR ( 'NONE', #735, 1000.000000000000000 ) ;
#807 = EDGE_LOOP ( 'NONE', ( #2050, #771, #136, #2433, #2889, #1676, #2710, #2269, #2767, #1883, #2487, #1646 ) ) ;
#808 = AXIS2_PLACEMENT_3D ( 'NONE', #628, #1292, #2185 ) ;
#809 = ORIENTED_EDGE ( 'NONE', *, *, #1051, .F. ) ;
#810 = DATE_AND_TIME ( #141, #218 ) ;
#811 = FACE_OUTER_BOUND ( 'NONE', #2192, .T. ) ;
#812 = VERTEX_POINT ( 'NONE', #467 ) ;
#813 = LINE ( 'NONE', #2402, #1070 ) ;
#814 = LINE ( 'NONE', #379, #43 ) ;
#815 = CARTESIAN_POINT ( 'NONE',  ( 52.50000000000002132, -24.99999999999999645, 49.00000000000000000 ) ) ;
#816 = DIRECTION ( 'NONE',  ( 1.000000000000000000, 0.000000000000000000, 0.000000000000000000 ) ) ;
#817 = DIRECTION ( 'NONE',  ( -1.000000000000000000, -0.000000000000000000, -0.000000000000000000 ) ) ;
#818 = PLANE ( 'NONE',  #1857 ) ;
#819 = EDGE_CURVE ( 'NONE', #1177, #2782, #1121, .T. ) ;
#820 = CARTESIAN_POINT ( 'NONE',  ( 25.00000000000001421, -27.49999999999999289, 49.00000000000000000 ) ) ;
#821 = DIRECTION ( 'NONE',  ( -0.000000000000000000, -0.000000000000000000, 1.000000000000000000 ) ) ;
#822 = EDGE_CURVE ( 'NONE', #1688, #2296, #1595, .T. ) ;
#823 = EDGE_LOOP ( 'NONE', ( #1385, #2584, #1802, #228 ) ) ;
#824 = ORIENTED_EDGE ( 'NONE', *, *, #165, .T. ) ;
#825 = VECTOR ( 'NONE', #2590, 1000.000000000000000 ) ;
#826 = DIRECTION ( 'NONE',  ( 0.000000000000000000, 0.000000000000000000, 1.000000000000000000 ) ) ;
#827 = ADVANCED_FACE ( 'NONE', ( #678, #455, #2247, #1386 ), #16, .F. ) ;
#828 = LINE ( 'NONE', #1505, #894 ) ;
#829 = CARTESIAN_POINT ( 'NONE',  ( -0.000000000000000000, 27.50000000000000711, 0.000000000000000000 ) ) ;
#830 = DIRECTION ( 'NONE',  ( -0.000000000000000000, -0.000000000000000000, -1.000000000000000000 ) ) ;
#831 = AXIS2_PLACEMENT_3D ( 'NONE', #362, #826, #1045 ) ;
#832 = AXIS2_PLACEMENT_3D ( 'NONE', #1298, #2867, #355 ) ;
#833 = DIRECTION ( 'NONE',  ( 0.000000000000000000, -1.000000000000000000, 0.000000000000000000 ) ) ;
#834 = ORIENTED_EDGE ( 'NONE', *, *, #2068, .F. ) ;
#835 = VECTOR ( 'NONE', #816, 1000.000000000000000 ) ;
#836 = ORIENTED_EDGE ( 'NONE', *, *, #2105, .F. ) ;
#837 = CARTESIAN_POINT ( 'NONE',  ( -69.99999999999998579, 5.000000000000010658, 5.000000000000000000 ) ) ;
#838 = VECTOR ( 'NONE', #2386, 1000.000000000000000 ) ;
#839 = CARTESIAN_POINT ( 'NONE',  ( -75.00000000000000000, -10.00000000000000533, 49.00000000000000000 ) ) ;
#840 = LINE ( 'NONE', #1680, #1731 ) ;
#841 = CARTESIAN_POINT ( 'NONE',  ( -9.912705577010332452E-16, 10.00000000000000888, 5.000000000000000000 ) ) ;
#842 = AXIS2_PLACEMENT_3D ( 'NONE', #899, #2243, #13 ) ;
#843 = ADVANCED_FACE ( 'NONE', ( #31 ), #107, .F. ) ;
#844 = CARTESIAN_POINT ( 'NONE',  ( 0.000000000000000000, 0.000000000000000000, 49.00000000000000000 ) ) ;
#845 = CARTESIAN_POINT ( 'NONE',  ( -69.99999999999998579, -22.50000000000000711, 49.00000000000000000 ) ) ;
#846 = VECTOR ( 'NONE', #1506, 1000.000000000000000 ) ;
#847 = ORIENTED_EDGE ( 'NONE', *, *, #2456, .F. ) ;
#848 = CARTESIAN_POINT ( 'NONE',  ( -49.99999999999998579, -25.00000000000000000, 49.00000000000000000 ) ) ;
#849 = VERTEX_POINT ( 'NONE', #2398 ) ;
#850 = CARTESIAN_POINT ( 'NONE',  ( -29.99999999999999289, 22.50000000000000355, 5.000000000000000000 ) ) ;
#851 = ORIENTED_EDGE ( 'NONE', *, *, #2622, .T. ) ;
#852 = DIRECTION ( 'NONE',  ( 0.000000000000000000, 0.000000000000000000, 1.000000000000000000 ) ) ;
#853 = VERTEX_POINT ( 'NONE', #650 ) ;
#854 = DATE_TIME_ROLE ( 'creation_date' ) ;
#855 = DIRECTION ( 'NONE',  ( -1.000000000000000000, 0.000000000000000000, 0.000000000000000000 ) ) ;
#856 = DIRECTION ( 'NONE',  ( 1.239088197126290570E-16, -1.000000000000000000, 0.000000000000000000 ) ) ;
#857 = DIRECTION ( 'NONE',  ( 0.000000000000000000, 0.000000000000000000, 1.000000000000000000 ) ) ;
#858 = EDGE_CURVE ( 'NONE', #67, #930, #1551, .T. ) ;
#859 = DIRECTION ( 'NONE',  ( -0.000000000000000000, 0.000000000000000000, -1.000000000000000000 ) ) ;
#860 = EDGE_CURVE ( 'NONE', #2553, #1405, #2439, .T. ) ;
#861 = ORIENTED_EDGE ( 'NONE', *, *, #905, .F. ) ;
#862 = CARTESIAN_POINT ( 'NONE',  ( 3.097720492815744422E-16, -2.500000000000014211, 54.00000000000000000 ) ) ;
#863 = VERTEX_POINT ( 'NONE', #850 ) ;
#864 = DIRECTION ( 'NONE',  ( -0.000000000000000000, -0.000000000000000000, 1.000000000000000000 ) ) ;
#865 = FACE_BOUND ( 'NONE', #617, .T. ) ;
#866 = EDGE_CURVE ( 'NONE', #483, #930, #2870, .T. ) ;
#867 = LINE ( 'NONE', #445, #2507 ) ;
#868 = DIRECTION ( 'NONE',  ( -0.000000000000000000, 0.000000000000000000, 1.000000000000000000 ) ) ;
#869 = VERTEX_POINT ( 'NONE', #837 ) ;
#870 = EDGE_CURVE ( 'NONE', #1526, #2447, #2410, .T. ) ;
#871 = VECTOR ( 'NONE', #2792, 1000.000000000000000 ) ;
#872 = LINE ( 'NONE', #1378, #779 ) ;
#873 = AXIS2_PLACEMENT_3D ( 'NONE', #33, #1865, #2538 ) ;
#874 = AXIS2_PLACEMENT_3D ( 'NONE', #2489, #119, #1025 ) ;
#875 = EDGE_CURVE ( 'NONE', #1120, #1012, #2857, .T. ) ;
#876 = AXIS2_PLACEMENT_3D ( 'NONE', #1648, #712, #1150 ) ;
#877 = EDGE_LOOP ( 'NONE', ( #2060, #689, #2711, #235 ) ) ;
#878 = AXIS2_PLACEMENT_3D ( 'NONE', #2171, #346, #1711 ) ;
#879 = DIRECTION ( 'NONE',  ( 1.000000000000000000, 0.000000000000000000, 0.000000000000000000 ) ) ;
#880 = FACE_OUTER_BOUND ( 'NONE', #2312, .T. ) ;
#881 = CARTESIAN_POINT ( 'NONE',  ( -69.99999999999998579, 22.50000000000000355, 49.00000000000000000 ) ) ;
#882 = ADVANCED_FACE ( 'NONE', ( #2052, #990 ), #1616, .T. ) ;
#883 = ORIENTED_EDGE ( 'NONE', *, *, #126, .T. ) ;
#884 = DIRECTION ( 'NONE',  ( 0.000000000000000000, -0.000000000000000000, 1.000000000000000000 ) ) ;
#885 = AXIS2_PLACEMENT_3D ( 'NONE', #595, #2399, #2150 ) ;
#886 = LINE ( 'NONE', #1790, #35 ) ;
#887 = ADVANCED_FACE ( 'NONE', ( #1348 ), #690, .F. ) ;
#888 = ORIENTED_EDGE ( 'NONE', *, *, #1777, .F. ) ;
#889 = LINE ( 'NONE', #1086, #2181 ) ;
#890 = ADVANCED_FACE ( 'NONE', ( #11 ), #244, .F. ) ;
#891 = CARTESIAN_POINT ( 'NONE',  ( 0.000000000000000000, 0.000000000000000000, 54.00000000000000000 ) ) ;
#892 = ORIENTED_EDGE ( 'NONE', *, *, #269, .F. ) ;
#893 = CIRCLE ( 'NONE', #1698, 2.500000000000002220 ) ;
#894 = VECTOR ( 'NONE', #1516, 1000.000000000000000 ) ;
#895 = CARTESIAN_POINT ( 'NONE',  ( -75.00000000000001421, 1.892425610156517289E-14, 5.000000000000000000 ) ) ;
#896 = DIRECTION ( 'NONE',  ( -0.000000000000000000, -0.000000000000000000, -1.000000000000000000 ) ) ;
#897 = ORIENTED_EDGE ( 'NONE', *, *, #1685, .F. ) ;
#898 = DIRECTION ( 'NONE',  ( 0.000000000000000000, 1.000000000000000000, 0.000000000000000000 ) ) ;
#899 = CARTESIAN_POINT ( 'NONE',  ( 50.00000000000001421, 25.00000000000000355, 49.00000000000000000 ) ) ;
#900 = CARTESIAN_POINT ( 'NONE',  ( 70.00000000000001421, 22.50000000000000355, 5.000000000000000000 ) ) ;
#901 = EDGE_CURVE ( 'NONE', #1797, #437, #2179, .T. ) ;
#902 = ORIENTED_EDGE ( 'NONE', *, *, #1051, .T. ) ;
#903 = EDGE_LOOP ( 'NONE', ( #2435, #2881, #1844, #53 ) ) ;
#904 = CARTESIAN_POINT ( 'NONE',  ( 30.00000000000001421, 27.50000000000000711, 54.00000000000000000 ) ) ;
#905 = EDGE_CURVE ( 'NONE', #1177, #1688, #1762, .T. ) ;
#906 = DIRECTION ( 'NONE',  ( 0.000000000000000000, -0.000000000000000000, -1.000000000000000000 ) ) ;
#907 = CARTESIAN_POINT ( 'NONE',  ( -29.99999999999999289, 27.50000000000000711, 5.000000000000000000 ) ) ;
#908 = FACE_BOUND ( 'NONE', #1054, .T. ) ;
#909 = EDGE_CURVE ( 'NONE', #194, #2118, #196, .T. ) ;
#910 = LINE ( 'NONE', #1560, #1575 ) ;
#911 = CARTESIAN_POINT ( 'NONE',  ( 74.99999999999998579, 1.892425610156516658E-14, 5.000000000000000000 ) ) ;
#912 = ORIENTED_EDGE ( 'NONE', *, *, #496, .F. ) ;
#913 = CARTESIAN_POINT ( 'NONE',  ( -49.99999999999998579, -25.00000000000000000, 49.00000000000000000 ) ) ;
#914 = FACE_OUTER_BOUND ( 'NONE', #278, .T. ) ;
#915 = CARTESIAN_POINT ( 'NONE',  ( 0.000000000000000000, 27.50000000000000711, 5.000000000000000000 ) ) ;
#916 = VECTOR ( 'NONE', #614, 1000.000000000000000 ) ;
#917 = AXIS2_PLACEMENT_3D ( 'NONE', #2248, #1819, #2085 ) ;
#918 = EDGE_CURVE ( 'NONE', #1840, #1748, #2419, .T. ) ;
#919 = ORIENTED_EDGE ( 'NONE', *, *, #909, .T. ) ;
#920 = ORIENTED_EDGE ( 'NONE', *, *, #2651, .F. ) ;
#921 = DIRECTION ( 'NONE',  ( -0.000000000000000000, 0.000000000000000000, 1.000000000000000000 ) ) ;
#922 = AXIS2_PLACEMENT_3D ( 'NONE', #1462, #2765, #1450 ) ;
#923 = PLANE ( 'NONE',  #2581 ) ;
#924 = APPROVAL_PERSON_ORGANIZATION ( #317, #2784, #2618 ) ;
#925 = ORIENTED_EDGE ( 'NONE', *, *, #2603, .T. ) ;
#926 = DIRECTION ( 'NONE',  ( 0.000000000000000000, -1.000000000000000000, 0.000000000000000000 ) ) ;
#927 = DIRECTION ( 'NONE',  ( -1.000000000000000000, -1.239088197126290570E-16, 0.000000000000000000 ) ) ;
#928 = ADVANCED_FACE ( 'NONE', ( #1721 ), #598, .T. ) ;
#929 = VERTEX_POINT ( 'NONE', #2601 ) ;
#930 = VERTEX_POINT ( 'NONE', #1275 ) ;
#931 = DIRECTION ( 'NONE',  ( 1.000000000000000000, 9.912705577010325549E-17, 0.000000000000000000 ) ) ;
#932 = ORIENTED_EDGE ( 'NONE', *, *, #1509, .T. ) ;
#933 = ORIENTED_EDGE ( 'NONE', *, *, #2482, .T. ) ;
#934 = ORIENTED_EDGE ( 'NONE', *, *, #1429, .F. ) ;
#935 = VECTOR ( 'NONE', #2003, 1000.000000000000000 ) ;
#936 = ORIENTED_EDGE ( 'NONE', *, *, #1974, .T. ) ;
#937 = CARTESIAN_POINT ( 'NONE',  ( -69.99999999999998579, 10.00000000000000888, 54.00000000000000000 ) ) ;
#938 = CARTESIAN_POINT ( 'NONE',  ( 0.000000000000000000, -22.50000000000000711, 5.000000000000000000 ) ) ;
#939 = VECTOR ( 'NONE', #766, 1000.000000000000000 ) ;
#940 = VECTOR ( 'NONE', #189, 1000.000000000000000 ) ;
#941 = ORIENTED_EDGE ( 'NONE', *, *, #1645, .F. ) ;
#942 = ORIENTED_EDGE ( 'NONE', *, *, #1003, .T. ) ;
#943 = DIRECTION ( 'NONE',  ( -1.000000000000000000, 0.000000000000000000, 0.000000000000000000 ) ) ;
#944 = EDGE_CURVE ( 'NONE', #2073, #1951, #1709, .T. ) ;
#945 = DIRECTION ( 'NONE',  ( -0.000000000000000000, -0.000000000000000000, -1.000000000000000000 ) ) ;
#946 = DIRECTION ( 'NONE',  ( -1.000000000000000000, -1.239088197126290570E-16, 0.000000000000000000 ) ) ;
#947 = ADVANCED_FACE ( 'NONE', ( #2614 ), #1939, .T. ) ;
#948 = VERTEX_POINT ( 'NONE', #612 ) ;
#949 = EDGE_LOOP ( 'NONE', ( #93, #454, #330, #1447 ) ) ;
#950 = ORIENTED_EDGE ( 'NONE', *, *, #1807, .F. ) ;
#951 = LINE ( 'NONE', #937, #2795 ) ;
#952 = PLANE ( 'NONE',  #1492 ) ;
#953 = LINE ( 'NONE', #2316, #1733 ) ;
#954 = ORIENTED_EDGE ( 'NONE', *, *, #464, .F. ) ;
#955 = ORIENTED_EDGE ( 'NONE', *, *, #2547, .T. ) ;
#956 = DIRECTION ( 'NONE',  ( 1.000000000000000000, 0.000000000000000000, -0.000000000000000000 ) ) ;
#957 = DIRECTION ( 'NONE',  ( 0.000000000000000000, 0.000000000000000000, 1.000000000000000000 ) ) ;
#958 = CYLINDRICAL_SURFACE ( 'NONE', #842, 4.000000000000003553 ) ;
#959 = AXIS2_PLACEMENT_3D ( 'NONE', #1202, #1294, #1507 ) ;
#960 = LINE ( 'NONE', #2752, #1315 ) ;
#961 = EDGE_CURVE ( 'NONE', #1660, #1023, #756, .T. ) ;
#962 = ORIENTED_EDGE ( 'NONE', *, *, #1221, .T. ) ;
#963 = ORIENTED_EDGE ( 'NONE', *, *, #744, .F. ) ;
#964 = VECTOR ( 'NONE', #760, 1000.000000000000000 ) ;
#965 = ORIENTED_EDGE ( 'NONE', *, *, #1930, .F. ) ;
#966 = EDGE_LOOP ( 'NONE', ( #2776, #2339, #1966, #2647 ) ) ;
#967 = AXIS2_PLACEMENT_3D ( 'NONE', #2037, #12, #2272 ) ;
#968 = CYLINDRICAL_SURFACE ( 'NONE', #873, 2.500000000000002220 ) ;
#969 = LINE ( 'NONE', #518, #215 ) ;
#970 = DIRECTION ( 'NONE',  ( 1.000000000000000000, 0.000000000000000000, 0.000000000000000000 ) ) ;
#971 = VECTOR ( 'NONE', #2335, 1000.000000000000000 ) ;
#972 = ORIENTED_EDGE ( 'NONE', *, *, #394, .F. ) ;
#973 = EDGE_LOOP ( 'NONE', ( #2400, #1401, #2528, #1773, #979, #272, #2825, #434, #240, #2615, #791, #2373 ) ) ;
#974 = LINE ( 'NONE', #1871, #655 ) ;
#975 = CARTESIAN_POINT ( 'NONE',  ( 53.12249899919922314, 27.50000000000000711, 54.00000000000000000 ) ) ;
#976 = AXIS2_PLACEMENT_3D ( 'NONE', #2173, #1049, #2414 ) ;
#977 = CARTESIAN_POINT ( 'NONE',  ( -24.99999999999999289, 22.50000000000000355, 49.00000000000000000 ) ) ;
#978 = CARTESIAN_POINT ( 'NONE',  ( 53.12249899919922314, -27.49999999999999289, 49.00000000000000000 ) ) ;
#979 = ORIENTED_EDGE ( 'NONE', *, *, #449, .F. ) ;
#980 = ADVANCED_FACE ( 'NONE', ( #1190, #1223 ), #2550, .T. ) ;
#981 = CIRCLE ( 'NONE', #2627, 3.999999999999996447 ) ;
#982 = VECTOR ( 'NONE', #2607, 1000.000000000000000 ) ;
#983 = VERTEX_POINT ( 'NONE', #1763 ) ;
#984 = FACE_OUTER_BOUND ( 'NONE', #2708, .T. ) ;
#985 = EDGE_CURVE ( 'NONE', #1102, #1402, #2434, .T. ) ;
#986 = CARTESIAN_POINT ( 'NONE',  ( -69.99999999999998579, -10.00000000000000533, 5.000000000000000000 ) ) ;
#987 = LINE ( 'NONE', #1633, #620 ) ;
#988 = ORIENTED_EDGE ( 'NONE', *, *, #1489, .F. ) ;
#989 = ORIENTED_EDGE ( 'NONE', *, *, #2519, .T. ) ;
#990 = FACE_BOUND ( 'NONE', #877, .T. ) ;
#991 = LINE ( 'NONE', #1636, #1314 ) ;
#992 = CARTESIAN_POINT ( 'NONE',  ( 47.50000000000001421, -24.99999999999999645, 49.00000000000000000 ) ) ;
#993 = LINE ( 'NONE', #2565, #1588 ) ;
#994 = PLANE ( 'NONE',  #1381 ) ;
#995 = ORIENTED_EDGE ( 'NONE', *, *, #1304, .F. ) ;
#996 = EDGE_CURVE ( 'NONE', #1303, #373, #981, .T. ) ;
#997 = EDGE_LOOP ( 'NONE', ( #1391, #353, #998, #1004 ) ) ;
#998 = ORIENTED_EDGE ( 'NONE', *, *, #2, .T. ) ;
#999 = SHAPE_DEFINITION_REPRESENTATION ( #1164, #2783 ) ;
#1000 = CARTESIAN_POINT ( 'NONE',  ( -69.99999999999998579, 5.000000000000010658, 49.00000000000000000 ) ) ;
#1001 = DIRECTION ( 'NONE',  ( 1.000000000000000000, -0.000000000000000000, -0.000000000000000000 ) ) ;
#1002 = FACE_OUTER_BOUND ( 'NONE', #949, .T. ) ;
#1003 = EDGE_CURVE ( 'NONE', #1167, #1690, #1627, .T. ) ;
#1004 = ORIENTED_EDGE ( 'NONE', *, *, #1269, .F. ) ;
#1005 = FACE_OUTER_BOUND ( 'NONE', #470, .T. ) ;
#1006 = DIRECTION ( 'NONE',  ( 0.000000000000000000, -1.000000000000000000, 0.000000000000000000 ) ) ;
#1007 = DIRECTION ( 'NONE',  ( -0.000000000000000000, -0.000000000000000000, -1.000000000000000000 ) ) ;
#1008 = DIRECTION ( 'NONE',  ( 0.000000000000000000, 1.000000000000000000, 0.000000000000000000 ) ) ;
#1009 = CARTESIAN_POINT ( 'NONE',  ( -69.99999999999998579, 27.50000000000000711, 49.00000000000000000 ) ) ;
#1010 = CARTESIAN_POINT ( 'NONE',  ( 74.99999999999998579, -22.50000000000000711, 54.00000000000000000 ) ) ;
#1011 = ORIENTED_EDGE ( 'NONE', *, *, #1246, .F. ) ;
#1012 = VERTEX_POINT ( 'NONE', #62 ) ;
#1013 = ORIENTED_EDGE ( 'NONE', *, *, #1056, .T. ) ;
#1014 = APPROVAL_ROLE ( '' ) ;
#1015 = CARTESIAN_POINT ( 'NONE',  ( 25.00000000000001066, -22.50000000000000711, 5.000000000000000000 ) ) ;
#1016 = DIRECTION ( 'NONE',  ( -0.000000000000000000, -0.000000000000000000, -1.000000000000000000 ) ) ;
#1017 = CARTESIAN_POINT ( 'NONE',  ( -69.99999999999998579, -22.50000000000000711, 54.00000000000000000 ) ) ;
#1018 = CIRCLE ( 'NONE', #354, 2.500000000000002220 ) ;
#1019 = DIRECTION ( 'NONE',  ( 1.734723475976800685E-16, -1.000000000000000000, 0.000000000000000000 ) ) ;
#1020 = CARTESIAN_POINT ( 'NONE',  ( -69.99999999999998579, 0.000000000000000000, 5.000000000000000000 ) ) ;
#1021 = VECTOR ( 'NONE', #2415, 1000.000000000000000 ) ;
#1022 = EDGE_CURVE ( 'NONE', #1127, #2494, #1862, .T. ) ;
#1023 = VERTEX_POINT ( 'NONE', #2053 ) ;
#1024 = AXIS2_PLACEMENT_3D ( 'NONE', #580, #145, #2157 ) ;
#1025 = DIRECTION ( 'NONE',  ( 1.000000000000000000, 0.000000000000000000, 0.000000000000000000 ) ) ;
#1026 = ADVANCED_FACE ( 'NONE', ( #2098 ), #2081, .F. ) ;
#1027 = LINE ( 'NONE', #1922, #2162 ) ;
#1028 = CARTESIAN_POINT ( 'NONE',  ( 50.00000000000001421, -25.00000000000000000, 54.00000000000000000 ) ) ;
#1029 = ORIENTED_EDGE ( 'NONE', *, *, #2002, .T. ) ;
#1030 = ORIENTED_EDGE ( 'NONE', *, *, #6, .T. ) ;
#1031 = DIRECTION ( 'NONE',  ( 1.000000000000000000, 0.000000000000000000, 0.000000000000000000 ) ) ;
#1032 = CARTESIAN_POINT ( 'NONE',  ( 46.87750100080081239, -22.50000000000000711, 49.00000000000000000 ) ) ;
#1033 = EDGE_CURVE ( 'NONE', #1859, #1869, #1185, .T. ) ;
#1034 = VECTOR ( 'NONE', #1605, 1000.000000000000000 ) ;
#1035 = CARTESIAN_POINT ( 'NONE',  ( -46.87750100080078397, 22.50000000000000355, 54.00000000000000000 ) ) ;
#1036 = CARTESIAN_POINT ( 'NONE',  ( 0.000000000000000000, -22.50000000000000711, 49.00000000000000000 ) ) ;
#1037 = PERSON ( 'UNSPECIFIED', 'UNSPECIFIED', 'UNSPECIFIED', ('UNSPECIFIED'), ('UNSPECIFIED'), ('UNSPECIFIED') ) ;
#1038 = CARTESIAN_POINT ( 'NONE',  ( 70.00000000000001421, 10.00000000000000888, 0.000000000000000000 ) ) ;
#1039 = VECTOR ( 'NONE', #38, 1000.000000000000000 ) ;
#1040 = ORIENTED_EDGE ( 'NONE', *, *, #2225, .F. ) ;
#1041 = EDGE_CURVE ( 'NONE', #1023, #1094, #273, .T. ) ;
#1042 = ORIENTED_EDGE ( 'NONE', *, *, #2163, .F. ) ;
#1043 = VERTEX_POINT ( 'NONE', #1827 ) ;
#1044 = PERSON_AND_ORGANIZATION ( #1037, #785 ) ;
#1045 = DIRECTION ( 'NONE',  ( 1.000000000000000000, 0.000000000000000000, 0.000000000000000000 ) ) ;
#1046 = LINE ( 'NONE', #1945, #2476 ) ;
#1047 = DIRECTION ( 'NONE',  ( 1.000000000000000000, 0.000000000000000000, 0.000000000000000000 ) ) ;
#1048 = VECTOR ( 'NONE', #2126, 1000.000000000000000 ) ;
#1049 = DIRECTION ( 'NONE',  ( 0.000000000000000000, 0.000000000000000000, 1.000000000000000000 ) ) ;
#1050 = CARTESIAN_POINT ( 'NONE',  ( 70.00000000000001421, 0.000000000000000000, 54.00000000000000000 ) ) ;
#1051 = EDGE_CURVE ( 'NONE', #483, #2491, #2067, .T. ) ;
#1052 = LINE ( 'NONE', #802, #1925 ) ;
#1053 = DIRECTION ( 'NONE',  ( 1.000000000000000000, 0.000000000000000000, 0.000000000000000000 ) ) ;
#1054 = EDGE_LOOP ( 'NONE', ( #2260, #988 ) ) ;
#1055 = ORIENTED_EDGE ( 'NONE', *, *, #246, .F. ) ;
#1056 = EDGE_CURVE ( 'NONE', #1352, #2730, #102, .T. ) ;
#1057 = VERTEX_POINT ( 'NONE', #2745 ) ;
#1058 = CARTESIAN_POINT ( 'NONE',  ( 0.000000000000000000, 0.000000000000000000, 49.00000000000000000 ) ) ;
#1059 = PERSON_AND_ORGANIZATION_ROLE ( 'design_owner' ) ;
#1060 = CARTESIAN_POINT ( 'NONE',  ( 70.00000000000001421, 0.000000000000000000, 49.00000000000000000 ) ) ;
#1061 = AXIS2_PLACEMENT_3D ( 'NONE', #629, #2645, #2008 ) ;
#1062 = DIRECTION ( 'NONE',  ( 1.000000000000000000, 1.734723475976800685E-16, 0.000000000000000000 ) ) ;
#1063 = DIRECTION ( 'NONE',  ( 1.000000000000000000, 0.000000000000000000, 0.000000000000000000 ) ) ;
#1064 = CIRCLE ( 'NONE', #588, 4.000000000000003553 ) ;
#1065 = VERTEX_POINT ( 'NONE', #2496 ) ;
#1066 = AXIS2_PLACEMENT_3D ( 'NONE', #911, #1533, #2430 ) ;
#1067 = PLANE ( 'NONE',  #2470 ) ;
#1068 = VECTOR ( 'NONE', #2455, 1000.000000000000000 ) ;
#1069 = ORIENTED_EDGE ( 'NONE', *, *, #275, .F. ) ;
#1070 = VECTOR ( 'NONE', #363, 1000.000000000000000 ) ;
#1071 = EDGE_CURVE ( 'NONE', #1436, #693, #2271, .T. ) ;
#1072 = DIRECTION ( 'NONE',  ( 1.000000000000000000, 0.000000000000000000, 0.000000000000000000 ) ) ;
#1073 = ORIENTED_EDGE ( 'NONE', *, *, #2759, .T. ) ;
#1074 = CARTESIAN_POINT ( 'NONE',  ( -69.99999999999998579, -22.50000000000000711, 5.000000000000000000 ) ) ;
#1075 = CARTESIAN_POINT ( 'NONE',  ( 47.50000000000001421, 25.00000000000000355, 49.00000000000000000 ) ) ;
#1076 = VECTOR ( 'NONE', #1007, 1000.000000000000000 ) ;
#1077 = LINE ( 'NONE', #1847, #438 ) ;
#1078 = DIRECTION ( 'NONE',  ( -0.000000000000000000, -0.000000000000000000, -1.000000000000000000 ) ) ;
#1079 = AXIS2_PLACEMENT_3D ( 'NONE', #1380, #42, #946 ) ;
#1080 = DIRECTION ( 'NONE',  ( 1.000000000000000000, 0.000000000000000000, -0.000000000000000000 ) ) ;
#1081 = EDGE_LOOP ( 'NONE', ( #239, #2694 ) ) ;
#1082 = VECTOR ( 'NONE', #2427, 1000.000000000000000 ) ;
#1083 = EDGE_CURVE ( 'NONE', #772, #1120, #2320, .T. ) ;
#1084 = ORIENTED_EDGE ( 'NONE', *, *, #1794, .T. ) ;
#1085 = CIRCLE ( 'NONE', #1220, 3.999999999999996447 ) ;
#1086 = CARTESIAN_POINT ( 'NONE',  ( -69.99999999999998579, 0.000000000000000000, 5.000000000000000000 ) ) ;
#1087 = CARTESIAN_POINT ( 'NONE',  ( -24.99999999999998934, -27.49999999999999289, 49.00000000000000000 ) ) ;
#1088 = ADVANCED_FACE ( 'NONE', ( #258 ), #522, .T. ) ;
#1089 = FACE_OUTER_BOUND ( 'NONE', #86, .T. ) ;
#1090 = DIRECTION ( 'NONE',  ( 1.000000000000000000, 0.000000000000000000, 0.000000000000000000 ) ) ;
#1091 = EDGE_CURVE ( 'NONE', #1624, #1510, #991, .T. ) ;
#1092 = VERTEX_POINT ( 'NONE', #1885 ) ;
#1093 = DIRECTION ( 'NONE',  ( -0.000000000000000000, -0.000000000000000000, -1.000000000000000000 ) ) ;
#1094 = VERTEX_POINT ( 'NONE', #1654 ) ;
#1095 = ORIENTED_EDGE ( 'NONE', *, *, #183, .T. ) ;
#1096 = ORIENTED_EDGE ( 'NONE', *, *, #2829, .F. ) ;
#1097 = DIRECTION ( 'NONE',  ( -0.000000000000000000, 0.000000000000000000, 1.000000000000000000 ) ) ;
#1098 = EDGE_CURVE ( 'NONE', #210, #1303, #1414, .T. ) ;
#1099 = CARTESIAN_POINT ( 'NONE',  ( 30.00000000000001776, -22.50000000000000711, 54.00000000000000000 ) ) ;
#1100 = DIRECTION ( 'NONE',  ( -1.000000000000000000, -1.239088197126290570E-16, 0.000000000000000000 ) ) ;
#1101 = CARTESIAN_POINT ( 'NONE',  ( 50.00000000000001421, -24.99999999999999645, 49.00000000000000000 ) ) ;
#1102 = VERTEX_POINT ( 'NONE', #288 ) ;
#1103 = DIRECTION ( 'NONE',  ( 1.000000000000000000, 0.000000000000000000, 0.000000000000000000 ) ) ;
#1104 = CIRCLE ( 'NONE', #2652, 2.500000000000002220 ) ;
#1105 = AXIS2_PLACEMENT_3D ( 'NONE', #556, #1466, #339 ) ;
#1106 = CARTESIAN_POINT ( 'NONE',  ( -46.87750100080078397, 27.50000000000000711, 49.00000000000000000 ) ) ;
#1107 = VECTOR ( 'NONE', #927, 1000.000000000000000 ) ;
#1108 = EDGE_LOOP ( 'NONE', ( #1942, #626 ) ) ;
#1109 = DIRECTION ( 'NONE',  ( -0.000000000000000000, -0.000000000000000000, -1.000000000000000000 ) ) ;
#1110 = LINE ( 'NONE', #8, #1236 ) ;
#1111 = CARTESIAN_POINT ( 'NONE',  ( -69.99999999999998579, 10.00000000000000888, 49.00000000000000000 ) ) ;
#1112 = CARTESIAN_POINT ( 'NONE',  ( -46.87750100080078397, 22.50000000000000355, 49.00000000000000000 ) ) ;
#1113 = EDGE_CURVE ( 'NONE', #1436, #46, #323, .T. ) ;
#1114 = ORIENTED_EDGE ( 'NONE', *, *, #1829, .T. ) ;
#1115 = CARTESIAN_POINT ( 'NONE',  ( 70.00000000000001421, -5.000000000000005329, 5.000000000000000000 ) ) ;
#1116 = VECTOR ( 'NONE', #1522, 1000.000000000000000 ) ;
#1117 = ORIENTED_EDGE ( 'NONE', *, *, #1416, .T. ) ;
#1118 = ADVANCED_FACE ( 'NONE', ( #716 ), #1668, .T. ) ;
#1119 = EDGE_CURVE ( 'NONE', #1576, #1526, #974, .T. ) ;
#1120 = VERTEX_POINT ( 'NONE', #2561 ) ;
#1121 = LINE ( 'NONE', #1566, #1830 ) ;
#1122 = CARTESIAN_POINT ( 'NONE',  ( 46.87750100080081239, -22.50000000000000711, 49.00000000000000000 ) ) ;
#1123 = CARTESIAN_POINT ( 'NONE',  ( -69.99999999999998579, 10.00000000000000888, 54.00000000000000000 ) ) ;
#1124 = FACE_BOUND ( 'NONE', #1941, .T. ) ;
#1125 = LINE ( 'NONE', #2696, #531 ) ;
#1126 = DIRECTION ( 'NONE',  ( -0.000000000000000000, -0.000000000000000000, -1.000000000000000000 ) ) ;
#1127 = VERTEX_POINT ( 'NONE', #1617 ) ;
#1128 = DIRECTION ( 'NONE',  ( 1.000000000000000000, 0.000000000000000000, 0.000000000000000000 ) ) ;
#1129 = CARTESIAN_POINT ( 'NONE',  ( 74.99999999999998579, -22.50000000000000711, 54.00000000000000000 ) ) ;
#1130 = LINE ( 'NONE', #1351, #2520 ) ;
#1131 = VERTEX_POINT ( 'NONE', #537 ) ;
#1132 = EDGE_LOOP ( 'NONE', ( #1300, #2295, #1239, #758 ) ) ;
#1133 = CARTESIAN_POINT ( 'NONE',  ( 70.00000000000001421, 27.50000000000000711, 5.000000000000000000 ) ) ;
#1134 = ORIENTED_EDGE ( 'NONE', *, *, #2110, .F. ) ;
#1135 = PLANE ( 'NONE',  #2084 ) ;
#1136 = CARTESIAN_POINT ( 'NONE',  ( 0.000000000000000000, 27.50000000000000711, 5.000000000000000000 ) ) ;
#1137 = CARTESIAN_POINT ( 'NONE',  ( -46.87750100080077686, -27.49999999999999289, 49.00000000000000000 ) ) ;
#1138 = ORIENTED_EDGE ( 'NONE', *, *, #901, .F. ) ;
#1139 = DIRECTION ( 'NONE',  ( 0.000000000000000000, -1.000000000000000000, 0.000000000000000000 ) ) ;
#1140 = VECTOR ( 'NONE', #2655, 1000.000000000000000 ) ;
#1141 = VECTOR ( 'NONE', #1684, 1000.000000000000000 ) ;
#1142 = ORIENTED_EDGE ( 'NONE', *, *, #2768, .T. ) ;
#1143 = EDGE_CURVE ( 'NONE', #1718, #1644, #1154, .T. ) ;
#1144 = EDGE_LOOP ( 'NONE', ( #2406, #834, #1804, #7 ) ) ;
#1145 = DIRECTION ( 'NONE',  ( -0.000000000000000000, 0.000000000000000000, 1.000000000000000000 ) ) ;
#1146 = EDGE_LOOP ( 'NONE', ( #1521, #520, #631, #479 ) ) ;
#1147 = EDGE_CURVE ( 'NONE', #478, #869, #2341, .T. ) ;
#1148 = ORIENTED_EDGE ( 'NONE', *, *, #1221, .F. ) ;
#1149 = CARTESIAN_POINT ( 'NONE',  ( 50.00000000000001421, 25.00000000000000355, 49.00000000000000000 ) ) ;
#1150 = DIRECTION ( 'NONE',  ( 0.000000000000000000, 0.000000000000000000, 1.000000000000000000 ) ) ;
#1151 = ADVANCED_FACE ( 'NONE', ( #1428 ), #305, .T. ) ;
#1152 = ORIENTED_EDGE ( 'NONE', *, *, #208, .T. ) ;
#1153 = VERTEX_POINT ( 'NONE', #1518 ) ;
#1155 = CLOSED_SHELL ( 'NONE', ( #890, #1811, #602, #2328, #681, #2556, #2567, #2062, #384, #1626, #1758, #1564, #1188, #500, #263, #333, #664, #2015, #234, #2193, #2809, #1995, #2215, #1026, #2463, #2735, #843, #147, #928, #1118, #796, #1820, #947, #2542, #2583, #1523, #1151, #763, #2351, #1535, #2196, #2635, #882, #1387, #1251, #1936, #980, #1288, #1989, #2775, #1670, #2041, #1088, #1569, #827, #432, #688, #156, #1332, #887, #1986, #2721, #283, #1160, #720, #1651, #2032, #1856, #1400, #1284, #480, #1365, #1953, #1165, #1863, #505, #2343, #19, #524, #1559, #2637, #1552, #1737 ) ) ;
#1154 = LINE ( 'NONE', #2511, #417 ) ;
#1156 = CYLINDRICAL_SURFACE ( 'NONE', #1815, 4.000000000000003553 ) ;
#1157 = EDGE_LOOP ( 'NONE', ( #1623, #2051, #370, #1316, #934, #1273, #646, #2642, #1672, #144, #170, #1734, #2665, #2065, #932, #1258, #1706, #2310, #548, #331 ) ) ;
#1158 = ORIENTED_EDGE ( 'NONE', *, *, #1779, .F. ) ;
#1159 = AXIS2_PLACEMENT_3D ( 'NONE', #611, #2167, #155 ) ;
#1160 = ADVANCED_FACE ( 'NONE', ( #1005 ), #337, .T. ) ;
#1161 = VERTEX_POINT ( 'NONE', #1035 ) ;
#1162 = DIRECTION ( 'NONE',  ( 1.000000000000000000, 0.000000000000000000, 0.000000000000000000 ) ) ;
#1163 = CARTESIAN_POINT ( 'NONE',  ( -75.00000000000000000, 27.50000000000000711, 0.000000000000000000 ) ) ;
#1164 = PRODUCT_DEFINITION_SHAPE ( 'NONE', 'NONE',  #1179 ) ;
#1165 = ADVANCED_FACE ( 'NONE', ( #2578 ), #1280, .T. ) ;
#1166 = DIRECTION ( 'NONE',  ( 1.000000000000000000, 0.000000000000000000, 0.000000000000000000 ) ) ;
#1167 = VERTEX_POINT ( 'NONE', #2160 ) ;
#1168 = ORIENTED_EDGE ( 'NONE', *, *, #2388, .T. ) ;
#1169 = DIRECTION ( 'NONE',  ( 0.000000000000000000, 0.000000000000000000, 1.000000000000000000 ) ) ;
#1170 = CARTESIAN_POINT ( 'NONE',  ( -69.99999999999998579, -2.500000000000014211, 49.00000000000000000 ) ) ;
#1171 = VECTOR ( 'NONE', #1182, 1000.000000000000000 ) ;
#1172 = EDGE_CURVE ( 'NONE', #948, #257, #1475, .T. ) ;
#1173 = FACE_OUTER_BOUND ( 'NONE', #59, .T. ) ;
#1174 = VERTEX_POINT ( 'NONE', #2836 ) ;
#1175 = VECTOR ( 'NONE', #2808, 1000.000000000000000 ) ;
#1176 = ORIENTED_EDGE ( 'NONE', *, *, #1803, .F. ) ;
#1177 = VERTEX_POINT ( 'NONE', #2389 ) ;
#1178 = ORIENTED_EDGE ( 'NONE', *, *, #1897, .T. ) ;
#1179 = PRODUCT_DEFINITION ( 'UNKNOWN', '', #641, #2667 ) ;
#1180 = CARTESIAN_POINT ( 'NONE',  ( 74.99999999999998579, -27.49999999999999289, 0.000000000000000000 ) ) ;
#1181 = DIRECTION ( 'NONE',  ( 0.000000000000000000, 0.000000000000000000, 1.000000000000000000 ) ) ;
#1182 = DIRECTION ( 'NONE',  ( 0.000000000000000000, 0.000000000000000000, 1.000000000000000000 ) ) ;
#1183 = ORIENTED_EDGE ( 'NONE', *, *, #486, .T. ) ;
#1184 = ORIENTED_EDGE ( 'NONE', *, *, #1751, .T. ) ;
#1185 = LINE ( 'NONE', #1852, #1834 ) ;
#1186 = CARTESIAN_POINT ( 'NONE',  ( -75.00000000000002842, -27.49999999999999289, 5.000000000000000000 ) ) ;
#1187 = CARTESIAN_POINT ( 'NONE',  ( 70.00000000000001421, 22.50000000000000355, 5.000000000000000000 ) ) ;
#1188 = ADVANCED_FACE ( 'NONE', ( #1461 ), #2370, .F. ) ;
#1189 = DIRECTION ( 'NONE',  ( 0.000000000000000000, -1.000000000000000000, 0.000000000000000000 ) ) ;
#1190 = FACE_OUTER_BOUND ( 'NONE', #807, .T. ) ;
#1191 = ORIENTED_EDGE ( 'NONE', *, *, #1269, .T. ) ;
#1192 = VECTOR ( 'NONE', #1765, 1000.000000000000000 ) ;
#1193 = CARTESIAN_POINT ( 'NONE',  ( 50.00000000000001421, 25.00000000000000355, 49.00000000000000000 ) ) ;
#1194 = ORIENTED_EDGE ( 'NONE', *, *, #1429, .T. ) ;
#1195 = ORIENTED_EDGE ( 'NONE', *, *, #1592, .F. ) ;
#1196 = VECTOR ( 'NONE', #1139, 1000.000000000000000 ) ;
#1197 = LINE ( 'NONE', #241, #299 ) ;
#1198 = LINE ( 'NONE', #2493, #2229 ) ;
#1199 = LINE ( 'NONE', #1849, #1876 ) ;
#1200 = ORIENTED_EDGE ( 'NONE', *, *, #150, .T. ) ;
#1201 = ORIENTED_EDGE ( 'NONE', *, *, #1901, .F. ) ;
#1202 = CARTESIAN_POINT ( 'NONE',  ( 0.000000000000000000, 0.000000000000000000, 5.000000000000000000 ) ) ;
#1203 = APPROVAL_PERSON_ORGANIZATION ( #1960, #2533, #2426 ) ;
#1204 = LINE ( 'NONE', #2746, #2040 ) ;
#1205 = EDGE_CURVE ( 'NONE', #2717, #715, #1899, .T. ) ;
#1206 = PLANE ( 'NONE',  #1674 ) ;
#1207 = EDGE_CURVE ( 'NONE', #2717, #1644, #2605, .T. ) ;
#1208 = ORIENTED_EDGE ( 'NONE', *, *, #2498, .T. ) ;
#1209 = VERTEX_POINT ( 'NONE', #1695 ) ;
#1210 = ORIENTED_EDGE ( 'NONE', *, *, #1959, .T. ) ;
#1211 = CALENDAR_DATE ( 2026, 10, 8 ) ;
#1212 = DIRECTION ( 'NONE',  ( -1.000000000000000000, -9.912705577010325549E-17, 0.000000000000000000 ) ) ;
#1213 = CARTESIAN_POINT ( 'NONE',  ( 25.00000000000001066, 22.50000000000000355, 49.00000000000000000 ) ) ;
#1214 = DIRECTION ( 'NONE',  ( 0.000000000000000000, -1.000000000000000000, 0.000000000000000000 ) ) ;
#1215 = ORIENTED_EDGE ( 'NONE', *, *, #1940, .T. ) ;
#1216 = EDGE_LOOP ( 'NONE', ( #575, #1201, #529, #2791 ) ) ;
#1217 = DIRECTION ( 'NONE',  ( -0.000000000000000000, -0.000000000000000000, -1.000000000000000000 ) ) ;
#1218 = CARTESIAN_POINT ( 'NONE',  ( -0.000000000000000000, 22.50000000000000355, 49.00000000000000000 ) ) ;
#1219 = LINE ( 'NONE', #568, #2155 ) ;
#1220 = AXIS2_PLACEMENT_3D ( 'NONE', #1984, #1330, #430 ) ;
#1221 = EDGE_CURVE ( 'NONE', #2382, #929, #2837, .T. ) ;
#1222 = DIRECTION ( 'NONE',  ( 0.000000000000000000, -1.000000000000000000, 0.000000000000000000 ) ) ;
#1223 = FACE_BOUND ( 'NONE', #2499, .T. ) ;
#1224 = PLANE ( 'NONE',  #1463 ) ;
#1225 = VECTOR ( 'NONE', #2505, 1000.000000000000000 ) ;
#1226 = ORIENTED_EDGE ( 'NONE', *, *, #1320, .T. ) ;
#1227 = EDGE_CURVE ( 'NONE', #465, #257, #781, .T. ) ;
#1228 = ORIENTED_EDGE ( 'NONE', *, *, #2755, .T. ) ;
#1229 = EDGE_CURVE ( 'NONE', #373, #513, #1490, .T. ) ;
#1230 = FACE_OUTER_BOUND ( 'NONE', #2071, .T. ) ;
#1231 = DIRECTION ( 'NONE',  ( 1.000000000000000000, 0.000000000000000000, 0.000000000000000000 ) ) ;
#1232 = DIRECTION ( 'NONE',  ( 1.000000000000000000, 0.000000000000000000, 0.000000000000000000 ) ) ;
#1233 = DIRECTION ( 'NONE',  ( -0.000000000000000000, -0.000000000000000000, -1.000000000000000000 ) ) ;
#1234 = CARTESIAN_POINT ( 'NONE',  ( 0.000000000000000000, -27.49999999999999289, 49.00000000000000000 ) ) ;
#1235 = CARTESIAN_POINT ( 'NONE',  ( -69.99999999999998579, 27.50000000000000711, 49.00000000000000000 ) ) ;
#1236 = VECTOR ( 'NONE', #686, 1000.000000000000000 ) ;
#1237 = LINE ( 'NONE', #769, #71 ) ;
#1238 = CYLINDRICAL_SURFACE ( 'NONE', #511, 4.000000000000003553 ) ;
#1239 = ORIENTED_EDGE ( 'NONE', *, *, #540, .T. ) ;
#1240 = EDGE_CURVE ( 'NONE', #1679, #2717, #349, .T. ) ;
#1241 = ORIENTED_EDGE ( 'NONE', *, *, #2212, .T. ) ;
#1242 = ORIENTED_EDGE ( 'NONE', *, *, #1631, .T. ) ;
#1243 = CARTESIAN_POINT ( 'NONE',  ( -69.99999999999998579, 0.000000000000000000, 49.00000000000000000 ) ) ;
#1244 = CARTESIAN_POINT ( 'NONE',  ( -46.87750100080077686, -27.49999999999999289, 49.00000000000000000 ) ) ;
#1245 = DIRECTION ( 'NONE',  ( 0.000000000000000000, -1.000000000000000000, 0.000000000000000000 ) ) ;
#1246 = EDGE_CURVE ( 'NONE', #2097, #1501, #2235, .T. ) ;
#1247 = VECTOR ( 'NONE', #833, 1000.000000000000000 ) ;
#1248 = DIRECTION ( 'NONE',  ( -0.000000000000000000, -0.000000000000000000, -1.000000000000000000 ) ) ;
#1249 = CARTESIAN_POINT ( 'NONE',  ( 50.00000000000001421, -24.99999999999999645, 49.00000000000000000 ) ) ;
#1250 = AXIS2_PLACEMENT_3D ( 'NONE', #2240, #2034, #2887 ) ;
#1251 = ADVANCED_FACE ( 'NONE', ( #1963 ), #113, .F. ) ;
#1252 = LINE ( 'NONE', #737, #1504 ) ;
#1253 = DIRECTION ( 'NONE',  ( 1.000000000000000000, 0.000000000000000000, -0.000000000000000000 ) ) ;
#1254 = CARTESIAN_POINT ( 'NONE',  ( 0.000000000000000000, 22.50000000000000355, 5.000000000000000000 ) ) ;
#1255 = FACE_OUTER_BOUND ( 'NONE', #2509, .T. ) ;
#1256 = ORIENTED_EDGE ( 'NONE', *, *, #72, .F. ) ;
#1257 = AXIS2_PLACEMENT_3D ( 'NONE', #800, #2344, #2749 ) ;
#1258 = ORIENTED_EDGE ( 'NONE', *, *, #2522, .T. ) ;
#1259 = DIRECTION ( 'NONE',  ( -6.938893903907251057E-16, 1.000000000000000000, -0.000000000000000000 ) ) ;
#1260 = SECURITY_CLASSIFICATION_LEVEL ( 'unclassified' ) ;
#1261 = FACE_BOUND ( 'NONE', #2585, .T. ) ;
#1262 = VECTOR ( 'NONE', #2178, 1000.000000000000000 ) ;
#1263 = DIRECTION ( 'NONE',  ( 0.000000000000000000, -1.000000000000000000, 0.000000000000000000 ) ) ;
#1264 = CARTESIAN_POINT ( 'NONE',  ( -75.00000000000000000, 22.50000000000000355, 54.00000000000000000 ) ) ;
#1265 = DIRECTION ( 'NONE',  ( -1.000000000000000000, -1.239088197126290570E-16, 0.000000000000000000 ) ) ;
#1266 = LINE ( 'NONE', #1050, #2570 ) ;
#1267 = CARTESIAN_POINT ( 'NONE',  ( -75.00000000000002842, -22.50000000000000711, 5.000000000000000000 ) ) ;
#1268 = DIRECTION ( 'NONE',  ( 0.000000000000000000, -1.000000000000000000, 0.000000000000000000 ) ) ;
#1269 = EDGE_CURVE ( 'NONE', #930, #1341, #2852, .T. ) ;
#1270 = CARTESIAN_POINT ( 'NONE',  ( 70.00000000000001421, 22.50000000000000355, 54.00000000000000000 ) ) ;
#1271 = ORIENTED_EDGE ( 'NONE', *, *, #2847, .T. ) ;
#1272 = VECTOR ( 'NONE', #855, 1000.000000000000000 ) ;
#1273 = ORIENTED_EDGE ( 'NONE', *, *, #1741, .F. ) ;
#1274 = VERTEX_POINT ( 'NONE', #815 ) ;
#1275 = CARTESIAN_POINT ( 'NONE',  ( 70.00000000000001421, -22.50000000000000711, 5.000000000000000000 ) ) ;
#1276 = FACE_OUTER_BOUND ( 'NONE', #2802, .T. ) ;
#1277 = LINE ( 'NONE', #2804, #838 ) ;
#1278 = FACE_OUTER_BOUND ( 'NONE', #1216, .T. ) ;
#1279 = ORIENTED_EDGE ( 'NONE', *, *, #1930, .T. ) ;
#1280 = CYLINDRICAL_SURFACE ( 'NONE', #435, 4.000000000000003553 ) ;
#1281 = FACE_OUTER_BOUND ( 'NONE', #2301, .T. ) ;
#1282 = CARTESIAN_POINT ( 'NONE',  ( -24.99999999999999289, 22.50000000000000355, 5.000000000000000000 ) ) ;
#1283 = DIRECTION ( 'NONE',  ( -0.000000000000000000, 0.000000000000000000, 1.000000000000000000 ) ) ;
#1284 = ADVANCED_FACE ( 'NONE', ( #2124, #1947 ), #604, .F. ) ;
#1285 = CARTESIAN_POINT ( 'NONE',  ( -69.99999999999998579, -5.000000000000005329, 5.000000000000000000 ) ) ;
#1286 = DIRECTION ( 'NONE',  ( 1.000000000000000000, 0.000000000000000000, 0.000000000000000000 ) ) ;
#1287 = CARTESIAN_POINT ( 'NONE',  ( 70.00000000000001421, -5.000000000000005329, 5.000000000000000000 ) ) ;
#1288 = ADVANCED_FACE ( 'NONE', ( #392 ), #2187, .T. ) ;
#1289 = ORIENTED_EDGE ( 'NONE', *, *, #90, .T. ) ;
#1290 = CARTESIAN_POINT ( 'NONE',  ( -52.49999999999999289, -25.00000000000000000, 49.00000000000000000 ) ) ;
#1291 = LINE ( 'NONE', #1074, #447 ) ;
#1292 = DIRECTION ( 'NONE',  ( -1.000000000000000000, 0.000000000000000000, 0.000000000000000000 ) ) ;
#1293 = VECTOR ( 'NONE', #2018, 1000.000000000000000 ) ;
#1294 = DIRECTION ( 'NONE',  ( -0.000000000000000000, 0.000000000000000000, 1.000000000000000000 ) ) ;
#1295 = DIRECTION ( 'NONE',  ( -0.000000000000000000, -0.000000000000000000, -1.000000000000000000 ) ) ;
#1296 = VECTOR ( 'NONE', #1657, 1000.000000000000000 ) ;
#1297 = AXIS2_PLACEMENT_3D ( 'NONE', #1476, #1918, #1063 ) ;
#1298 = CARTESIAN_POINT ( 'NONE',  ( 70.00000000000001421, 0.000000000000000000, 5.000000000000000000 ) ) ;
#1299 = EDGE_CURVE ( 'NONE', #1177, #29, #910, .T. ) ;
#1300 = ORIENTED_EDGE ( 'NONE', *, *, #1751, .F. ) ;
#1301 = DIRECTION ( 'NONE',  ( 0.000000000000000000, -0.000000000000000000, 1.000000000000000000 ) ) ;
#1302 = LINE ( 'NONE', #2895, #1994 ) ;
#1303 = VERTEX_POINT ( 'NONE', #2201 ) ;
#1304 = EDGE_CURVE ( 'NONE', #2318, #2859, #1854, .T. ) ;
#1305 = PERSON_AND_ORGANIZATION_ROLE ( 'creator' ) ;
#1306 = DIRECTION ( 'NONE',  ( -1.000000000000000000, 0.000000000000000000, 0.000000000000000000 ) ) ;
#1307 = LINE ( 'NONE', #1099, #2265 ) ;
#1308 = DIRECTION ( 'NONE',  ( -0.000000000000000000, -0.000000000000000000, 1.000000000000000000 ) ) ;
#1309 = VECTOR ( 'NONE', #2420, 1000.000000000000000 ) ;
#1310 = ORIENTED_EDGE ( 'NONE', *, *, #777, .T. ) ;
#1311 = DIRECTION ( 'NONE',  ( 0.000000000000000000, 0.000000000000000000, 1.000000000000000000 ) ) ;
#1312 = DIRECTION ( 'NONE',  ( 0.000000000000000000, 1.000000000000000000, 0.000000000000000000 ) ) ;
#1313 = CARTESIAN_POINT ( 'NONE',  ( 25.00000000000001066, -27.49999999999998934, 54.00000000000000000 ) ) ;
#1314 = VECTOR ( 'NONE', #508, 1000.000000000000000 ) ;
#1315 = VECTOR ( 'NONE', #1983, 1000.000000000000000 ) ;
#1316 = ORIENTED_EDGE ( 'NONE', *, *, #555, .T. ) ;
#1317 = CIRCLE ( 'NONE', #44, 4.000000000000003553 ) ;
#1318 = DIRECTION ( 'NONE',  ( -1.000000000000000000, -1.239088197126290570E-16, 0.000000000000000000 ) ) ;
#1319 = LINE ( 'NONE', #1796, #747 ) ;
#1320 = EDGE_CURVE ( 'NONE', #2262, #501, #1307, .T. ) ;
#1321 = DIRECTION ( 'NONE',  ( 0.000000000000000000, 0.000000000000000000, 1.000000000000000000 ) ) ;
#1322 = PLANE ( 'NONE',  #783 ) ;
#1323 = EDGE_CURVE ( 'NONE', #4, #316, #214, .T. ) ;
#1324 = VERTEX_POINT ( 'NONE', #2886 ) ;
#1325 = DIRECTION ( 'NONE',  ( -0.000000000000000000, -0.000000000000000000, -1.000000000000000000 ) ) ;
#1326 = ORIENTED_EDGE ( 'NONE', *, *, #2728, .F. ) ;
#1327 = LINE ( 'NONE', #2220, #2268 ) ;
#1328 = EDGE_CURVE ( 'NONE', #158, #948, #458, .T. ) ;
#1329 = DIRECTION ( 'NONE',  ( -0.000000000000000000, -0.000000000000000000, 1.000000000000000000 ) ) ;
#1330 = DIRECTION ( 'NONE',  ( 0.000000000000000000, 0.000000000000000000, 1.000000000000000000 ) ) ;
#1331 = CARTESIAN_POINT ( 'NONE',  ( -75.00000000000001421, 5.000000000000011546, 54.00000000000000000 ) ) ;
#1332 = ADVANCED_FACE ( 'NONE', ( #202, #1089 ), #1996, .F. ) ;
#1333 = CARTESIAN_POINT ( 'NONE',  ( -69.99999999999998579, -5.000000000000005329, 5.000000000000000000 ) ) ;
#1334 = EDGE_LOOP ( 'NONE', ( #1040, #2127, #2502, #2237 ) ) ;
#1335 = CARTESIAN_POINT ( 'NONE',  ( -69.99999999999998579, -22.50000000000000711, 5.000000000000000000 ) ) ;
#1336 = VECTOR ( 'NONE', #1442, 1000.000000000000000 ) ;
#1337 = EDGE_CURVE ( 'NONE', #210, #513, #1085, .T. ) ;
#1338 = ORIENTED_EDGE ( 'NONE', *, *, #1091, .T. ) ;
#1339 = VECTOR ( 'NONE', #2190, 1000.000000000000000 ) ;
#1340 = CIRCLE ( 'NONE', #2274, 2.500000000000002220 ) ;
#1341 = VERTEX_POINT ( 'NONE', #1754 ) ;
#1342 = VECTOR ( 'NONE', #2137, 1000.000000000000000 ) ;
#1343 = DIRECTION ( 'NONE',  ( 0.000000000000000000, -1.000000000000000000, 0.000000000000000000 ) ) ;
#1344 = ORIENTED_EDGE ( 'NONE', *, *, #996, .T. ) ;
#1345 = DIRECTION ( 'NONE',  ( -0.000000000000000000, 0.000000000000000000, 1.000000000000000000 ) ) ;
#1346 = FACE_OUTER_BOUND ( 'NONE', #973, .T. ) ;
#1347 = ORIENTED_EDGE ( 'NONE', *, *, #1041, .F. ) ;
#1348 = FACE_OUTER_BOUND ( 'NONE', #1146, .T. ) ;
#1349 = LINE ( 'NONE', #2675, #2656 ) ;
#1350 = VECTOR ( 'NONE', #2277, 1000.000000000000000 ) ;
#1351 = CARTESIAN_POINT ( 'NONE',  ( -0.000000000000000000, 22.50000000000000355, 49.00000000000000000 ) ) ;
#1352 = VERTEX_POINT ( 'NONE', #2874 ) ;
#1353 = ORIENTED_EDGE ( 'NONE', *, *, #870, .T. ) ;
#1354 = CARTESIAN_POINT ( 'NONE',  ( 70.00000000000001421, -5.000000000000005329, 0.000000000000000000 ) ) ;
#1355 = AXIS2_PLACEMENT_3D ( 'NONE', #1010, #789, #1705 ) ;
#1356 = LINE ( 'NONE', #682, #143 ) ;
#1357 = EDGE_LOOP ( 'NONE', ( #2560, #1821, #1891, #2209 ) ) ;
#1358 = ORIENTED_EDGE ( 'NONE', *, *, #875, .F. ) ;
#1359 = CARTESIAN_POINT ( 'NONE',  ( 70.00000000000001421, -27.49999999999999289, 49.00000000000000000 ) ) ;
#1360 = PLANE ( 'NONE',  #1066 ) ;
#1361 = ORIENTED_EDGE ( 'NONE', *, *, #2794, .F. ) ;
#1362 = CARTESIAN_POINT ( 'NONE',  ( 50.00000000000001421, 25.00000000000000355, 54.00000000000000000 ) ) ;
#1363 = EDGE_CURVE ( 'NONE', #2859, #465, #1110, .T. ) ;
#1364 = VERTEX_POINT ( 'NONE', #1808 ) ;
#1365 = ADVANCED_FACE ( 'NONE', ( #880 ), #1782, .T. ) ;
#1366 = ORIENTED_EDGE ( 'NONE', *, *, #1950, .T. ) ;
#1367 = ORIENTED_EDGE ( 'NONE', *, *, #905, .T. ) ;
#1368 = CARTESIAN_POINT ( 'NONE',  ( 0.000000000000000000, 0.000000000000000000, 0.000000000000000000 ) ) ;
#1369 = DIRECTION ( 'NONE',  ( -0.000000000000000000, 0.000000000000000000, 1.000000000000000000 ) ) ;
#1370 = DIRECTION ( 'NONE',  ( -1.000000000000000000, 0.000000000000000000, 0.000000000000000000 ) ) ;
#1371 = ORIENTED_EDGE ( 'NONE', *, *, #2207, .T. ) ;
#1372 = ORIENTED_EDGE ( 'NONE', *, *, #463, .T. ) ;
#1373 = LINE ( 'NONE', #1836, #249 ) ;
#1374 = CARTESIAN_POINT ( 'NONE',  ( -47.49999999999998579, 25.00000000000000355, 49.00000000000000000 ) ) ;
#1375 = ORIENTED_EDGE ( 'NONE', *, *, #1707, .T. ) ;
#1376 = ORIENTED_EDGE ( 'NONE', *, *, #1113, .T. ) ;
#1377 = CARTESIAN_POINT ( 'NONE',  ( -24.99999999999999289, 22.50000000000000355, 54.00000000000000000 ) ) ;
#1378 = CARTESIAN_POINT ( 'NONE',  ( 74.99999999999998579, 0.000000000000000000, 49.00000000000000000 ) ) ;
#1379 = ORIENTED_EDGE ( 'NONE', *, *, #1033, .T. ) ;
#1380 = CARTESIAN_POINT ( 'NONE',  ( 3.097720492815744422E-16, -2.500000000000014211, 49.00000000000000000 ) ) ;
#1381 = AXIS2_PLACEMENT_3D ( 'NONE', #326, #1369, #292 ) ;
#1382 = EDGE_CURVE ( 'NONE', #2898, #2650, #867, .T. ) ;
#1383 = AXIS2_PLACEMENT_3D ( 'NONE', #1746, #1080, #2649 ) ;
#1384 = ORIENTED_EDGE ( 'NONE', *, *, #2233, .T. ) ;
#1385 = ORIENTED_EDGE ( 'NONE', *, *, #312, .F. ) ;
#1386 = FACE_BOUND ( 'NONE', #2004, .T. ) ;
#1387 = ADVANCED_FACE ( 'NONE', ( #1544, #2671, #1532, #658 ), #2899, .F. ) ;
#1388 = VECTOR ( 'NONE', #2266, 1000.000000000000000 ) ;
#1389 = PLANE ( 'NONE',  #2811 ) ;
#1390 = VERTEX_POINT ( 'NONE', #669 ) ;
#1391 = ORIENTED_EDGE ( 'NONE', *, *, #2666, .F. ) ;
#1392 = LINE ( 'NONE', #2264, #964 ) ;
#1393 = LINE ( 'NONE', #938, #2698 ) ;
#1394 = CARTESIAN_POINT ( 'NONE',  ( 30.00000000000002132, -27.49999999999998934, 54.00000000000000000 ) ) ;
#1395 = EDGE_LOOP ( 'NONE', ( #2743, #1826, #1642, #261 ) ) ;
#1396 = ORIENTED_EDGE ( 'NONE', *, *, #1022, .T. ) ;
#1397 = DIRECTION ( 'NONE',  ( -1.000000000000000000, -1.239088197126290570E-16, 0.000000000000000000 ) ) ;
#1398 = CARTESIAN_POINT ( 'NONE',  ( 25.00000000000001421, -22.50000000000000711, 49.00000000000000000 ) ) ;
#1399 = DIRECTION ( 'NONE',  ( 1.000000000000000000, 0.000000000000000000, 0.000000000000000000 ) ) ;
#1400 = ADVANCED_FACE ( 'NONE', ( #1571 ), #2864, .F. ) ;
#1401 = ORIENTED_EDGE ( 'NONE', *, *, #557, .F. ) ;
#1402 = VERTEX_POINT ( 'NONE', #2239 ) ;
#1403 = VECTOR ( 'NONE', #1329, 1000.000000000000000 ) ;
#1404 = ORIENTED_EDGE ( 'NONE', *, *, #582, .T. ) ;
#1405 = VERTEX_POINT ( 'NONE', #229 ) ;
#1406 = DIRECTION ( 'NONE',  ( 0.000000000000000000, -1.000000000000000000, 0.000000000000000000 ) ) ;
#1407 = CARTESIAN_POINT ( 'NONE',  ( 46.87750100080081239, 27.50000000000000711, 54.00000000000000000 ) ) ;
#1408 = CARTESIAN_POINT ( 'NONE',  ( 0.000000000000000000, -22.50000000000000711, 49.00000000000000000 ) ) ;
#1409 = CARTESIAN_POINT ( 'NONE',  ( -69.99999999999998579, -27.49999999999999289, 54.00000000000000000 ) ) ;
#1410 = VECTOR ( 'NONE', #311, 1000.000000000000000 ) ;
#1411 = VECTOR ( 'NONE', #2146, 1000.000000000000000 ) ;
#1412 = ORIENTED_EDGE ( 'NONE', *, *, #1974, .F. ) ;
#1413 = EDGE_LOOP ( 'NONE', ( #2816, #2036, #2689, #2534, #122, #1528, #1241, #741, #1719, #2626, #322, #2311 ) ) ;
#1414 = LINE ( 'NONE', #2545, #1553 ) ;
#1415 = DIRECTION ( 'NONE',  ( 0.000000000000000000, 0.000000000000000000, 1.000000000000000000 ) ) ;
#1416 = EDGE_CURVE ( 'NONE', #1094, #1859, #1125, .T. ) ;
#1417 = DIRECTION ( 'NONE',  ( -2.523234146875355998E-16, -1.000000000000000000, 0.000000000000000000 ) ) ;
#1418 = DIRECTION ( 'NONE',  ( 1.000000000000000000, 0.000000000000000000, 0.000000000000000000 ) ) ;
#1419 = ORIENTED_EDGE ( 'NONE', *, *, #639, .F. ) ;
#1420 = VERTEX_POINT ( 'NONE', #1359 ) ;
#1421 = ORIENTED_EDGE ( 'NONE', *, *, #1299, .T. ) ;
#1422 = ORIENTED_EDGE ( 'NONE', *, *, #819, .F. ) ;
#1423 = DIRECTION ( 'NONE',  ( 1.000000000000000000, -1.734723475976800685E-16, -0.000000000000000000 ) ) ;
#1424 = CARTESIAN_POINT ( 'NONE',  ( 30.00000000000001421, 22.50000000000000355, 5.000000000000000000 ) ) ;
#1425 = CARTESIAN_POINT ( 'NONE',  ( -24.99999999999998934, -22.50000000000000711, 5.000000000000000000 ) ) ;
#1426 = ORIENTED_EDGE ( 'NONE', *, *, #1824, .T. ) ;
#1427 = ORIENTED_EDGE ( 'NONE', *, *, #2728, .T. ) ;
#1428 = FACE_OUTER_BOUND ( 'NONE', #521, .T. ) ;
#1429 = EDGE_CURVE ( 'NONE', #1131, #2608, #1077, .T. ) ;
#1430 = DIRECTION ( 'NONE',  ( -0.000000000000000000, -0.000000000000000000, 1.000000000000000000 ) ) ;
#1431 = CARTESIAN_POINT ( 'NONE',  ( 70.00000000000001421, 22.50000000000000355, 0.000000000000000000 ) ) ;
#1432 = EDGE_CURVE ( 'NONE', #1870, #1832, #2314, .T. ) ;
#1433 = PLANE ( 'NONE',  #1998 ) ;
#1434 = CARTESIAN_POINT ( 'NONE',  ( 0.000000000000000000, -22.50000000000000711, 5.000000000000000000 ) ) ;
#1435 = CARTESIAN_POINT ( 'NONE',  ( 70.00000000000001421, -10.00000000000000533, 5.000000000000000000 ) ) ;
#1436 = VERTEX_POINT ( 'NONE', #1630 ) ;
#1437 = VECTOR ( 'NONE', #1343, 1000.000000000000000 ) ;
#1438 = VECTOR ( 'NONE', #1006, 1000.000000000000000 ) ;
#1439 = ORIENTED_EDGE ( 'NONE', *, *, #2699, .F. ) ;
#1440 = VECTOR ( 'NONE', #896, 1000.000000000000000 ) ;
#1441 = COORDINATED_UNIVERSAL_TIME_OFFSET ( 1, 0, .AHEAD. ) ;
#1442 = DIRECTION ( 'NONE',  ( 0.000000000000000000, 1.000000000000000000, 0.000000000000000000 ) ) ;
#1443 = CARTESIAN_POINT ( 'NONE',  ( -75.00000000000001421, 10.00000000000000888, 49.00000000000000000 ) ) ;
#1444 = CARTESIAN_POINT ( 'NONE',  ( -69.99999999999998579, 22.50000000000000355, 49.00000000000000000 ) ) ;
#1445 = SECURITY_CLASSIFICATION ( '', '', #1260 ) ;
#1446 = EDGE_CURVE ( 'NONE', #2552, #1102, #951, .T. ) ;
#1447 = ORIENTED_EDGE ( 'NONE', *, *, #2123, .F. ) ;
#1448 = ORIENTED_EDGE ( 'NONE', *, *, #2437, .T. ) ;
#1449 = CARTESIAN_POINT ( 'NONE',  ( -24.99999999999999289, 22.50000000000000355, 5.000000000000000000 ) ) ;
#1450 = DIRECTION ( 'NONE',  ( 1.000000000000000000, 0.000000000000000000, 0.000000000000000000 ) ) ;
#1451 = CARTESIAN_POINT ( 'NONE',  ( -49.99999999999998579, 25.00000000000000355, 49.00000000000000000 ) ) ;
#1452 = EDGE_CURVE ( 'NONE', #1979, #2663, #1104, .T. ) ;
#1453 = VERTEX_POINT ( 'NONE', #22 ) ;
#1454 = VECTOR ( 'NONE', #2006, 1000.000000000000000 ) ;
#1455 = ORIENTED_EDGE ( 'NONE', *, *, #1323, .T. ) ;
#1456 = PERSON_AND_ORGANIZATION ( #1037, #785 ) ;
#1457 = DIRECTION ( 'NONE',  ( 0.000000000000000000, 1.000000000000000000, 0.000000000000000000 ) ) ;
#1458 = CARTESIAN_POINT ( 'NONE',  ( 70.00000000000001421, 10.00000000000000888, 5.000000000000000000 ) ) ;
#1459 = LINE ( 'NONE', #2112, #422 ) ;
#1460 = EDGE_LOOP ( 'NONE', ( #861, #1483, #152, #660 ) ) ;
#1461 = FACE_OUTER_BOUND ( 'NONE', #2762, .T. ) ;
#1462 = CARTESIAN_POINT ( 'NONE',  ( -49.99999999999998579, 25.00000000000000355, 49.00000000000000000 ) ) ;
#1463 = AXIS2_PLACEMENT_3D ( 'NONE', #572, #356, #1687 ) ;
#1464 = LINE ( 'NONE', #2359, #1175 ) ;
#1465 = CARTESIAN_POINT ( 'NONE',  ( -24.99999999999998934, -22.50000000000000711, 54.00000000000000000 ) ) ;
#1466 = DIRECTION ( 'NONE',  ( -0.000000000000000000, 0.000000000000000000, 1.000000000000000000 ) ) ;
#1467 = DIRECTION ( 'NONE',  ( 0.000000000000000000, 0.000000000000000000, 1.000000000000000000 ) ) ;
#1468 = VERTEX_POINT ( 'NONE', #2712 ) ;
#1469 = EDGE_CURVE ( 'NONE', #243, #983, #2252, .T. ) ;
#1470 = EDGE_LOOP ( 'NONE', ( #1682, #2113, #198, #2293 ) ) ;
#1471 = CARTESIAN_POINT ( 'NONE',  ( 74.99999999999997158, 27.50000000000000711, 0.000000000000000000 ) ) ;
#1472 = EDGE_CURVE ( 'NONE', #1692, #869, #2523, .T. ) ;
#1473 = PLANE ( 'NONE',  #1024 ) ;
#1474 = DIRECTION ( 'NONE',  ( -1.000000000000000000, -9.912705577010325549E-17, 0.000000000000000000 ) ) ;
#1475 = LINE ( 'NONE', #798, #528 ) ;
#1476 = CARTESIAN_POINT ( 'NONE',  ( 50.00000000000001421, 25.00000000000000355, 54.00000000000000000 ) ) ;
#1477 = CARTESIAN_POINT ( 'NONE',  ( 70.00000000000001421, 0.000000000000000000, 54.00000000000000000 ) ) ;
#1478 = CARTESIAN_POINT ( 'NONE',  ( -53.12249899919920182, -22.50000000000000711, 54.00000000000000000 ) ) ;
#1479 = DIRECTION ( 'NONE',  ( 1.000000000000000000, -0.000000000000000000, -0.000000000000000000 ) ) ;
#1480 = CARTESIAN_POINT ( 'NONE',  ( -49.99999999999998579, -25.00000000000000000, 49.00000000000000000 ) ) ;
#1481 = EDGE_CURVE ( 'NONE', #2554, #1951, #502, .T. ) ;
#1482 = ORIENTED_EDGE ( 'NONE', *, *, #90, .F. ) ;
#1483 = ORIENTED_EDGE ( 'NONE', *, *, #819, .T. ) ;
#1484 = CARTESIAN_POINT ( 'NONE',  ( -69.99999999999998579, -10.00000000000000533, 49.00000000000000000 ) ) ;
#1485 = VECTOR ( 'NONE', #2061, 1000.000000000000000 ) ;
#1486 = DIRECTION ( 'NONE',  ( -0.000000000000000000, -0.000000000000000000, -1.000000000000000000 ) ) ;
#1487 = LINE ( 'NONE', #1916, #1272 ) ;
#1488 = VECTOR ( 'NONE', #1222, 1000.000000000000000 ) ;
#1489 = EDGE_CURVE ( 'NONE', #2814, #812, #2742, .T. ) ;
#1490 = LINE ( 'NONE', #565, #180 ) ;
#1491 = LINE ( 'NONE', #605, #24 ) ;
#1492 = AXIS2_PLACEMENT_3D ( 'NONE', #2539, #2063, #1632 ) ;
#1493 = LINE ( 'NONE', #1267, #1783 ) ;
#1494 = LINE ( 'NONE', #2395, #1339 ) ;
#1495 = ORIENTED_EDGE ( 'NONE', *, *, #2888, .F. ) ;
#1496 = VECTOR ( 'NONE', #1248, 1000.000000000000000 ) ;
#1497 = ORIENTED_EDGE ( 'NONE', *, *, #2417, .T. ) ;
#1498 = ORIENTED_EDGE ( 'NONE', *, *, #133, .F. ) ;
#1499 = CARTESIAN_POINT ( 'NONE',  ( 0.000000000000000000, 0.000000000000000000, 5.000000000000000000 ) ) ;
#1500 = DIRECTION ( 'NONE',  ( 1.000000000000000000, 0.000000000000000000, 0.000000000000000000 ) ) ;
#1501 = VERTEX_POINT ( 'NONE', #49 ) ;
#1502 = AXIS2_PLACEMENT_3D ( 'NONE', #1499, #578, #375 ) ;
#1503 = CARTESIAN_POINT ( 'NONE',  ( -69.99999999999998579, 0.000000000000000000, 49.00000000000000000 ) ) ;
#1504 = VECTOR ( 'NONE', #2391, 1000.000000000000000 ) ;
#1505 = CARTESIAN_POINT ( 'NONE',  ( 0.000000000000000000, -27.49999999999999289, 49.00000000000000000 ) ) ;
#1506 = DIRECTION ( 'NONE',  ( 0.000000000000000000, -1.000000000000000000, 0.000000000000000000 ) ) ;
#1507 = DIRECTION ( 'NONE',  ( 1.000000000000000000, 0.000000000000000000, 0.000000000000000000 ) ) ;
#1508 = DIRECTION ( 'NONE',  ( 1.000000000000000000, 0.000000000000000000, 0.000000000000000000 ) ) ;
#1509 = EDGE_CURVE ( 'NONE', #491, #2599, #1373, .T. ) ;
#1510 = VERTEX_POINT ( 'NONE', #1180 ) ;
#1511 = FACE_OUTER_BOUND ( 'NONE', #336, .T. ) ;
#1512 = EDGE_CURVE ( 'NONE', #2491, #2411, #1599, .T. ) ;
#1513 = ORIENTED_EDGE ( 'NONE', *, *, #1337, .F. ) ;
#1514 = ORIENTED_EDGE ( 'NONE', *, *, #1641, .T. ) ;
#1515 = DIRECTION ( 'NONE',  ( 1.000000000000000000, 0.000000000000000000, 0.000000000000000000 ) ) ;
#1516 = DIRECTION ( 'NONE',  ( 1.000000000000000000, 0.000000000000000000, 0.000000000000000000 ) ) ;
#1517 = EDGE_CURVE ( 'NONE', #1167, #154, #1197, .T. ) ;
#1518 = CARTESIAN_POINT ( 'NONE',  ( -69.99999999999998579, -5.000000000000005329, 49.00000000000000000 ) ) ;
#1519 = LINE ( 'NONE', #132, #1021 ) ;
#1520 = DIRECTION ( 'NONE',  ( -0.000000000000000000, -0.000000000000000000, -1.000000000000000000 ) ) ;
#1521 = ORIENTED_EDGE ( 'NONE', *, *, #1824, .F. ) ;
#1522 = DIRECTION ( 'NONE',  ( 1.000000000000000000, 0.000000000000000000, 0.000000000000000000 ) ) ;
#1523 = ADVANCED_FACE ( 'NONE', ( #2297 ), #1135, .T. ) ;
#1524 = DIRECTION ( 'NONE',  ( 1.000000000000000000, 0.000000000000000000, 0.000000000000000000 ) ) ;
#1525 = DIRECTION ( 'NONE',  ( 1.000000000000000000, 0.000000000000000000, 0.000000000000000000 ) ) ;
#1526 = VERTEX_POINT ( 'NONE', #2492 ) ;
#1527 = CARTESIAN_POINT ( 'NONE',  ( 30.00000000000002132, -22.50000000000000711, 49.00000000000000000 ) ) ;
#1528 = ORIENTED_EDGE ( 'NONE', *, *, #1071, .T. ) ;
#1529 = APPROVAL_STATUS ( 'not_yet_approved' ) ;
#1530 = CARTESIAN_POINT ( 'NONE',  ( -75.00000000000002842, -22.50000000000000711, 49.00000000000000000 ) ) ;
#1531 = AXIS2_PLACEMENT_3D ( 'NONE', #2075, #711, #485 ) ;
#1532 = FACE_BOUND ( 'NONE', #2769, .T. ) ;
#1533 = DIRECTION ( 'NONE',  ( 1.000000000000000000, 2.523234146875355998E-16, -0.000000000000000000 ) ) ;
#1534 = VECTOR ( 'NONE', #1415, 1000.000000000000000 ) ;
#1535 = ADVANCED_FACE ( 'NONE', ( #984 ), #1611, .F. ) ;
#1536 = DIRECTION ( 'NONE',  ( 1.000000000000000000, 0.000000000000000000, 0.000000000000000000 ) ) ;
#1537 = VECTOR ( 'NONE', #1744, 1000.000000000000000 ) ;
#1538 = FACE_OUTER_BOUND ( 'NONE', #1357, .T. ) ;
#1539 = VECTOR ( 'NONE', #1600, 1000.000000000000000 ) ;
#1540 = CARTESIAN_POINT ( 'NONE',  ( 30.00000000000001421, 22.50000000000000355, 49.00000000000000000 ) ) ;
#1541 = EDGE_CURVE ( 'NONE', #1644, #1510, #1392, .T. ) ;
#1542 = EDGE_LOOP ( 'NONE', ( #1168, #2043, #2687, #2754 ) ) ;
#1543 = PLANE ( 'NONE',  #1810 ) ;
#1544 = FACE_BOUND ( 'NONE', #1756, .T. ) ;
#1545 = CARTESIAN_POINT ( 'NONE',  ( 53.12249899919922314, 27.50000000000000711, 49.00000000000000000 ) ) ;
#1546 = VECTOR ( 'NONE', #2843, 1000.000000000000000 ) ;
#1547 = EDGE_LOOP ( 'NONE', ( #1069, #2066 ) ) ;
#1548 = PLANE ( 'NONE',  #2844 ) ;
#1549 = DIRECTION ( 'NONE',  ( -0.000000000000000000, 0.000000000000000000, 1.000000000000000000 ) ) ;
#1550 = CARTESIAN_POINT ( 'NONE',  ( -29.99999999999999289, 22.50000000000000355, 54.00000000000000000 ) ) ;
#1551 = LINE ( 'NONE', #2148, #2200 ) ;
#1552 = ADVANCED_FACE ( 'NONE', ( #64 ), #253, .F. ) ;
#1553 = VECTOR ( 'NONE', #2302, 1000.000000000000000 ) ;
#1554 = VECTOR ( 'NONE', #616, 1000.000000000000000 ) ;
#1555 = ORIENTED_EDGE ( 'NONE', *, *, #150, .F. ) ;
#1556 = EDGE_CURVE ( 'NONE', #2425, #1127, #1880, .T. ) ;
#1557 = CARTESIAN_POINT ( 'NONE',  ( -69.99999999999998579, -10.00000000000000533, 49.00000000000000000 ) ) ;
#1558 = CARTESIAN_POINT ( 'NONE',  ( -75.00000000000000000, 27.50000000000000711, 54.00000000000000000 ) ) ;
#1559 = ADVANCED_FACE ( 'NONE', ( #2047 ), #968, .F. ) ;
#1560 = CARTESIAN_POINT ( 'NONE',  ( -0.000000000000000000, 22.50000000000000355, 49.00000000000000000 ) ) ;
#1561 = PLANE ( 'NONE',  #1250 ) ;
#1562 = EDGE_LOOP ( 'NONE', ( #2854, #2017, #2119, #801, #1353, #2259, #897, #2475 ) ) ;
#1563 = CARTESIAN_POINT ( 'NONE',  ( 53.12249899919922314, 27.50000000000000711, 49.00000000000000000 ) ) ;
#1564 = ADVANCED_FACE ( 'NONE', ( #811 ), #2170, .F. ) ;
#1565 = EDGE_LOOP ( 'NONE', ( #2901, #709, #1042, #667 ) ) ;
#1566 = CARTESIAN_POINT ( 'NONE',  ( 30.00000000000001421, 22.50000000000000355, 54.00000000000000000 ) ) ;
#1567 = CARTESIAN_POINT ( 'NONE',  ( -0.000000000000000000, 27.50000000000000711, 49.00000000000000000 ) ) ;
#1568 = DIRECTION ( 'NONE',  ( -0.000000000000000000, -0.000000000000000000, 1.000000000000000000 ) ) ;
#1569 = ADVANCED_FACE ( 'NONE', ( #1230 ), #1723, .T. ) ;
#1570 = ORIENTED_EDGE ( 'NONE', *, *, #342, .T. ) ;
#1571 = FACE_OUTER_BOUND ( 'NONE', #2571, .T. ) ;
#1572 = CARTESIAN_POINT ( 'NONE',  ( 70.00000000000001421, 27.50000000000000711, 5.000000000000000000 ) ) ;
#1573 = EDGE_CURVE ( 'NONE', #1161, #1468, #1944, .T. ) ;
#1574 = AXIS2_PLACEMENT_3D ( 'NONE', #1586, #1345, #178 ) ;
#1575 = VECTOR ( 'NONE', #1769, 1000.000000000000000 ) ;
#1576 = VERTEX_POINT ( 'NONE', #1484 ) ;
#1577 = DIRECTION ( 'NONE',  ( 0.000000000000000000, -1.000000000000000000, 0.000000000000000000 ) ) ;
#1578 = CIRCLE ( 'NONE', #302, 2.500000000000002220 ) ;
#1579 = VECTOR ( 'NONE', #55, 1000.000000000000000 ) ;
#1580 = VECTOR ( 'NONE', #9, 1000.000000000000000 ) ;
#1581 = EDGE_LOOP ( 'NONE', ( #256, #2527, #372, #297 ) ) ;
#1582 = ORIENTED_EDGE ( 'NONE', *, *, #2770, .F. ) ;
#1583 = LINE ( 'NONE', #2798, #2566 ) ;
#1584 = ORIENTED_EDGE ( 'NONE', *, *, #238, .F. ) ;
#1585 = ORIENTED_EDGE ( 'NONE', *, *, #2028, .F. ) ;
#1586 = CARTESIAN_POINT ( 'NONE',  ( 0.000000000000000000, 0.000000000000000000, 49.00000000000000000 ) ) ;
#1587 = LINE ( 'NONE', #670, #1068 ) ;
#1588 = VECTOR ( 'NONE', #2083, 1000.000000000000000 ) ;
#1589 = ORIENTED_EDGE ( 'NONE', *, *, #2166, .F. ) ;
#1590 = EDGE_CURVE ( 'NONE', #2023, #2494, #1957, .T. ) ;
#1591 = LINE ( 'NONE', #1828, #2747 ) ;
#1592 = EDGE_CURVE ( 'NONE', #1840, #1870, #125, .T. ) ;
#1593 = EDGE_LOOP ( 'NONE', ( #1338, #613, #2868, #1134 ) ) ;
#1594 = ORIENTED_EDGE ( 'NONE', *, *, #2225, .T. ) ;
#1595 = LINE ( 'NONE', #904, #2055 ) ;
#1596 = DIRECTION ( 'NONE',  ( 0.000000000000000000, 0.000000000000000000, 1.000000000000000000 ) ) ;
#1597 = ORIENTED_EDGE ( 'NONE', *, *, #2469, .T. ) ;
#1598 = VERTEX_POINT ( 'NONE', #563 ) ;
#1599 = LINE ( 'NONE', #1662, #1724 ) ;
#1600 = DIRECTION ( 'NONE',  ( -0.000000000000000000, -1.000000000000000000, -0.000000000000000000 ) ) ;
#1601 = ORIENTED_EDGE ( 'NONE', *, *, #2369, .F. ) ;
#1602 = ORIENTED_EDGE ( 'NONE', *, *, #2159, .F. ) ;
#1603 = CARTESIAN_POINT ( 'NONE',  ( 0.000000000000000000, 0.000000000000000000, 5.000000000000000000 ) ) ;
#1604 = DIRECTION ( 'NONE',  ( 1.000000000000000000, 0.000000000000000000, 0.000000000000000000 ) ) ;
#1605 = DIRECTION ( 'NONE',  ( -0.000000000000000000, -0.000000000000000000, -1.000000000000000000 ) ) ;
#1606 = EDGE_CURVE ( 'NONE', #1209, #2219, #2619, .T. ) ;
#1607 = VERTEX_POINT ( 'NONE', #2833 ) ;
#1608 = VERTEX_POINT ( 'NONE', #1015 ) ;
#1609 = DIRECTION ( 'NONE',  ( -0.000000000000000000, -0.000000000000000000, -1.000000000000000000 ) ) ;
#1610 = VERTEX_POINT ( 'NONE', #839 ) ;
#1611 = PLANE ( 'NONE',  #1531 ) ;
#1612 = CARTESIAN_POINT ( 'NONE',  ( -53.12249899919920182, -27.49999999999999289, 49.00000000000000000 ) ) ;
#1613 = DIRECTION ( 'NONE',  ( 0.000000000000000000, 0.000000000000000000, 1.000000000000000000 ) ) ;
#1614 = EDGE_LOOP ( 'NONE', ( #2383, #925, #1184, #2026 ) ) ;
#1615 = ORIENTED_EDGE ( 'NONE', *, *, #1452, .F. ) ;
#1616 = PLANE ( 'NONE',  #2891 ) ;
#1617 = CARTESIAN_POINT ( 'NONE',  ( -69.99999999999998579, 22.50000000000000355, 0.000000000000000000 ) ) ;
#1618 = CARTESIAN_POINT ( 'NONE',  ( -53.12249899919920182, -22.50000000000000711, 49.00000000000000000 ) ) ;
#1619 = PRODUCT_RELATED_PRODUCT_CATEGORY ( 'detail', '', ( #1908 ) ) ;
#1620 = AXIS2_PLACEMENT_3D ( 'NONE', #895, #2683, #2429 ) ;
#1621 = EDGE_CURVE ( 'NONE', #473, #1167, #98, .T. ) ;
#1622 = AXIS2_PLACEMENT_3D ( 'NONE', #2408, #182, #371 ) ;
#1623 = ORIENTED_EDGE ( 'NONE', *, *, #2678, .F. ) ;
#1624 = VERTEX_POINT ( 'NONE', #793 ) ;
#1625 = VECTOR ( 'NONE', #1295, 1000.000000000000000 ) ;
#1626 = ADVANCED_FACE ( 'NONE', ( #2136 ), #2819, .F. ) ;
#1627 = LINE ( 'NONE', #498, #1350 ) ;
#1628 = LOCAL_TIME ( 13, 12, 10.00000000000000000, #2862 ) ;
#1629 = ORIENTED_EDGE ( 'NONE', *, *, #6, .F. ) ;
#1630 = CARTESIAN_POINT ( 'NONE',  ( 70.00000000000001421, 22.50000000000000355, 49.00000000000000000 ) ) ;
#1631 = EDGE_CURVE ( 'NONE', #1390, #1174, #1710, .T. ) ;
#1632 = DIRECTION ( 'NONE',  ( 0.000000000000000000, 0.000000000000000000, 1.000000000000000000 ) ) ;
#1633 = CARTESIAN_POINT ( 'NONE',  ( 70.00000000000001421, -22.50000000000000711, 49.00000000000000000 ) ) ;
#1634 = VERTEX_POINT ( 'NONE', #2334 ) ;
#1635 = ORIENTED_EDGE ( 'NONE', *, *, #1631, .F. ) ;
#1636 = CARTESIAN_POINT ( 'NONE',  ( 74.99999999999998579, -27.49999999999999289, 5.000000000000000000 ) ) ;
#1637 = CARTESIAN_POINT ( 'NONE',  ( 70.00000000000001421, -22.50000000000000711, 54.00000000000000000 ) ) ;
#1638 = LINE ( 'NONE', #201, #940 ) ;
#1639 = PLANE ( 'NONE',  #1355 ) ;
#1640 = ORIENTED_EDGE ( 'NONE', *, *, #726, .T. ) ;
#1641 = EDGE_CURVE ( 'NONE', #1092, #1969, #481, .T. ) ;
#1642 = ORIENTED_EDGE ( 'NONE', *, *, #32, .T. ) ;
#1643 = AXIS2_PLACEMENT_3D ( 'NONE', #891, #2657, #442 ) ;
#1644 = VERTEX_POINT ( 'NONE', #1471 ) ;
#1645 = EDGE_CURVE ( 'NONE', #2782, #2296, #1913, .T. ) ;
#1646 = ORIENTED_EDGE ( 'NONE', *, *, #2515, .F. ) ;
#1647 = CARTESIAN_POINT ( 'NONE',  ( -69.99999999999998579, 22.50000000000000355, 5.000000000000000000 ) ) ;
#1648 = CARTESIAN_POINT ( 'NONE',  ( 70.00000000000001421, 0.000000000000000000, 49.00000000000000000 ) ) ;
#1649 = CARTESIAN_POINT ( 'NONE',  ( 70.00000000000001421, 2.499999999999994227, 54.00000000000000000 ) ) ;
#1650 = VECTOR ( 'NONE', #2644, 1000.000000000000000 ) ;
#1651 = ADVANCED_FACE ( 'NONE', ( #1261, #1276 ), #2587, .F. ) ;
#1652 = ORIENTED_EDGE ( 'NONE', *, *, #2142, .T. ) ;
#1653 = VERTEX_POINT ( 'NONE', #2154 ) ;
#1654 = CARTESIAN_POINT ( 'NONE',  ( -69.99999999999998579, 2.499999999999985789, 54.00000000000000000 ) ) ;
#1655 = DIRECTION ( 'NONE',  ( 0.000000000000000000, 0.000000000000000000, 1.000000000000000000 ) ) ;
#1656 = CARTESIAN_POINT ( 'NONE',  ( 50.00000000000001421, -24.99999999999999645, 49.00000000000000000 ) ) ;
#1657 = DIRECTION ( 'NONE',  ( 0.000000000000000000, 0.000000000000000000, 1.000000000000000000 ) ) ;
#1658 = FACE_OUTER_BOUND ( 'NONE', #536, .T. ) ;
#1659 = EDGE_LOOP ( 'NONE', ( #2830, #2477 ) ) ;
#1660 = VERTEX_POINT ( 'NONE', #1000 ) ;
#1661 = COORDINATED_UNIVERSAL_TIME_OFFSET ( 1, 0, .AHEAD. ) ;
#1662 = CARTESIAN_POINT ( 'NONE',  ( 70.00000000000001421, 0.000000000000000000, 0.000000000000000000 ) ) ;
#1663 = LINE ( 'NONE', #700, #1539 ) ;
#1664 = CARTESIAN_POINT ( 'NONE',  ( -29.99999999999999289, -27.49999999999999289, 5.000000000000000000 ) ) ;
#1665 = LINE ( 'NONE', #1137, #2676 ) ;
#1666 = ORIENTED_EDGE ( 'NONE', *, *, #1829, .F. ) ;
#1667 = ORIENTED_EDGE ( 'NONE', *, *, #1363, .T. ) ;
#1668 = PLANE ( 'NONE',  #2205 ) ;
#1669 = CARTESIAN_POINT ( 'NONE',  ( 0.000000000000000000, 22.50000000000000355, 5.000000000000000000 ) ) ;
#1670 = ADVANCED_FACE ( 'NONE', ( #2366, #1894 ), #774, .F. ) ;
#1671 = CARTESIAN_POINT ( 'NONE',  ( 30.00000000000002132, -27.49999999999999289, 49.00000000000000000 ) ) ;
#1672 = ORIENTED_EDGE ( 'NONE', *, *, #1143, .T. ) ;
#1673 = VECTOR ( 'NONE', #1318, 1000.000000000000000 ) ;
#1674 = AXIS2_PLACEMENT_3D ( 'NONE', #2102, #921, #2029 ) ;
#1675 = EDGE_LOOP ( 'NONE', ( #1720, #1427, #707, #1594, #295, #2457, #1412, #106, #2292, #597, #224, #1195, #1597, #2091, #1742, #2246, #1667, #2724, #1835, #2573 ) ) ;
#1676 = ORIENTED_EDGE ( 'NONE', *, *, #2666, .T. ) ;
#1677 = VECTOR ( 'NONE', #566, 1000.000000000000000 ) ;
#1678 = DIRECTION ( 'NONE',  ( 0.000000000000000000, 1.000000000000000000, -0.000000000000000000 ) ) ;
#1679 = VERTEX_POINT ( 'NONE', #2803 ) ;
#1680 = CARTESIAN_POINT ( 'NONE',  ( -46.87750100080078397, 22.50000000000000355, 49.00000000000000000 ) ) ;
#1681 = CARTESIAN_POINT ( 'NONE',  ( -75.00000000000001421, -10.00000000000000533, 5.000000000000000000 ) ) ;
#1682 = ORIENTED_EDGE ( 'NONE', *, *, #786, .F. ) ;
#1683 = DIRECTION ( 'NONE',  ( -1.239088197126290570E-16, 1.000000000000000000, 0.000000000000000000 ) ) ;
#1684 = DIRECTION ( 'NONE',  ( -1.000000000000000000, -0.000000000000000000, -0.000000000000000000 ) ) ;
#1685 = EDGE_CURVE ( 'NONE', #2356, #1153, #345, .T. ) ;
#1686 = CARTESIAN_POINT ( 'NONE',  ( -29.99999999999999289, 22.50000000000000355, 54.00000000000000000 ) ) ;
#1687 = DIRECTION ( 'NONE',  ( 0.000000000000000000, 0.000000000000000000, 1.000000000000000000 ) ) ;
#1688 = VERTEX_POINT ( 'NONE', #404 ) ;
#1689 = EDGE_CURVE ( 'NONE', #1057, #287, #1578, .T. ) ;
#1690 = VERTEX_POINT ( 'NONE', #226 ) ;
#1691 = AXIS2_PLACEMENT_3D ( 'NONE', #1368, #1145, #2044 ) ;
#1692 = VERTEX_POINT ( 'NONE', #2236 ) ;
#1693 = PERSON_AND_ORGANIZATION_ROLE ( 'creator' ) ;
#1694 = DIRECTION ( 'NONE',  ( 0.000000000000000000, 0.000000000000000000, 1.000000000000000000 ) ) ;
#1695 = CARTESIAN_POINT ( 'NONE',  ( -24.99999999999998934, -22.50000000000000711, 49.00000000000000000 ) ) ;
#1696 = DIRECTION ( 'NONE',  ( 1.000000000000000000, 0.000000000000000000, 0.000000000000000000 ) ) ;
#1697 = VECTOR ( 'NONE', #1841, 1000.000000000000000 ) ;
#1698 = AXIS2_PLACEMENT_3D ( 'NONE', #649, #1549, #1399 ) ;
#1699 = AXIS2_PLACEMENT_3D ( 'NONE', #2348, #1905, #2595 ) ;
#1700 = CARTESIAN_POINT ( 'NONE',  ( 46.87750100080081239, 22.50000000000000355, 49.00000000000000000 ) ) ;
#1701 = ORIENTED_EDGE ( 'NONE', *, *, #1741, .T. ) ;
#1702 = CARTESIAN_POINT ( 'NONE',  ( 0.000000000000000000, -22.50000000000000711, 5.000000000000000000 ) ) ;
#1703 = EDGE_CURVE ( 'NONE', #473, #1209, #172, .T. ) ;
#1704 = LINE ( 'NONE', #1254, #1411 ) ;
#1705 = DIRECTION ( 'NONE',  ( 0.000000000000000000, -0.000000000000000000, -1.000000000000000000 ) ) ;
#1706 = ORIENTED_EDGE ( 'NONE', *, *, #2304, .F. ) ;
#1707 = EDGE_CURVE ( 'NONE', #2738, #2262, #1302, .T. ) ;
#1708 = ORIENTED_EDGE ( 'NONE', *, *, #291, .F. ) ;
#1709 = LINE ( 'NONE', #1287, #223 ) ;
#1710 = LINE ( 'NONE', #2385, #2612 ) ;
#1711 = DIRECTION ( 'NONE',  ( 1.000000000000000000, 0.000000000000000000, 0.000000000000000000 ) ) ;
#1712 = CARTESIAN_POINT ( 'NONE',  ( 70.00000000000001421, -22.50000000000000711, 5.000000000000000000 ) ) ;
#1713 = DIRECTION ( 'NONE',  ( -0.000000000000000000, 0.000000000000000000, 1.000000000000000000 ) ) ;
#1714 = LINE ( 'NONE', #1997, #2658 ) ;
#1715 = CARTESIAN_POINT ( 'NONE',  ( -69.99999999999998579, 22.50000000000000355, 5.000000000000000000 ) ) ;
#1716 = EDGE_LOOP ( 'NONE', ( #1890, #236, #1310, #514 ) ) ;
#1717 = CYLINDRICAL_SURFACE ( 'NONE', #167, 3.999999999999996447 ) ;
#1718 = VERTEX_POINT ( 'NONE', #2462 ) ;
#1719 = ORIENTED_EDGE ( 'NONE', *, *, #2145, .F. ) ;
#1720 = ORIENTED_EDGE ( 'NONE', *, *, #380, .T. ) ;
#1721 = FACE_OUTER_BOUND ( 'NONE', #2106, .T. ) ;
#1722 = EDGE_CURVE ( 'NONE', #1131, #1436, #2872, .T. ) ;
#1723 = PLANE ( 'NONE',  #2842 ) ;
#1724 = VECTOR ( 'NONE', #926, 1000.000000000000000 ) ;
#1725 = DIRECTION ( 'NONE',  ( -6.938893903907251057E-16, -1.000000000000000000, -0.000000000000000000 ) ) ;
#1726 = VECTOR ( 'NONE', #1093, 1000.000000000000000 ) ;
#1727 = EDGE_CURVE ( 'NONE', #2219, #516, #625, .T. ) ;
#1728 = CARTESIAN_POINT ( 'NONE',  ( -75.00000000000000000, 27.50000000000000711, 5.000000000000000000 ) ) ;
#1729 = DIRECTION ( 'NONE',  ( 1.000000000000000000, 0.000000000000000000, 0.000000000000000000 ) ) ;
#1730 = CIRCLE ( 'NONE', #444, 2.500000000000002220 ) ;
#1731 = VECTOR ( 'NONE', #1486, 1000.000000000000000 ) ;
#1732 = DIRECTION ( 'NONE',  ( 1.000000000000000000, 0.000000000000000000, 0.000000000000000000 ) ) ;
#1733 = VECTOR ( 'NONE', #2575, 1000.000000000000000 ) ;
#1734 = ORIENTED_EDGE ( 'NONE', *, *, #1788, .F. ) ;
#1735 = DIRECTION ( 'NONE',  ( 0.000000000000000000, 0.000000000000000000, 1.000000000000000000 ) ) ;
#1736 = DIRECTION ( 'NONE',  ( -0.000000000000000000, -0.000000000000000000, -1.000000000000000000 ) ) ;
#1737 = ADVANCED_FACE ( 'NONE', ( #1749 ), #2641, .F. ) ;
#1738 = DIRECTION ( 'NONE',  ( -0.000000000000000000, -0.000000000000000000, -1.000000000000000000 ) ) ;
#1739 = LINE ( 'NONE', #1503, #403 ) ;
#1740 = LINE ( 'NONE', #1264, #1791 ) ;
#1741 = EDGE_CURVE ( 'NONE', #2553, #1131, #211, .T. ) ;
#1742 = ORIENTED_EDGE ( 'NONE', *, *, #463, .F. ) ;
#1743 = CARTESIAN_POINT ( 'NONE',  ( -49.99999999999998579, 25.00000000000000355, 49.00000000000000000 ) ) ;
#1744 = DIRECTION ( 'NONE',  ( 0.000000000000000000, 0.000000000000000000, 1.000000000000000000 ) ) ;
#1745 = EDGE_CURVE ( 'NONE', #316, #2104, #5, .T. ) ;
#1746 = CARTESIAN_POINT ( 'NONE',  ( -69.99999999999998579, 0.000000000000000000, 5.000000000000000000 ) ) ;
#1747 = ORIENTED_EDGE ( 'NONE', *, *, #648, .T. ) ;
#1748 = VERTEX_POINT ( 'NONE', #1527 ) ;
#1749 = FACE_OUTER_BOUND ( 'NONE', #574, .T. ) ;
#1750 = ORIENTED_EDGE ( 'NONE', *, *, #1556, .T. ) ;
#1751 = EDGE_CURVE ( 'NONE', #1764, #1951, #2412, .T. ) ;
#1752 = PERSON_AND_ORGANIZATION ( #1037, #785 ) ;
#1753 = LINE ( 'NONE', #160, #1650 ) ;
#1754 = CARTESIAN_POINT ( 'NONE',  ( 70.00000000000001421, -27.49999999999999289, 5.000000000000000000 ) ) ;
#1755 = DIRECTION ( 'NONE',  ( 0.000000000000000000, -1.000000000000000000, 0.000000000000000000 ) ) ;
#1756 = EDGE_LOOP ( 'NONE', ( #466, #1242, #1448, #2016 ) ) ;
#1757 = CARTESIAN_POINT ( 'NONE',  ( 0.000000000000000000, 0.000000000000000000, 5.000000000000000000 ) ) ;
#1758 = ADVANCED_FACE ( 'NONE', ( #2450 ), #1543, .F. ) ;
#1759 = CARTESIAN_POINT ( 'NONE',  ( 0.000000000000000000, 0.000000000000000000, 49.00000000000000000 ) ) ;
#1760 = VERTEX_POINT ( 'NONE', #1290 ) ;
#1761 = EDGE_LOOP ( 'NONE', ( #2834, #2331, #108, #2856 ) ) ;
#1762 = LINE ( 'NONE', #1540, #2147 ) ;
#1763 = CARTESIAN_POINT ( 'NONE',  ( -75.00000000000001421, -22.50000000000000711, 5.000000000000000000 ) ) ;
#1764 = VERTEX_POINT ( 'NONE', #187 ) ;
#1765 = DIRECTION ( 'NONE',  ( 0.000000000000000000, -1.000000000000000000, 0.000000000000000000 ) ) ;
#1766 = FACE_BOUND ( 'NONE', #1547, .T. ) ;
#1767 = AXIS2_PLACEMENT_3D ( 'NONE', #2140, #1931, #2822 ) ;
#1768 = VECTOR ( 'NONE', #1927, 1000.000000000000000 ) ;
#1769 = DIRECTION ( 'NONE',  ( 1.000000000000000000, 0.000000000000000000, 0.000000000000000000 ) ) ;
#1770 = DIRECTION ( 'NONE',  ( 1.000000000000000000, 0.000000000000000000, 0.000000000000000000 ) ) ;
#1771 = VECTOR ( 'NONE', #2001, 1000.000000000000000 ) ;
#1772 = EDGE_CURVE ( 'NONE', #869, #2447, #889, .T. ) ;
#1773 = ORIENTED_EDGE ( 'NONE', *, *, #329, .T. ) ;
#1774 = CIRCLE ( 'NONE', #2135, 2.500000000000002220 ) ;
#1775 = DIRECTION ( 'NONE',  ( 0.000000000000000000, -1.000000000000000000, 0.000000000000000000 ) ) ;
#1776 = CC_DESIGN_APPROVAL ( #2576, ( #1445 ) ) ;
#1777 = EDGE_CURVE ( 'NONE', #2425, #2599, #1805, .T. ) ;
#1778 = DIRECTION ( 'NONE',  ( -1.000000000000000000, -1.239088197126290570E-16, 0.000000000000000000 ) ) ;
#1779 = EDGE_CURVE ( 'NONE', #1607, #2356, #653, .T. ) ;
#1780 = ORIENTED_EDGE ( 'NONE', *, *, #596, .F. ) ;
#1781 = LINE ( 'NONE', #1557, #2378 ) ;
#1782 = CYLINDRICAL_SURFACE ( 'NONE', #1061, 3.999999999999996447 ) ;
#1783 = VECTOR ( 'NONE', #817, 1000.000000000000000 ) ;
#1784 = DIRECTION ( 'NONE',  ( 0.000000000000000000, -0.000000000000000000, 1.000000000000000000 ) ) ;
#1785 = DIRECTION ( 'NONE',  ( -0.000000000000000000, -0.000000000000000000, 1.000000000000000000 ) ) ;
#1786 = EDGE_LOOP ( 'NONE', ( #2027, #941, #610, #2096 ) ) ;
#1787 = LINE ( 'NONE', #2256, #1726 ) ;
#1788 = EDGE_CURVE ( 'NONE', #2300, #1679, #2183, .T. ) ;
#1789 = EDGE_LOOP ( 'NONE', ( #1095, #809, #1584, #2363 ) ) ;
#1790 = CARTESIAN_POINT ( 'NONE',  ( -53.12249899919919471, 22.50000000000000355, 49.00000000000000000 ) ) ;
#1791 = VECTOR ( 'NONE', #1946, 1000.000000000000000 ) ;
#1792 = ORIENTED_EDGE ( 'NONE', *, *, #1843, .T. ) ;
#1793 = DIRECTION ( 'NONE',  ( -1.000000000000000000, -0.000000000000000000, -0.000000000000000000 ) ) ;
#1794 = EDGE_CURVE ( 'NONE', #929, #2382, #776, .T. ) ;
#1795 = CARTESIAN_POINT ( 'NONE',  ( 74.99999999999998579, 22.50000000000000355, 49.00000000000000000 ) ) ;
#1796 = CARTESIAN_POINT ( 'NONE',  ( 70.00000000000001421, 0.000000000000000000, 0.000000000000000000 ) ) ;
#1797 = VERTEX_POINT ( 'NONE', #1993 ) ;
#1798 = CARTESIAN_POINT ( 'NONE',  ( -49.99999999999998579, -25.00000000000000000, 49.00000000000000000 ) ) ;
#1799 = DIRECTION ( 'NONE',  ( 0.000000000000000000, 1.000000000000000000, 0.000000000000000000 ) ) ;
#1800 = ORIENTED_EDGE ( 'NONE', *, *, #2422, .F. ) ;
#1801 = LINE ( 'NONE', #2902, #2273 ) ;
#1802 = ORIENTED_EDGE ( 'NONE', *, *, #858, .T. ) ;
#1803 = EDGE_CURVE ( 'NONE', #1610, #1576, #1781, .T. ) ;
#1804 = ORIENTED_EDGE ( 'NONE', *, *, #1205, .F. ) ;
#1805 = LINE ( 'NONE', #1982, #916 ) ;
#1806 = LINE ( 'NONE', #2211, #1924 ) ;
#1807 = EDGE_CURVE ( 'NONE', #2611, #2425, #1327, .T. ) ;
#1808 = CARTESIAN_POINT ( 'NONE',  ( 47.50000000000001421, -24.99999999999999645, 49.00000000000000000 ) ) ;
#1809 = CARTESIAN_POINT ( 'NONE',  ( 0.000000000000000000, 0.000000000000000000, 5.000000000000000000 ) ) ;
#1810 = AXIS2_PLACEMENT_3D ( 'NONE', #2436, #2860, #906 ) ;
#1811 = ADVANCED_FACE ( 'NONE', ( #75 ), #468, .F. ) ;
#1812 = ORIENTED_EDGE ( 'NONE', *, *, #153, .F. ) ;
#1813 = CARTESIAN_POINT ( 'NONE',  ( -9.912705577010332452E-16, 10.00000000000000888, 5.000000000000000000 ) ) ;
#1814 = AXIS2_PLACEMENT_3D ( 'NONE', #632, #1311, #1921 ) ;
#1815 = AXIS2_PLACEMENT_3D ( 'NONE', #1886, #1655, #2321 ) ;
#1816 = LOCAL_TIME ( 13, 12, 10.00000000000000000, #1661 ) ;
#1817 = ORIENTED_EDGE ( 'NONE', *, *, #1517, .F. ) ;
#1818 = ORIENTED_EDGE ( 'NONE', *, *, #2175, .T. ) ;
#1819 = DIRECTION ( 'NONE',  ( 0.000000000000000000, 0.000000000000000000, 1.000000000000000000 ) ) ;
#1820 = ADVANCED_FACE ( 'NONE', ( #91 ), #994, .T. ) ;
#1821 = ORIENTED_EDGE ( 'NONE', *, *, #1727, .T. ) ;
#1822 = DIRECTION ( 'NONE',  ( 0.000000000000000000, 1.000000000000000000, 0.000000000000000000 ) ) ;
#1823 = LINE ( 'NONE', #2441, #400 ) ;
#1824 = EDGE_CURVE ( 'NONE', #1610, #443, #310, .T. ) ;
#1825 = ORIENTED_EDGE ( 'NONE', *, *, #2166, .T. ) ;
#1826 = ORIENTED_EDGE ( 'NONE', *, *, #451, .T. ) ;
#1827 = CARTESIAN_POINT ( 'NONE',  ( -69.99999999999998579, -10.00000000000000533, 0.000000000000000000 ) ) ;
#1828 = CARTESIAN_POINT ( 'NONE',  ( 0.000000000000000000, -27.49999999999999289, 0.000000000000000000 ) ) ;
#1829 = EDGE_CURVE ( 'NONE', #2443, #1864, #2883, .T. ) ;
#1830 = VECTOR ( 'NONE', #1609, 1000.000000000000000 ) ;
#1831 = LINE ( 'NONE', #1313, #1034 ) ;
#1832 = VERTEX_POINT ( 'NONE', #2709 ) ;
#1833 = VERTEX_POINT ( 'NONE', #2325 ) ;
#1834 = VECTOR ( 'NONE', #475, 1000.000000000000000 ) ;
#1835 = ORIENTED_EDGE ( 'NONE', *, *, #1172, .F. ) ;
#1836 = CARTESIAN_POINT ( 'NONE',  ( -69.99999999999998579, 27.50000000000000711, 54.00000000000000000 ) ) ;
#1837 = LINE ( 'NONE', #761, #539 ) ;
#1838 = DIRECTION ( 'NONE',  ( 1.000000000000000000, 0.000000000000000000, 0.000000000000000000 ) ) ;
#1839 = EDGE_LOOP ( 'NONE', ( #1176, #1271, #1073, #2377 ) ) ;
#1840 = VERTEX_POINT ( 'NONE', #1671 ) ;
#1841 = DIRECTION ( 'NONE',  ( 1.000000000000000000, -0.000000000000000000, 0.000000000000000000 ) ) ;
#1842 = CARTESIAN_POINT ( 'NONE',  ( -69.99999999999998579, -22.50000000000000711, 49.00000000000000000 ) ) ;
#1843 = EDGE_CURVE ( 'NONE', #2608, #46, #2306, .T. ) ;
#1844 = ORIENTED_EDGE ( 'NONE', *, *, #718, .T. ) ;
#1845 = ORIENTED_EDGE ( 'NONE', *, *, #1469, .F. ) ;
#1846 = ORIENTED_EDGE ( 'NONE', *, *, #2713, .F. ) ;
#1847 = CARTESIAN_POINT ( 'NONE',  ( 70.00000000000001421, 27.50000000000000711, 54.00000000000000000 ) ) ;
#1848 = DIRECTION ( 'NONE',  ( 1.000000000000000000, 0.000000000000000000, 0.000000000000000000 ) ) ;
#1849 = CARTESIAN_POINT ( 'NONE',  ( 0.000000000000000000, 22.50000000000000355, 5.000000000000000000 ) ) ;
#1850 = VERTEX_POINT ( 'NONE', #17 ) ;
#1851 = ORIENTED_EDGE ( 'NONE', *, *, #909, .F. ) ;
#1852 = CARTESIAN_POINT ( 'NONE',  ( -29.99999999999999289, 22.50000000000000355, 54.00000000000000000 ) ) ;
#1853 = CARTESIAN_POINT ( 'NONE',  ( -53.12249899919920182, -27.49999999999999289, 49.00000000000000000 ) ) ;
#1854 = CIRCLE ( 'NONE', #583, 4.000000000000003553 ) ;
#1855 = VECTOR ( 'NONE', #1500, 1000.000000000000000 ) ;
#1856 = ADVANCED_FACE ( 'NONE', ( #2346 ), #1206, .F. ) ;
#1857 = AXIS2_PLACEMENT_3D ( 'NONE', #2164, #151, #1053 ) ;
#1858 = ORIENTED_EDGE ( 'NONE', *, *, #2138, .T. ) ;
#1859 = VERTEX_POINT ( 'NONE', #2116 ) ;
#1860 = VECTOR ( 'NONE', #2454, 1000.000000000000000 ) ;
#1861 = VECTOR ( 'NONE', #1001, 1000.000000000000000 ) ;
#1862 = LINE ( 'NONE', #2756, #846 ) ;
#1863 = ADVANCED_FACE ( 'NONE', ( #696 ), #1875, .T. ) ;
#1864 = VERTEX_POINT ( 'NONE', #2128 ) ;
#1865 = DIRECTION ( 'NONE',  ( -0.000000000000000000, -0.000000000000000000, 1.000000000000000000 ) ) ;
#1866 = CARTESIAN_POINT ( 'NONE',  ( 0.000000000000000000, -27.49999999999999289, 49.00000000000000000 ) ) ;
#1867 = LINE ( 'NONE', #1444, #2009 ) ;
#1868 = VECTOR ( 'NONE', #369, 1000.000000000000000 ) ;
#1869 = VERTEX_POINT ( 'NONE', #1887 ) ;
#1870 = VERTEX_POINT ( 'NONE', #2781 ) ;
#1871 = CARTESIAN_POINT ( 'NONE',  ( -69.99999999999998579, -10.00000000000000533, 54.00000000000000000 ) ) ;
#1872 = CARTESIAN_POINT ( 'NONE',  ( 30.00000000000001421, 27.50000000000000711, 5.000000000000000000 ) ) ;
#1873 = LINE ( 'NONE', #2592, #1076 ) ;
#1874 = AXIS2_PLACEMENT_3D ( 'NONE', #1434, #2117, #1980 ) ;
#1875 = CYLINDRICAL_SURFACE ( 'NONE', #441, 4.000000000000003553 ) ;
#1876 = VECTOR ( 'NONE', #2122, 1000.000000000000000 ) ;
#1877 = ORIENTED_EDGE ( 'NONE', *, *, #1452, .T. ) ;
#1878 = ORIENTED_EDGE ( 'NONE', *, *, #401, .F. ) ;
#1879 = ORIENTED_EDGE ( 'NONE', *, *, #76, .F. ) ;
#1880 = LINE ( 'NONE', #1647, #1485 ) ;
#1881 = CARTESIAN_POINT ( 'NONE',  ( -69.99999999999998579, -22.50000000000000711, 0.000000000000000000 ) ) ;
#1882 = DIRECTION ( 'NONE',  ( 1.000000000000000000, 0.000000000000000000, 0.000000000000000000 ) ) ;
#1883 = ORIENTED_EDGE ( 'NONE', *, *, #1382, .T. ) ;
#1884 = ORIENTED_EDGE ( 'NONE', *, *, #901, .T. ) ;
#1885 = CARTESIAN_POINT ( 'NONE',  ( -46.87750100080077686, -22.50000000000000711, 49.00000000000000000 ) ) ;
#1886 = CARTESIAN_POINT ( 'NONE',  ( -49.99999999999998579, -25.00000000000000000, 49.00000000000000000 ) ) ;
#1887 = CARTESIAN_POINT ( 'NONE',  ( -53.12249899919919471, 22.50000000000000355, 54.00000000000000000 ) ) ;
#1888 = CARTESIAN_POINT ( 'NONE',  ( -69.99999999999998579, 0.000000000000000000, 49.00000000000000000 ) ) ;
#1889 = LINE ( 'NONE', #788, #2446 ) ;
#1890 = ORIENTED_EDGE ( 'NONE', *, *, #2347, .F. ) ;
#1891 = ORIENTED_EDGE ( 'NONE', *, *, #359, .F. ) ;
#1892 = EDGE_LOOP ( 'NONE', ( #1851, #247, #2182, #20 ) ) ;
#1893 = DATE_AND_TIME ( #2333, #171 ) ;
#1894 = FACE_OUTER_BOUND ( 'NONE', #1675, .T. ) ;
#1895 = DIRECTION ( 'NONE',  ( 0.000000000000000000, 1.000000000000000000, 0.000000000000000000 ) ) ;
#1896 = DIRECTION ( 'NONE',  ( -1.000000000000000000, -6.938893903907251057E-16, 0.000000000000000000 ) ) ;
#1897 = EDGE_CURVE ( 'NONE', #2841, #374, #2692, .T. ) ;
#1898 = ORIENTED_EDGE ( 'NONE', *, *, #1472, .F. ) ;
#1899 = LINE ( 'NONE', #129, #825 ) ;
#1900 = DIRECTION ( 'NONE',  ( 0.000000000000000000, -1.000000000000000000, 0.000000000000000000 ) ) ;
#1901 = EDGE_CURVE ( 'NONE', #1436, #2118, #2766, .T. ) ;
#1902 = CARTESIAN_POINT ( 'NONE',  ( -75.00000000000001421, -5.000000000000006217, 5.000000000000000000 ) ) ;
#1903 = PLANE ( 'NONE',  #2715 ) ;
#1904 = DIRECTION ( 'NONE',  ( -0.000000000000000000, 0.000000000000000000, -1.000000000000000000 ) ) ;
#1905 = DIRECTION ( 'NONE',  ( -0.000000000000000000, 0.000000000000000000, 1.000000000000000000 ) ) ;
#1906 = ORIENTED_EDGE ( 'NONE', *, *, #2603, .F. ) ;
#1907 = VECTOR ( 'NONE', #1738, 1000.000000000000000 ) ;
#1908 = PRODUCT ( 'batterie', 'batterie', '', ( #600 ) ) ;
#1909 = AXIS2_PLACEMENT_3D ( 'NONE', #1759, #1283, #134 ) ;
#1910 = EDGE_LOOP ( 'NONE', ( #1148, #694, #2039, #965 ) ) ;
#1911 = ORIENTED_EDGE ( 'NONE', *, *, #367, .F. ) ;
#1912 = VECTOR ( 'NONE', #585, 1000.000000000000000 ) ;
#1913 = LINE ( 'NONE', #2848, #1336 ) ;
#1914 = EDGE_CURVE ( 'NONE', #2219, #1608, #2549, .T. ) ;
#1915 = CARTESIAN_POINT ( 'NONE',  ( -0.000000000000000000, 22.50000000000000355, 49.00000000000000000 ) ) ;
#1916 = CARTESIAN_POINT ( 'NONE',  ( 74.99999999999998579, -22.50000000000000711, 49.00000000000000000 ) ) ;
#1917 = CARTESIAN_POINT ( 'NONE',  ( -3.097720492815708923E-16, 2.499999999999985789, 49.00000000000000000 ) ) ;
#1918 = DIRECTION ( 'NONE',  ( 0.000000000000000000, 0.000000000000000000, 1.000000000000000000 ) ) ;
#1919 = LINE ( 'NONE', #1235, #1048 ) ;
#1920 = EDGE_CURVE ( 'NONE', #4, #2738, #1583, .T. ) ;
#1921 = DIRECTION ( 'NONE',  ( 1.000000000000000000, 0.000000000000000000, 0.000000000000000000 ) ) ;
#1922 = CARTESIAN_POINT ( 'NONE',  ( 0.000000000000000000, -5.000000000000005329, 5.000000000000000000 ) ) ;
#1923 = ORIENTED_EDGE ( 'NONE', *, *, #2794, .T. ) ;
#1924 = VECTOR ( 'NONE', #2250, 1000.000000000000000 ) ;
#1925 = VECTOR ( 'NONE', #2609, 1000.000000000000000 ) ;
#1926 = ORIENTED_EDGE ( 'NONE', *, *, #200, .T. ) ;
#1927 = DIRECTION ( 'NONE',  ( -0.000000000000000000, -0.000000000000000000, -1.000000000000000000 ) ) ;
#1928 =( NAMED_UNIT ( * ) SI_UNIT ( $, .STERADIAN. ) SOLID_ANGLE_UNIT ( ) );
#1929 = PLANE ( 'NONE',  #561 ) ;
#1930 = EDGE_CURVE ( 'NONE', #929, #812, #1237, .T. ) ;
#1931 = DIRECTION ( 'NONE',  ( 0.000000000000000000, 1.000000000000000000, 0.000000000000000000 ) ) ;
#1932 = LINE ( 'NONE', #338, #1625 ) ;
#1933 = VECTOR ( 'NONE', #970, 1000.000000000000000 ) ;
#1934 = LINE ( 'NONE', #1715, #982 ) ;
#1935 = FACE_OUTER_BOUND ( 'NONE', #2537, .T. ) ;
#1936 = ADVANCED_FACE ( 'NONE', ( #526 ), #1433, .F. ) ;
#1937 = ORIENTED_EDGE ( 'NONE', *, *, #419, .F. ) ;
#1938 = DIRECTION ( 'NONE',  ( -1.000000000000000000, 0.000000000000000000, 0.000000000000000000 ) ) ;
#1939 = PLANE ( 'NONE',  #885 ) ;
#1940 = EDGE_CURVE ( 'NONE', #1598, #863, #787, .T. ) ;
#1941 = EDGE_LOOP ( 'NONE', ( #714, #624, #1570, #1228, #1138, #576, #1226, #2638 ) ) ;
#1942 = ORIENTED_EDGE ( 'NONE', *, *, #2453, .T. ) ;
#1943 = COORDINATED_UNIVERSAL_TIME_OFFSET ( 1, 0, .AHEAD. ) ;
#1944 = LINE ( 'NONE', #159, #2880 ) ;
#1945 = CARTESIAN_POINT ( 'NONE',  ( 70.00000000000001421, -2.500000000000014211, 49.00000000000000000 ) ) ;
#1946 = DIRECTION ( 'NONE',  ( -0.000000000000000000, -0.000000000000000000, -1.000000000000000000 ) ) ;
#1947 = FACE_OUTER_BOUND ( 'NONE', #2729, .T. ) ;
#1948 = CARTESIAN_POINT ( 'NONE',  ( -69.99999999999998579, 5.000000000000010658, 54.00000000000000000 ) ) ;
#1949 = PLANE ( 'NONE',  #212 ) ;
#1950 = EDGE_CURVE ( 'NONE', #287, #1057, #2038, .T. ) ;
#1951 = VERTEX_POINT ( 'NONE', #1354 ) ;
#1952 = CARTESIAN_POINT ( 'NONE',  ( 70.00000000000001421, 0.000000000000000000, 5.000000000000000000 ) ) ;
#1953 = ADVANCED_FACE ( 'NONE', ( #1935 ), #1717, .T. ) ;
#1954 = AXIS2_PLACEMENT_3D ( 'NONE', #1149, #2282, #265 ) ;
#1955 = ORIENTED_EDGE ( 'NONE', *, *, #2474, .F. ) ;
#1956 = ORIENTED_EDGE ( 'NONE', *, *, #1304, .T. ) ;
#1957 = LINE ( 'NONE', #579, #2466 ) ;
#1958 = VECTOR ( 'NONE', #523, 1000.000000000000000 ) ;
#1959 = EDGE_CURVE ( 'NONE', #869, #790, #2144, .T. ) ;
#1960 = PERSON_AND_ORGANIZATION ( #1037, #785 ) ;
#1961 = DIRECTION ( 'NONE',  ( -0.000000000000000000, 0.000000000000000000, 1.000000000000000000 ) ) ;
#1962 = VECTOR ( 'NONE', #1479, 1000.000000000000000 ) ;
#1963 = FACE_OUTER_BOUND ( 'NONE', #1789, .T. ) ;
#1964 = DIRECTION ( 'NONE',  ( 1.000000000000000000, 0.000000000000000000, 0.000000000000000000 ) ) ;
#1965 = AXIS2_PLACEMENT_3D ( 'NONE', #446, #1985, #645 ) ;
#1966 = ORIENTED_EDGE ( 'NONE', *, *, #1777, .T. ) ;
#1967 = LINE ( 'NONE', #164, #1247 ) ;
#1968 = CC_DESIGN_PERSON_AND_ORGANIZATION_ASSIGNMENT ( #378, #1059, ( #1908 ) ) ;
#1969 = VERTEX_POINT ( 'NONE', #1978 ) ;
#1970 = DIRECTION ( 'NONE',  ( -0.000000000000000000, 0.000000000000000000, 1.000000000000000000 ) ) ;
#1971 = EDGE_LOOP ( 'NONE', ( #1555, #2744, #37, #950 ) ) ;
#1972 = COORDINATED_UNIVERSAL_TIME_OFFSET ( 1, 0, .AHEAD. ) ;
#1973 = LINE ( 'NONE', #1530, #1082 ) ;
#1974 = EDGE_CURVE ( 'NONE', #373, #1624, #589, .T. ) ;
#1975 = DIRECTION ( 'NONE',  ( -0.000000000000000000, 0.000000000000000000, 1.000000000000000000 ) ) ;
#1976 = DIRECTION ( 'NONE',  ( 0.000000000000000000, 1.000000000000000000, 0.000000000000000000 ) ) ;
#1977 = VERTEX_POINT ( 'NONE', #2416 ) ;
#1978 = CARTESIAN_POINT ( 'NONE',  ( -53.12249899919920182, -22.50000000000000711, 49.00000000000000000 ) ) ;
#1979 = VERTEX_POINT ( 'NONE', #623 ) ;
#1980 = DIRECTION ( 'NONE',  ( 0.000000000000000000, -0.000000000000000000, 1.000000000000000000 ) ) ;
#1981 = ORIENTED_EDGE ( 'NONE', *, *, #1606, .F. ) ;
#1982 = CARTESIAN_POINT ( 'NONE',  ( -69.99999999999998579, 27.50000000000000711, 5.000000000000000000 ) ) ;
#1983 = DIRECTION ( 'NONE',  ( -0.000000000000000000, -0.000000000000000000, 1.000000000000000000 ) ) ;
#1984 = CARTESIAN_POINT ( 'NONE',  ( 50.00000000000001421, -25.00000000000000000, 49.00000000000000000 ) ) ;
#1985 = DIRECTION ( 'NONE',  ( 0.000000000000000000, 0.000000000000000000, 1.000000000000000000 ) ) ;
#1986 = ADVANCED_FACE ( 'NONE', ( #1538 ), #195, .F. ) ;
#1987 = ORIENTED_EDGE ( 'NONE', *, *, #866, .F. ) ;
#1988 = CARTESIAN_POINT ( 'NONE',  ( 70.00000000000001421, 0.000000000000000000, 49.00000000000000000 ) ) ;
#1989 = ADVANCED_FACE ( 'NONE', ( #2593 ), #2610, .F. ) ;
#1990 = ORIENTED_EDGE ( 'NONE', *, *, #97, .T. ) ;
#1991 = CARTESIAN_POINT ( 'NONE',  ( 50.00000000000001421, -25.00000000000000000, 54.00000000000000000 ) ) ;
#1992 = EDGE_LOOP ( 'NONE', ( #1906, #26, #101, #719 ) ) ;
#1993 = CARTESIAN_POINT ( 'NONE',  ( 70.00000000000001421, -2.500000000000014211, 54.00000000000000000 ) ) ;
#1994 = VECTOR ( 'NONE', #852, 1000.000000000000000 ) ;
#1995 = ADVANCED_FACE ( 'NONE', ( #2176 ), #1949, .F. ) ;
#1996 = PLANE ( 'NONE',  #591 ) ;
#1997 = CARTESIAN_POINT ( 'NONE',  ( -0.000000000000000000, 27.50000000000000711, 49.00000000000000000 ) ) ;
#1998 = AXIS2_PLACEMENT_3D ( 'NONE', #541, #105, #1904 ) ;
#1999 = ORIENTED_EDGE ( 'NONE', *, *, #419, .T. ) ;
#2000 = CIRCLE ( 'NONE', #2090, 4.000000000000003553 ) ;
#2001 = DIRECTION ( 'NONE',  ( -0.000000000000000000, -0.000000000000000000, -1.000000000000000000 ) ) ;
#2002 = EDGE_CURVE ( 'NONE', #29, #1468, #1494, .T. ) ;
#2003 = DIRECTION ( 'NONE',  ( -0.000000000000000000, -0.000000000000000000, -1.000000000000000000 ) ) ;
#2004 = EDGE_LOOP ( 'NONE', ( #2706, #1396, #2189, #1937 ) ) ;
#2005 = CARTESIAN_POINT ( 'NONE',  ( 25.00000000000001066, -27.49999999999998934, 49.00000000000000000 ) ) ;
#2006 = DIRECTION ( 'NONE',  ( -1.000000000000000000, -0.000000000000000000, -0.000000000000000000 ) ) ;
#2007 = VECTOR ( 'NONE', #1524, 1000.000000000000000 ) ;
#2008 = DIRECTION ( 'NONE',  ( 1.000000000000000000, 0.000000000000000000, 0.000000000000000000 ) ) ;
#2009 = VECTOR ( 'NONE', #519, 1000.000000000000000 ) ;
#2010 = LINE ( 'NONE', #1136, #1580 ) ;
#2011 = AXIS2_PLACEMENT_3D ( 'NONE', #564, #1245, #128 ) ;
#2012 = EDGE_LOOP ( 'NONE', ( #2393, #1497, #2500, #955, #271, #2350, #453, #85, #1372, #1344, #936, #2130 ) ) ;
#2013 = LINE ( 'NONE', #2686, #484 ) ;
#2014 = CARTESIAN_POINT ( 'NONE',  ( 53.12249899919922314, -22.50000000000000711, 49.00000000000000000 ) ) ;
#2015 = ADVANCED_FACE ( 'NONE', ( #1511 ), #1067, .F. ) ;
#2016 = ORIENTED_EDGE ( 'NONE', *, *, #2388, .F. ) ;
#2017 = ORIENTED_EDGE ( 'NONE', *, *, #2482, .F. ) ;
#2018 = DIRECTION ( 'NONE',  ( 0.000000000000000000, 1.000000000000000000, 0.000000000000000000 ) ) ;
#2019 = EDGE_CURVE ( 'NONE', #812, #2814, #680, .T. ) ;
#2020 = DIRECTION ( 'NONE',  ( -0.000000000000000000, 1.000000000000000000, -0.000000000000000000 ) ) ;
#2021 = DIRECTION ( 'NONE',  ( 1.000000000000000000, 1.239088197126290570E-16, 0.000000000000000000 ) ) ;
#2022 = FACE_BOUND ( 'NONE', #2070, .T. ) ;
#2023 = VERTEX_POINT ( 'NONE', #1038 ) ;
#2024 = FACE_OUTER_BOUND ( 'NONE', #1581, .T. ) ;
#2025 = EDGE_CURVE ( 'NONE', #1436, #1634, #1967, .T. ) ;
#2026 = ORIENTED_EDGE ( 'NONE', *, *, #1481, .F. ) ;
#2027 = ORIENTED_EDGE ( 'NONE', *, *, #555, .F. ) ;
#2028 = EDGE_CURVE ( 'NONE', #1760, #849, #1018, .T. ) ;
#2029 = DIRECTION ( 'NONE',  ( 1.000000000000000000, 0.000000000000000000, 0.000000000000000000 ) ) ;
#2030 = LINE ( 'NONE', #2464, #1403 ) ;
#2031 = ORIENTED_EDGE ( 'NONE', *, *, #2369, .T. ) ;
#2032 = ADVANCED_FACE ( 'NONE', ( #411, #2826 ), #818, .F. ) ;
#2033 = DIRECTION ( 'NONE',  ( 1.000000000000000000, 0.000000000000000000, 0.000000000000000000 ) ) ;
#2034 = DIRECTION ( 'NONE',  ( 0.000000000000000000, 1.000000000000000000, 0.000000000000000000 ) ) ;
#2035 = VECTOR ( 'NONE', #1793, 1000.000000000000000 ) ;
#2036 = ORIENTED_EDGE ( 'NONE', *, *, #367, .T. ) ;
#2037 = CARTESIAN_POINT ( 'NONE',  ( 25.00000000000001066, -27.49999999999998934, 54.00000000000000000 ) ) ;
#2038 = CIRCLE ( 'NONE', #1105, 2.500000000000002220 ) ;
#2039 = ORIENTED_EDGE ( 'NONE', *, *, #1489, .T. ) ;
#2040 = VECTOR ( 'NONE', #1900, 1000.000000000000000 ) ;
#2041 = ADVANCED_FACE ( 'NONE', ( #386 ), #2855, .T. ) ;
#2042 = EDGE_LOOP ( 'NONE', ( #1708, #157, #662, #1589 ) ) ;
#2043 = ORIENTED_EDGE ( 'NONE', *, *, #985, .F. ) ;
#2044 = DIRECTION ( 'NONE',  ( 1.000000000000000000, 0.000000000000000000, 0.000000000000000000 ) ) ;
#2045 = EDGE_LOOP ( 'NONE', ( #1326, #1956, #1419, #1011 ) ) ;
#2046 = EDGE_LOOP ( 'NONE', ( #1514, #1384, #1800, #1371 ) ) ;
#2047 = FACE_OUTER_BOUND ( 'NONE', #759, .T. ) ;
#2048 = DIRECTION ( 'NONE',  ( -0.000000000000000000, -0.000000000000000000, -1.000000000000000000 ) ) ;
#2049 = EDGE_CURVE ( 'NONE', #1869, #1161, #728, .T. ) ;
#2050 = ORIENTED_EDGE ( 'NONE', *, *, #2207, .F. ) ;
#2051 = ORIENTED_EDGE ( 'NONE', *, *, #2768, .F. ) ;
#2052 = FACE_OUTER_BOUND ( 'NONE', #1157, .T. ) ;
#2053 = CARTESIAN_POINT ( 'NONE',  ( -69.99999999999998579, 2.499999999999985789, 49.00000000000000000 ) ) ;
#2054 = LINE ( 'NONE', #1170, #1534 ) ;
#2055 = VECTOR ( 'NONE', #2894, 1000.000000000000000 ) ;
#2056 = ORIENTED_EDGE ( 'NONE', *, *, #2212, .F. ) ;
#2057 = EDGE_LOOP ( 'NONE', ( #743, #1194, #1792, #2254 ) ) ;
#2058 = VECTOR ( 'NONE', #635, 1000.000000000000000 ) ;
#2059 = CIRCLE ( 'NONE', #2536, 2.500000000000002220 ) ;
#2060 = ORIENTED_EDGE ( 'NONE', *, *, #706, .F. ) ;
#2061 = DIRECTION ( 'NONE',  ( -0.000000000000000000, -0.000000000000000000, -1.000000000000000000 ) ) ;
#2062 = ADVANCED_FACE ( 'NONE', ( #2810 ), #803, .T. ) ;
#2063 = DIRECTION ( 'NONE',  ( -1.000000000000000000, 0.000000000000000000, 0.000000000000000000 ) ) ;
#2064 = LINE ( 'NONE', #66, #1933 ) ;
#2065 = ORIENTED_EDGE ( 'NONE', *, *, #2519, .F. ) ;
#2066 = ORIENTED_EDGE ( 'NONE', *, *, #582, .F. ) ;
#2067 = LINE ( 'NONE', #2114, #1039 ) ;
#2068 = EDGE_CURVE ( 'NONE', #715, #1510, #1591, .T. ) ;
#2069 = CARTESIAN_POINT ( 'NONE',  ( -69.99999999999998579, -22.50000000000000711, 54.00000000000000000 ) ) ;
#2070 = EDGE_LOOP ( 'NONE', ( #2056, #2682, #1208, #684 ) ) ;
#2071 = EDGE_LOOP ( 'NONE', ( #2668, #708, #2785, #697 ) ) ;
#2072 = CARTESIAN_POINT ( 'NONE',  ( -24.99999999999998934, -27.49999999999999645, 54.00000000000000000 ) ) ;
#2073 = VERTEX_POINT ( 'NONE', #1115 ) ;
#2074 = EDGE_LOOP ( 'NONE', ( #836, #2352, #2597, #2263 ) ) ;
#2075 = CARTESIAN_POINT ( 'NONE',  ( 70.00000000000001421, 0.000000000000000000, 5.000000000000000000 ) ) ;
#2076 = LINE ( 'NONE', #1612, #2885 ) ;
#2077 = AXIS2_PLACEMENT_3D ( 'NONE', #2404, #1019, #1062 ) ;
#2078 = DIRECTION ( 'NONE',  ( 6.938893903907251057E-16, -1.000000000000000000, 0.000000000000000000 ) ) ;
#2079 = EDGE_LOOP ( 'NONE', ( #1482, #303, #1923, #2817 ) ) ;
#2080 = ORIENTED_EDGE ( 'NONE', *, *, #2515, .T. ) ;
#2081 = PLANE ( 'NONE',  #2586 ) ;
#2082 = LINE ( 'NONE', #1218, #2797 ) ;
#2083 = DIRECTION ( 'NONE',  ( 1.000000000000000000, 0.000000000000000000, 0.000000000000000000 ) ) ;
#2084 = AXIS2_PLACEMENT_3D ( 'NONE', #282, #699, #2093 ) ;
#2085 = DIRECTION ( 'NONE',  ( 1.000000000000000000, 0.000000000000000000, 0.000000000000000000 ) ) ;
#2086 = LINE ( 'NONE', #915, #2632 ) ;
#2087 = VECTOR ( 'NONE', #456, 1000.000000000000000 ) ;
#2088 = EDGE_CURVE ( 'NONE', #1468, #194, #1064, .T. ) ;
#2089 = ORIENTED_EDGE ( 'NONE', *, *, #1083, .F. ) ;
#2090 = AXIS2_PLACEMENT_3D ( 'NONE', #2865, #857, #1729 ) ;
#2091 = ORIENTED_EDGE ( 'NONE', *, *, #1098, .T. ) ;
#2092 = ORIENTED_EDGE ( 'NONE', *, *, #1722, .T. ) ;
#2093 = DIRECTION ( 'NONE',  ( 1.000000000000000000, 0.000000000000000000, 0.000000000000000000 ) ) ;
#2094 = PLANE ( 'NONE',  #2617 ) ;
#2095 = CARTESIAN_POINT ( 'NONE',  ( -46.87750100080077686, -22.50000000000000711, 54.00000000000000000 ) ) ;
#2096 = ORIENTED_EDGE ( 'NONE', *, *, #1843, .F. ) ;
#2097 = VERTEX_POINT ( 'NONE', #207 ) ;
#2098 = FACE_OUTER_BOUND ( 'NONE', #2690, .T. ) ;
#2099 = FACE_OUTER_BOUND ( 'NONE', #2046, .T. ) ;
#2100 = CARTESIAN_POINT ( 'NONE',  ( -75.00000000000002842, -27.49999999999999289, 54.00000000000000000 ) ) ;
#2101 = AXIS2_PLACEMENT_3D ( 'NONE', #594, #2255, #1128 ) ;
#2102 = CARTESIAN_POINT ( 'NONE',  ( 0.000000000000000000, 0.000000000000000000, 49.00000000000000000 ) ) ;
#2103 = UNCERTAINTY_MEASURE_WITH_UNIT (LENGTH_MEASURE( 1.000000000000000082E-05 ), #615, 'distance_accuracy_value', 'NONE');
#2104 = VERTEX_POINT ( 'NONE', #2231 ) ;
#2105 = EDGE_CURVE ( 'NONE', #2841, #772, #1787, .T. ) ;
#2106 = EDGE_LOOP ( 'NONE', ( #341, #1817, #942, #469 ) ) ;
#2107 = CIRCLE ( 'NONE', #2291, 3.999999999999996447 ) ;
#2108 = PERSON_AND_ORGANIZATION_ROLE ( 'design_supplier' ) ;
#2109 = DIRECTION ( 'NONE',  ( 1.000000000000000000, 0.000000000000000000, 0.000000000000000000 ) ) ;
#2110 = EDGE_CURVE ( 'NONE', #1624, #1718, #647, .T. ) ;
#2111 = DIRECTION ( 'NONE',  ( 0.000000000000000000, -0.000000000000000000, 1.000000000000000000 ) ) ;
#2112 = CARTESIAN_POINT ( 'NONE',  ( 0.000000000000000000, -10.00000000000000533, 0.000000000000000000 ) ) ;
#2113 = ORIENTED_EDGE ( 'NONE', *, *, #2304, .T. ) ;
#2114 = CARTESIAN_POINT ( 'NONE',  ( 70.00000000000001421, -10.00000000000000533, 5.000000000000000000 ) ) ;
#2115 = LINE ( 'NONE', #2807, #1677 ) ;
#2116 = CARTESIAN_POINT ( 'NONE',  ( -69.99999999999998579, 22.50000000000000355, 54.00000000000000000 ) ) ;
#2117 = DIRECTION ( 'NONE',  ( 0.000000000000000000, 1.000000000000000000, 0.000000000000000000 ) ) ;
#2118 = VERTEX_POINT ( 'NONE', #245 ) ;
#2119 = ORIENTED_EDGE ( 'NONE', *, *, #2257, .F. ) ;
#2120 = CARTESIAN_POINT ( 'NONE',  ( 0.000000000000000000, -22.50000000000000711, 49.00000000000000000 ) ) ;
#2121 = DIRECTION ( 'NONE',  ( 0.000000000000000000, 0.000000000000000000, 1.000000000000000000 ) ) ;
#2122 = DIRECTION ( 'NONE',  ( 1.000000000000000000, 0.000000000000000000, 0.000000000000000000 ) ) ;
#2123 = EDGE_CURVE ( 'NONE', #1748, #1832, #1801, .T. ) ;
#2124 = FACE_BOUND ( 'NONE', #2478, .T. ) ;
#2125 = LINE ( 'NONE', #1948, #2846 ) ;
#2126 = DIRECTION ( 'NONE',  ( 0.000000000000000000, 1.000000000000000000, 0.000000000000000000 ) ) ;
#2127 = ORIENTED_EDGE ( 'NONE', *, *, #460, .F. ) ;
#2128 = CARTESIAN_POINT ( 'NONE',  ( -53.12249899919919471, 27.50000000000000711, 49.00000000000000000 ) ) ;
#2129 = CARTESIAN_POINT ( 'NONE',  ( 50.00000000000001421, 25.00000000000000355, 49.00000000000000000 ) ) ;
#2130 = ORIENTED_EDGE ( 'NONE', *, *, #2110, .T. ) ;
#2131 = VECTOR ( 'NONE', #1406, 1000.000000000000000 ) ;
#2132 = VECTOR ( 'NONE', #1189, 1000.000000000000000 ) ;
#2133 = CC_DESIGN_DATE_AND_TIME_ASSIGNMENT ( #810, #2818, ( #1445 ) ) ;
#2134 = ORIENTED_EDGE ( 'NONE', *, *, #860, .T. ) ;
#2135 = AXIS2_PLACEMENT_3D ( 'NONE', #746, #99, #532 ) ;
#2136 = FACE_OUTER_BOUND ( 'NONE', #1971, .T. ) ;
#2137 = DIRECTION ( 'NONE',  ( -1.000000000000000000, -1.734723475976800685E-16, 0.000000000000000000 ) ) ;
#2138 = EDGE_CURVE ( 'NONE', #1127, #30, #1349, .T. ) ;
#2139 = CARTESIAN_POINT ( 'NONE',  ( -24.99999999999999289, 27.50000000000000711, 54.00000000000000000 ) ) ;
#2140 = CARTESIAN_POINT ( 'NONE',  ( 0.000000000000000000, -10.00000000000000533, 5.000000000000000000 ) ) ;
#2141 = DIRECTION ( 'NONE',  ( -0.000000000000000000, -0.000000000000000000, -1.000000000000000000 ) ) ;
#2142 = EDGE_CURVE ( 'NONE', #2898, #2786, #436, .T. ) ;
#2143 = ORIENTED_EDGE ( 'NONE', *, *, #1950, .F. ) ;
#2144 = LINE ( 'NONE', #571, #2324 ) ;
#2145 = EDGE_CURVE ( 'NONE', #1607, #2738, #424, .T. ) ;
#2146 = DIRECTION ( 'NONE',  ( 1.000000000000000000, 0.000000000000000000, 0.000000000000000000 ) ) ;
#2147 = VECTOR ( 'NONE', #1312, 1000.000000000000000 ) ;
#2148 = CARTESIAN_POINT ( 'NONE',  ( 74.99999999999998579, -22.50000000000000711, 5.000000000000000000 ) ) ;
#2149 = AXIS2_PLACEMENT_3D ( 'NONE', #2355, #1838, #51 ) ;
#2150 = DIRECTION ( 'NONE',  ( 1.000000000000000000, 0.000000000000000000, 0.000000000000000000 ) ) ;
#2151 = AXIS2_PLACEMENT_3D ( 'NONE', #1060, #2589, #2863 ) ;
#2152 = ORIENTED_EDGE ( 'NONE', *, *, #1071, .F. ) ;
#2153 = PERSON_AND_ORGANIZATION_ROLE ( 'classification_officer' ) ;
#2155 = VECTOR ( 'NONE', #784, 1000.000000000000000 ) ;
#2154 = CARTESIAN_POINT ( 'NONE',  ( 25.00000000000001066, 22.50000000000000355, 5.000000000000000000 ) ) ;
#2156 = ORIENTED_EDGE ( 'NONE', *, *, #2437, .F. ) ;
#2157 = DIRECTION ( 'NONE',  ( -0.000000000000000000, 0.000000000000000000, -1.000000000000000000 ) ) ;
#2158 = LINE ( 'NONE', #146, #2903 ) ;
#2159 = EDGE_CURVE ( 'NONE', #1420, #1341, #232, .T. ) ;
#2160 = CARTESIAN_POINT ( 'NONE',  ( -24.99999999999998934, -27.49999999999999645, 5.000000000000000000 ) ) ;
#2161 = CARTESIAN_POINT ( 'NONE',  ( -46.87750100080078397, 27.50000000000000711, 49.00000000000000000 ) ) ;
#2162 = VECTOR ( 'NONE', #2812, 1000.000000000000000 ) ;
#2163 = EDGE_CURVE ( 'NONE', #478, #2073, #2013, .T. ) ;
#2164 = CARTESIAN_POINT ( 'NONE',  ( 0.000000000000000000, 0.000000000000000000, 49.00000000000000000 ) ) ;
#2165 = ORIENTED_EDGE ( 'NONE', *, *, #2759, .F. ) ;
#2166 = EDGE_CURVE ( 'NONE', #443, #983, #2877, .T. ) ;
#2167 = DIRECTION ( 'NONE',  ( 0.000000000000000000, 0.000000000000000000, 1.000000000000000000 ) ) ;
#2168 = ORIENTED_EDGE ( 'NONE', *, *, #2088, .T. ) ;
#2169 = ORIENTED_EDGE ( 'NONE', *, *, #557, .T. ) ;
#2170 = PLANE ( 'NONE',  #209 ) ;
#2171 = CARTESIAN_POINT ( 'NONE',  ( 0.000000000000000000, 0.000000000000000000, 0.000000000000000000 ) ) ;
#2172 = LINE ( 'NONE', #1712, #2294 ) ;
#2173 = CARTESIAN_POINT ( 'NONE',  ( -49.99999999999998579, -25.00000000000000000, 54.00000000000000000 ) ) ;
#2174 = LINE ( 'NONE', #1020, #2750 ) ;
#2175 = EDGE_CURVE ( 'NONE', #2276, #2553, #2890, .T. ) ;
#2176 = FACE_OUTER_BOUND ( 'NONE', #2508, .T. ) ;
#2177 = ORIENTED_EDGE ( 'NONE', *, *, #1229, .F. ) ;
#2178 = DIRECTION ( 'NONE',  ( -0.000000000000000000, 1.000000000000000000, -0.000000000000000000 ) ) ;
#2179 = LINE ( 'NONE', #862, #368 ) ;
#2180 = EDGE_CURVE ( 'NONE', #1850, #67, #450, .T. ) ;
#2181 = VECTOR ( 'NONE', #2681, 1000.000000000000000 ) ;
#2182 = ORIENTED_EDGE ( 'NONE', *, *, #2851, .T. ) ;
#2183 = LINE ( 'NONE', #2210, #2035 ) ;
#2184 = VECTOR ( 'NONE', #476, 1000.000000000000000 ) ;
#2185 = DIRECTION ( 'NONE',  ( 0.000000000000000000, 0.000000000000000000, 1.000000000000000000 ) ) ;
#2186 = VECTOR ( 'NONE', #554, 1000.000000000000000 ) ;
#2187 = PLANE ( 'NONE',  #723 ) ;
#2188 = CARTESIAN_POINT ( 'NONE',  ( 53.12249899919922314, 22.50000000000000355, 49.00000000000000000 ) ) ;
#2189 = ORIENTED_EDGE ( 'NONE', *, *, #1590, .F. ) ;
#2190 = DIRECTION ( 'NONE',  ( 0.000000000000000000, 0.000000000000000000, 1.000000000000000000 ) ) ;
#2191 = ORIENTED_EDGE ( 'NONE', *, *, #60, .F. ) ;
#2192 = EDGE_LOOP ( 'NONE', ( #1911, #79, #2544, #1601 ) ) ;
#2193 = ADVANCED_FACE ( 'NONE', ( #2024 ), #2719, .F. ) ;
#2194 = CIRCLE ( 'NONE', #130, 2.500000000000002220 ) ;
#2195 = ORIENTED_EDGE ( 'NONE', *, *, #2547, .F. ) ;
#2196 = ADVANCED_FACE ( 'NONE', ( #914 ), #2486, .F. ) ;
#2197 = CARTESIAN_POINT ( 'NONE',  ( -49.99999999999998579, -25.00000000000000000, 49.00000000000000000 ) ) ;
#2198 = CALENDAR_DATE ( 2026, 10, 8 ) ;
#2199 = CARTESIAN_POINT ( 'NONE',  ( 53.12249899919922314, -27.49999999999999289, 54.00000000000000000 ) ) ;
#2200 = VECTOR ( 'NONE', #1938, 1000.000000000000000 ) ;
#2201 = CARTESIAN_POINT ( 'NONE',  ( 46.87750100080081239, -27.49999999999999289, 54.00000000000000000 ) ) ;
#2202 = CARTESIAN_POINT ( 'NONE',  ( 0.000000000000000000, 0.000000000000000000, 5.000000000000000000 ) ) ;
#2203 = ORIENTED_EDGE ( 'NONE', *, *, #190, .F. ) ;
#2204 = DIRECTION ( 'NONE',  ( -0.000000000000000000, 0.000000000000000000, 1.000000000000000000 ) ) ;
#2205 = AXIS2_PLACEMENT_3D ( 'NONE', #1603, #2778, #492 ) ;
#2206 = CARTESIAN_POINT ( 'NONE',  ( -69.99999999999998579, -27.49999999999999289, 54.00000000000000000 ) ) ;
#2207 = EDGE_CURVE ( 'NONE', #206, #1092, #691, .T. ) ;
#2208 = CARTESIAN_POINT ( 'NONE',  ( 70.00000000000001421, 22.50000000000000355, 5.000000000000000000 ) ) ;
#2209 = ORIENTED_EDGE ( 'NONE', *, *, #1703, .T. ) ;
#2210 = CARTESIAN_POINT ( 'NONE',  ( -75.00000000000000000, 27.50000000000000711, 54.00000000000000000 ) ) ;
#2211 = CARTESIAN_POINT ( 'NONE',  ( -75.00000000000000000, 22.50000000000000355, 54.00000000000000000 ) ) ;
#2212 = EDGE_CURVE ( 'NONE', #693, #1850, #872, .T. ) ;
#2213 = CARTESIAN_POINT ( 'NONE',  ( -69.99999999999998579, -27.49999999999999289, 54.00000000000000000 ) ) ;
#2214 = CARTESIAN_POINT ( 'NONE',  ( -6.195440985631465178E-16, 5.000000000000010658, 0.000000000000000000 ) ) ;
#2215 = ADVANCED_FACE ( 'NONE', ( #2664 ), #1548, .F. ) ;
#2216 = ORIENTED_EDGE ( 'NONE', *, *, #596, .T. ) ;
#2217 = CARTESIAN_POINT ( 'NONE',  ( 74.99999999999998579, -27.49999999999999289, 54.00000000000000000 ) ) ;
#2218 = LINE ( 'NONE', #1106, #935 ) ;
#2219 = VERTEX_POINT ( 'NONE', #1398 ) ;
#2220 = CARTESIAN_POINT ( 'NONE',  ( -69.99999999999998579, 22.50000000000000355, 54.00000000000000000 ) ) ;
#2221 = EDGE_CURVE ( 'NONE', #2327, #2898, #324, .T. ) ;
#2222 = DIRECTION ( 'NONE',  ( 0.000000000000000000, -1.000000000000000000, 0.000000000000000000 ) ) ;
#2223 = AXIS2_PLACEMENT_3D ( 'NONE', #2772, #298, #2033 ) ;
#2224 = CARTESIAN_POINT ( 'NONE',  ( 0.000000000000000000, 0.000000000000000000, 49.00000000000000000 ) ) ;
#2225 = EDGE_CURVE ( 'NONE', #58, #715, #70, .T. ) ;
#2226 = CARTESIAN_POINT ( 'NONE',  ( -69.99999999999998579, -5.000000000000005329, 54.00000000000000000 ) ) ;
#2227 = VECTOR ( 'NONE', #1325, 1000.000000000000000 ) ;
#2228 = ORIENTED_EDGE ( 'NONE', *, *, #451, .F. ) ;
#2229 = VECTOR ( 'NONE', #1848, 1000.000000000000000 ) ;
#2230 = EDGE_CURVE ( 'NONE', #154, #1608, #493, .T. ) ;
#2231 = CARTESIAN_POINT ( 'NONE',  ( 46.87750100080081239, -22.50000000000000711, 54.00000000000000000 ) ) ;
#2232 = DIRECTION ( 'NONE',  ( 1.000000000000000000, 0.000000000000000000, 0.000000000000000000 ) ) ;
#2233 = EDGE_CURVE ( 'NONE', #1969, #775, #306, .T. ) ;
#2234 = ORIENTED_EDGE ( 'NONE', *, *, #786, .T. ) ;
#2235 = CIRCLE ( 'NONE', #976, 4.000000000000003553 ) ;
#2236 = CARTESIAN_POINT ( 'NONE',  ( -75.00000000000001421, 5.000000000000011546, 5.000000000000000000 ) ) ;
#2237 = ORIENTED_EDGE ( 'NONE', *, *, #1205, .T. ) ;
#2238 = AXIS2_PLACEMENT_3D ( 'NONE', #913, #821, #1286 ) ;
#2239 = CARTESIAN_POINT ( 'NONE',  ( -75.00000000000001421, 10.00000000000000888, 5.000000000000000000 ) ) ;
#2240 = CARTESIAN_POINT ( 'NONE',  ( 0.000000000000000000, -22.50000000000000711, 5.000000000000000000 ) ) ;
#2241 = ORIENTED_EDGE ( 'NONE', *, *, #429, .F. ) ;
#2242 = DIRECTION ( 'NONE',  ( 0.000000000000000000, 0.000000000000000000, 1.000000000000000000 ) ) ;
#2243 = DIRECTION ( 'NONE',  ( 0.000000000000000000, 0.000000000000000000, 1.000000000000000000 ) ) ;
#2244 = EDGE_CURVE ( 'NONE', #2771, #2777, #274, .T. ) ;
#2245 = ORIENTED_EDGE ( 'NONE', *, *, #174, .F. ) ;
#2246 = ORIENTED_EDGE ( 'NONE', *, *, #639, .T. ) ;
#2247 = FACE_OUTER_BOUND ( 'NONE', #1144, .T. ) ;
#2248 = CARTESIAN_POINT ( 'NONE',  ( -49.99999999999998579, 25.00000000000000355, 49.00000000000000000 ) ) ;
#2249 = DIRECTION ( 'NONE',  ( 0.000000000000000000, -0.000000000000000000, 1.000000000000000000 ) ) ;
#2250 = DIRECTION ( 'NONE',  ( -0.000000000000000000, -1.000000000000000000, -0.000000000000000000 ) ) ;
#2251 = ORIENTED_EDGE ( 'NONE', *, *, #2417, .F. ) ;
#2252 = LINE ( 'NONE', #471, #2322 ) ;
#2253 = FACE_OUTER_BOUND ( 'NONE', #740, .T. ) ;
#2254 = ORIENTED_EDGE ( 'NONE', *, *, #1113, .F. ) ;
#2255 = DIRECTION ( 'NONE',  ( -0.000000000000000000, 0.000000000000000000, 1.000000000000000000 ) ) ;
#2256 = CARTESIAN_POINT ( 'NONE',  ( -24.99999999999999289, 22.50000000000000355, 54.00000000000000000 ) ) ;
#2257 = EDGE_CURVE ( 'NONE', #1576, #2327, #290, .T. ) ;
#2258 = LINE ( 'NONE', #900, #2058 ) ;
#2259 = ORIENTED_EDGE ( 'NONE', *, *, #2622, .F. ) ;
#2260 = ORIENTED_EDGE ( 'NONE', *, *, #2019, .F. ) ;
#2261 = EDGE_CURVE ( 'NONE', #2611, #1833, #2082, .T. ) ;
#2262 = VERTEX_POINT ( 'NONE', #1637 ) ;
#2263 = ORIENTED_EDGE ( 'NONE', *, *, #544, .F. ) ;
#2264 = CARTESIAN_POINT ( 'NONE',  ( 74.99999999999998579, 1.892425610156516658E-14, 0.000000000000000000 ) ) ;
#2265 = VECTOR ( 'NONE', #192, 1000.000000000000000 ) ;
#2266 = DIRECTION ( 'NONE',  ( -1.000000000000000000, 0.000000000000000000, 0.000000000000000000 ) ) ;
#2267 = CARTESIAN_POINT ( 'NONE',  ( 25.00000000000001066, 22.50000000000000355, 5.000000000000000000 ) ) ;
#2268 = VECTOR ( 'NONE', #1109, 1000.000000000000000 ) ;
#2269 = ORIENTED_EDGE ( 'NONE', *, *, #32, .F. ) ;
#2270 = ORIENTED_EDGE ( 'NONE', *, *, #1772, .F. ) ;
#2271 = LINE ( 'NONE', #87, #1697 ) ;
#2272 = DIRECTION ( 'NONE',  ( 6.938893903907251057E-16, 1.000000000000000000, 0.000000000000000000 ) ) ;
#2273 = VECTOR ( 'NONE', #2458, 1000.000000000000000 ) ;
#2274 = AXIS2_PLACEMENT_3D ( 'NONE', #2591, #2606, #1964 ) ;
#2275 = ORIENTED_EDGE ( 'NONE', *, *, #40, .F. ) ;
#2276 = VERTEX_POINT ( 'NONE', #975 ) ;
#2277 = DIRECTION ( 'NONE',  ( 1.000000000000000000, 0.000000000000000000, 0.000000000000000000 ) ) ;
#2278 = DIRECTION ( 'NONE',  ( 0.000000000000000000, 0.000000000000000000, 1.000000000000000000 ) ) ;
#2279 = ORIENTED_EDGE ( 'NONE', *, *, #1590, .T. ) ;
#2280 = EDGE_CURVE ( 'NONE', #2356, #437, #2054, .T. ) ;
#2281 = VERTEX_POINT ( 'NONE', #2793 ) ;
#2282 = DIRECTION ( 'NONE',  ( -0.000000000000000000, -0.000000000000000000, 1.000000000000000000 ) ) ;
#2283 = DIRECTION ( 'NONE',  ( 1.000000000000000000, 0.000000000000000000, 0.000000000000000000 ) ) ;
#2284 = LINE ( 'NONE', #1408, #47 ) ;
#2285 = EDGE_CURVE ( 'NONE', #2730, #1653, #2512, .T. ) ;
#2286 = ORIENTED_EDGE ( 'NONE', *, *, #777, .F. ) ;
#2287 = EDGE_LOOP ( 'NONE', ( #2228, #2733, #461, #1652 ) ) ;
#2288 = DIRECTION ( 'NONE',  ( 0.000000000000000000, 1.000000000000000000, 0.000000000000000000 ) ) ;
#2289 = CARTESIAN_POINT ( 'NONE',  ( 0.000000000000000000, -22.50000000000000711, 5.000000000000000000 ) ) ;
#2290 = VECTOR ( 'NONE', #2569, 1000.000000000000000 ) ;
#2291 = AXIS2_PLACEMENT_3D ( 'NONE', #1028, #2596, #2813 ) ;
#2292 = ORIENTED_EDGE ( 'NONE', *, *, #2770, .T. ) ;
#2293 = ORIENTED_EDGE ( 'NONE', *, *, #1940, .F. ) ;
#2294 = VECTOR ( 'NONE', #2387, 1000.000000000000000 ) ;
#2295 = ORIENTED_EDGE ( 'NONE', *, *, #607, .F. ) ;
#2296 = VERTEX_POINT ( 'NONE', #1872 ) ;
#2297 = FACE_OUTER_BOUND ( 'NONE', #2521, .T. ) ;
#2298 = CARTESIAN_POINT ( 'NONE',  ( -46.87750100080078397, 27.50000000000000711, 54.00000000000000000 ) ) ;
#2299 = LINE ( 'NONE', #2526, #1171 ) ;
#2300 = VERTEX_POINT ( 'NONE', #753 ) ;
#2301 = EDGE_LOOP ( 'NONE', ( #722, #173, #2716, #515 ) ) ;
#2302 = DIRECTION ( 'NONE',  ( 0.000000000000000000, 0.000000000000000000, 1.000000000000000000 ) ) ;
#2303 = CARTESIAN_POINT ( 'NONE',  ( -29.99999999999999289, 27.50000000000000711, 54.00000000000000000 ) ) ;
#2304 = EDGE_CURVE ( 'NONE', #853, #695, #509, .T. ) ;
#2305 = FACE_OUTER_BOUND ( 'NONE', #1542, .T. ) ;
#2306 = LINE ( 'NONE', #1133, #1488 ) ;
#2307 = LINE ( 'NONE', #327, #2290 ) ;
#2308 = LINE ( 'NONE', #92, #140 ) ;
#2309 = EDGE_LOOP ( 'NONE', ( #281, #1361, #734, #2396 ) ) ;
#2310 = ORIENTED_EDGE ( 'NONE', *, *, #654, .F. ) ;
#2311 = ORIENTED_EDGE ( 'NONE', *, *, #2815, .T. ) ;
#2312 = EDGE_LOOP ( 'NONE', ( #499, #2893, #2177, #634 ) ) ;
#2313 = APPROVAL_STATUS ( 'not_yet_approved' ) ;
#2314 = LINE ( 'NONE', #2739, #586 ) ;
#2315 = LINE ( 'NONE', #2773, #732 ) ;
#2316 = CARTESIAN_POINT ( 'NONE',  ( 74.99999999999997158, 22.50000000000000355, 54.00000000000000000 ) ) ;
#2317 = LINE ( 'NONE', #2267, #656 ) ;
#2318 = VERTEX_POINT ( 'NONE', #1853 ) ;
#2319 = ORIENTED_EDGE ( 'NONE', *, *, #702, .F. ) ;
#2320 = LINE ( 'NONE', #1449, #139 ) ;
#2321 = DIRECTION ( 'NONE',  ( 1.000000000000000000, 0.000000000000000000, 0.000000000000000000 ) ) ;
#2322 = VECTOR ( 'NONE', #517, 1000.000000000000000 ) ;
#2323 = EDGE_CURVE ( 'NONE', #46, #2828, #1204, .T. ) ;
#2324 = VECTOR ( 'NONE', #1520, 1000.000000000000000 ) ;
#2325 = CARTESIAN_POINT ( 'NONE',  ( -53.12249899919919471, 22.50000000000000355, 49.00000000000000000 ) ) ;
#2326 = AXIS2_PLACEMENT_3D ( 'NONE', #2202, #868, #1770 ) ;
#2327 = VERTEX_POINT ( 'NONE', #1842 ) ;
#2328 = ADVANCED_FACE ( 'NONE', ( #2732 ), #736, .F. ) ;
#2329 = VECTOR ( 'NONE', #230, 1000.000000000000000 ) ;
#2330 = DIRECTION ( 'NONE',  ( 0.000000000000000000, 0.000000000000000000, 1.000000000000000000 ) ) ;
#2331 = ORIENTED_EDGE ( 'NONE', *, *, #1320, .F. ) ;
#2332 = VERTEX_POINT ( 'NONE', #259 ) ;
#2333 = CALENDAR_DATE ( 2026, 10, 8 ) ;
#2334 = CARTESIAN_POINT ( 'NONE',  ( 70.00000000000001421, 2.499999999999994227, 49.00000000000000000 ) ) ;
#2335 = DIRECTION ( 'NONE',  ( 1.000000000000000000, 0.000000000000000000, 0.000000000000000000 ) ) ;
#2336 = PLANE ( 'NONE',  #742 ) ;
#2337 = AXIS2_PLACEMENT_3D ( 'NONE', #2357, #148, #381 ) ;
#2338 = EDGE_LOOP ( 'NONE', ( #1114, #474, #2195, #1640 ) ) ;
#2339 = ORIENTED_EDGE ( 'NONE', *, *, #1807, .T. ) ;
#2340 = CARTESIAN_POINT ( 'NONE',  ( 0.000000000000000000, 27.50000000000000711, 5.000000000000000000 ) ) ;
#2341 = LINE ( 'NONE', #752, #577 ) ;
#2342 = DIRECTION ( 'NONE',  ( 0.000000000000000000, 1.000000000000000000, 0.000000000000000000 ) ) ;
#2343 = ADVANCED_FACE ( 'NONE', ( #2099 ), #1156, .T. ) ;
#2344 = DIRECTION ( 'NONE',  ( -0.000000000000000000, 0.000000000000000000, 1.000000000000000000 ) ) ;
#2345 = DIRECTION ( 'NONE',  ( 0.000000000000000000, 0.000000000000000000, 1.000000000000000000 ) ) ;
#2346 = FACE_OUTER_BOUND ( 'NONE', #1413, .T. ) ;
#2347 = EDGE_CURVE ( 'NONE', #1364, #1453, #2546, .T. ) ;
#2348 = CARTESIAN_POINT ( 'NONE',  ( 0.000000000000000000, 0.000000000000000000, 49.00000000000000000 ) ) ;
#2349 = DIRECTION ( 'NONE',  ( 1.000000000000000000, 0.000000000000000000, 0.000000000000000000 ) ) ;
#2350 = ORIENTED_EDGE ( 'NONE', *, *, #460, .T. ) ;
#2351 = ADVANCED_FACE ( 'NONE', ( #2779 ), #767, .F. ) ;
#2352 = ORIENTED_EDGE ( 'NONE', *, *, #2365, .T. ) ;
#2353 = DIRECTION ( 'NONE',  ( 0.000000000000000000, -0.000000000000000000, 1.000000000000000000 ) ) ;
#2354 = LINE ( 'NONE', #334, #1342 ) ;
#2355 = CARTESIAN_POINT ( 'NONE',  ( -29.99999999999999289, -27.49999999999999645, 54.00000000000000000 ) ) ;
#2356 = VERTEX_POINT ( 'NONE', #2563 ) ;
#2357 = CARTESIAN_POINT ( 'NONE',  ( 50.00000000000001421, 25.00000000000000355, 49.00000000000000000 ) ) ;
#2358 = DIRECTION ( 'NONE',  ( 0.000000000000000000, 0.000000000000000000, -1.000000000000000000 ) ) ;
#2359 = CARTESIAN_POINT ( 'NONE',  ( -29.99999999999999289, -27.49999999999999645, 49.00000000000000000 ) ) ;
#2360 = DIRECTION ( 'NONE',  ( -0.000000000000000000, -0.000000000000000000, -1.000000000000000000 ) ) ;
#2361 = DIRECTION ( 'NONE',  ( 1.000000000000000000, 0.000000000000000000, 0.000000000000000000 ) ) ;
#2362 = DIRECTION ( 'NONE',  ( 1.000000000000000000, 0.000000000000000000, 0.000000000000000000 ) ) ;
#2363 = ORIENTED_EDGE ( 'NONE', *, *, #671, .T. ) ;
#2364 = EDGE_LOOP ( 'NONE', ( #1615, #2839, #2628, #954 ) ) ;
#2365 = EDGE_CURVE ( 'NONE', #2841, #2730, #2115, .T. ) ;
#2366 = FACE_BOUND ( 'NONE', #903, .T. ) ;
#2367 = CARTESIAN_POINT ( 'NONE',  ( -69.99999999999998579, -22.50000000000000711, 5.000000000000000000 ) ) ;
#2368 = FACE_OUTER_BOUND ( 'NONE', #703, .T. ) ;
#2369 = EDGE_CURVE ( 'NONE', #1660, #869, #2125, .T. ) ;
#2370 = PLANE ( 'NONE',  #2077 ) ;
#2371 = LINE ( 'NONE', #1234, #74 ) ;
#2372 = DIRECTION ( 'NONE',  ( 0.000000000000000000, -1.000000000000000000, 0.000000000000000000 ) ) ;
#2373 = ORIENTED_EDGE ( 'NONE', *, *, #858, .F. ) ;
#2374 = CARTESIAN_POINT ( 'NONE',  ( 50.00000000000001421, -25.00000000000000000, 49.00000000000000000 ) ) ;
#2375 = DIRECTION ( 'NONE',  ( -0.000000000000000000, -0.000000000000000000, -1.000000000000000000 ) ) ;
#2376 = DIRECTION ( 'NONE',  ( -0.000000000000000000, -0.000000000000000000, -1.000000000000000000 ) ) ;
#2377 = ORIENTED_EDGE ( 'NONE', *, *, #1119, .F. ) ;
#2378 = VECTOR ( 'NONE', #427, 1000.000000000000000 ) ;
#2379 = AXIS2_PLACEMENT_3D ( 'NONE', #1702, #898, #884 ) ;
#2380 = LINE ( 'NONE', #2845, #1309 ) ;
#2381 = EDGE_CURVE ( 'NONE', #551, #2495, #1340, .T. ) ;
#2382 = VERTEX_POINT ( 'NONE', #149 ) ;
#2383 = ORIENTED_EDGE ( 'NONE', *, *, #2613, .T. ) ;
#2384 = CIRCLE ( 'NONE', #1297, 4.000000000000003553 ) ;
#2385 = CARTESIAN_POINT ( 'NONE',  ( -75.00000000000000000, 0.000000000000000000, 49.00000000000000000 ) ) ;
#2386 = DIRECTION ( 'NONE',  ( -0.000000000000000000, -0.000000000000000000, -1.000000000000000000 ) ) ;
#2387 = DIRECTION ( 'NONE',  ( -0.000000000000000000, -0.000000000000000000, -1.000000000000000000 ) ) ;
#2388 = EDGE_CURVE ( 'NONE', #2543, #1402, #2838, .T. ) ;
#2389 = CARTESIAN_POINT ( 'NONE',  ( 30.00000000000001421, 22.50000000000000355, 49.00000000000000000 ) ) ;
#2390 = PLANE ( 'NONE',  #2472 ) ;
#2391 = DIRECTION ( 'NONE',  ( 0.000000000000000000, -1.000000000000000000, 0.000000000000000000 ) ) ;
#2392 = LINE ( 'NONE', #1465, #191 ) ;
#2393 = ORIENTED_EDGE ( 'NONE', *, *, #692, .T. ) ;
#2394 = CARTESIAN_POINT ( 'NONE',  ( -29.99999999999999289, 22.50000000000000355, 49.00000000000000000 ) ) ;
#2395 = CARTESIAN_POINT ( 'NONE',  ( 46.87750100080081239, 22.50000000000000355, 49.00000000000000000 ) ) ;
#2396 = ORIENTED_EDGE ( 'NONE', *, *, #2858, .F. ) ;
#2397 = VECTOR ( 'NONE', #1259, 1000.000000000000000 ) ;
#2398 = CARTESIAN_POINT ( 'NONE',  ( -47.49999999999998579, -25.00000000000000000, 49.00000000000000000 ) ) ;
#2399 = DIRECTION ( 'NONE',  ( -0.000000000000000000, 0.000000000000000000, 1.000000000000000000 ) ) ;
#2400 = ORIENTED_EDGE ( 'NONE', *, *, #2498, .F. ) ;
#2401 = CARTESIAN_POINT ( 'NONE',  ( -69.99999999999998579, 22.50000000000000355, 54.00000000000000000 ) ) ;
#2402 = CARTESIAN_POINT ( 'NONE',  ( 53.12249899919922314, -22.50000000000000711, 49.00000000000000000 ) ) ;
#2403 = CARTESIAN_POINT ( 'NONE',  ( -52.49999999999999289, -25.00000000000000000, 54.00000000000000000 ) ) ;
#2404 = CARTESIAN_POINT ( 'NONE',  ( -75.00000000000001421, -5.000000000000006217, 54.00000000000000000 ) ) ;
#2405 = CARTESIAN_POINT ( 'NONE',  ( -75.00000000000001421, -5.000000000000006217, 54.00000000000000000 ) ) ;
#2406 = ORIENTED_EDGE ( 'NONE', *, *, #1541, .T. ) ;
#2407 = EDGE_CURVE ( 'NONE', #2118, #250, #1266, .T. ) ;
#2408 = CARTESIAN_POINT ( 'NONE',  ( 50.00000000000001421, 25.00000000000000355, 54.00000000000000000 ) ) ;
#2409 = ORIENTED_EDGE ( 'NONE', *, *, #2145, .T. ) ;
#2410 = LINE ( 'NONE', #1285, #1262 ) ;
#2411 = VERTEX_POINT ( 'NONE', #114 ) ;
#2412 = LINE ( 'NONE', #2424, #1140 ) ;
#2413 = FACE_OUTER_BOUND ( 'NONE', #966, .T. ) ;
#2414 = DIRECTION ( 'NONE',  ( 1.000000000000000000, 0.000000000000000000, 0.000000000000000000 ) ) ;
#2415 = DIRECTION ( 'NONE',  ( 2.523234146875355998E-16, -1.000000000000000000, 0.000000000000000000 ) ) ;
#2416 = CARTESIAN_POINT ( 'NONE',  ( 52.50000000000002132, -24.99999999999999645, 54.00000000000000000 ) ) ;
#2417 = EDGE_CURVE ( 'NONE', #2276, #2771, #2384, .T. ) ;
#2418 = ORIENTED_EDGE ( 'NONE', *, *, #2613, .F. ) ;
#2419 = LINE ( 'NONE', #398, #2397 ) ;
#2420 = DIRECTION ( 'NONE',  ( 1.000000000000000000, 0.000000000000000000, 0.000000000000000000 ) ) ;
#2421 = AXIS2_PLACEMENT_3D ( 'NONE', #199, #1097, #1515 ) ;
#2422 = EDGE_CURVE ( 'NONE', #206, #775, #2000, .T. ) ;
#2423 = ORIENTED_EDGE ( 'NONE', *, *, #2407, .T. ) ;
#2424 = CARTESIAN_POINT ( 'NONE',  ( 0.000000000000000000, -5.000000000000005329, 0.000000000000000000 ) ) ;
#2425 = VERTEX_POINT ( 'NONE', #2646 ) ;
#2426 = APPROVAL_ROLE ( '' ) ;
#2427 = DIRECTION ( 'NONE',  ( -1.000000000000000000, 0.000000000000000000, 0.000000000000000000 ) ) ;
#2428 = VECTOR ( 'NONE', #1078, 1000.000000000000000 ) ;
#2429 = DIRECTION ( 'NONE',  ( 2.523234146875355998E-16, 1.000000000000000000, 0.000000000000000000 ) ) ;
#2430 = DIRECTION ( 'NONE',  ( -2.523234146875355998E-16, 1.000000000000000000, 0.000000000000000000 ) ) ;
#2431 = ORIENTED_EDGE ( 'NONE', *, *, #343, .F. ) ;
#2432 = DIRECTION ( 'NONE',  ( -0.000000000000000000, 0.000000000000000000, 1.000000000000000000 ) ) ;
#2433 = ORIENTED_EDGE ( 'NONE', *, *, #200, .F. ) ;
#2434 = LINE ( 'NONE', #414, #606 ) ;
#2435 = ORIENTED_EDGE ( 'NONE', *, *, #1621, .F. ) ;
#2436 = CARTESIAN_POINT ( 'NONE',  ( -75.00000000000001421, 10.00000000000000888, 54.00000000000000000 ) ) ;
#2437 = EDGE_CURVE ( 'NONE', #1174, #1402, #1932, .T. ) ;
#2438 = FACE_OUTER_BOUND ( 'NONE', #2012, .T. ) ;
#2439 = CIRCLE ( 'NONE', #1159, 4.000000000000003553 ) ;
#2440 = DIRECTION ( 'NONE',  ( 0.000000000000000000, 0.000000000000000000, 1.000000000000000000 ) ) ;
#2441 = CARTESIAN_POINT ( 'NONE',  ( -3.097720492815708923E-16, 2.499999999999985789, 54.00000000000000000 ) ) ;
#2442 = FACE_OUTER_BOUND ( 'NONE', #166, .T. ) ;
#2443 = VERTEX_POINT ( 'NONE', #2161 ) ;
#2444 = CARTESIAN_POINT ( 'NONE',  ( -29.99999999999999289, 22.50000000000000355, 54.00000000000000000 ) ) ;
#2445 = VECTOR ( 'NONE', #749, 1000.000000000000000 ) ;
#2446 = VECTOR ( 'NONE', #2375, 1000.000000000000000 ) ;
#2447 = VERTEX_POINT ( 'NONE', #2624 ) ;
#2448 = EDGE_CURVE ( 'NONE', #158, #2327, #1491, .T. ) ;
#2449 = ORIENTED_EDGE ( 'NONE', *, *, #1041, .T. ) ;
#2450 = FACE_OUTER_BOUND ( 'NONE', #2871, .T. ) ;
#2451 = CARTESIAN_POINT ( 'NONE',  ( 0.000000000000000000, 22.50000000000000355, 5.000000000000000000 ) ) ;
#2452 = DIRECTION ( 'NONE',  ( -0.000000000000000000, -0.000000000000000000, 1.000000000000000000 ) ) ;
#2453 = EDGE_CURVE ( 'NONE', #1274, #1364, #1730, .T. ) ;
#2454 = DIRECTION ( 'NONE',  ( -0.000000000000000000, -0.000000000000000000, -1.000000000000000000 ) ) ;
#2455 = DIRECTION ( 'NONE',  ( 0.000000000000000000, -1.000000000000000000, 0.000000000000000000 ) ) ;
#2456 = EDGE_CURVE ( 'NONE', #2332, #1324, #366, .T. ) ;
#2457 = ORIENTED_EDGE ( 'NONE', *, *, #1091, .F. ) ;
#2458 = DIRECTION ( 'NONE',  ( -0.000000000000000000, -0.000000000000000000, -1.000000000000000000 ) ) ;
#2459 = VECTOR ( 'NONE', #553, 1000.000000000000000 ) ;
#2460 = ORIENTED_EDGE ( 'NONE', *, *, #2847, .F. ) ;
#2461 = DIRECTION ( 'NONE',  ( 1.000000000000000000, 0.000000000000000000, 0.000000000000000000 ) ) ;
#2462 = CARTESIAN_POINT ( 'NONE',  ( 74.99999999999997158, 27.50000000000000711, 54.00000000000000000 ) ) ;
#2463 = ADVANCED_FACE ( 'NONE', ( #1281 ), #2390, .F. ) ;
#2464 = CARTESIAN_POINT ( 'NONE',  ( -52.49999999999999289, -25.00000000000000000, 49.00000000000000000 ) ) ;
#2465 = ORIENTED_EDGE ( 'NONE', *, *, #744, .T. ) ;
#2466 = VECTOR ( 'NONE', #1212, 1000.000000000000000 ) ;
#2467 = DIRECTION ( 'NONE',  ( 1.000000000000000000, 0.000000000000000000, 0.000000000000000000 ) ) ;
#2468 = CARTESIAN_POINT ( 'NONE',  ( -3.097720492815708923E-16, 2.499999999999985789, 49.00000000000000000 ) ) ;
#2469 = EDGE_CURVE ( 'NONE', #1840, #210, #2371, .T. ) ;
#2470 = AXIS2_PLACEMENT_3D ( 'NONE', #2840, #1253, #859 ) ;
#2471 = ORIENTED_EDGE ( 'NONE', *, *, #2858, .T. ) ;
#2472 = AXIS2_PLACEMENT_3D ( 'NONE', #382, #799, #2358 ) ;
#2473 = DIRECTION ( 'NONE',  ( -0.000000000000000000, -0.000000000000000000, -1.000000000000000000 ) ) ;
#2474 = EDGE_CURVE ( 'NONE', #1526, #2898, #2174, .T. ) ;
#2475 = ORIENTED_EDGE ( 'NONE', *, *, #2280, .T. ) ;
#2476 = VECTOR ( 'NONE', #2121, 1000.000000000000000 ) ;
#2477 = ORIENTED_EDGE ( 'NONE', *, *, #2381, .F. ) ;
#2478 = EDGE_LOOP ( 'NONE', ( #2685, #1877 ) ) ;
#2479 = DIRECTION ( 'NONE',  ( 1.000000000000000000, 0.000000000000000000, 0.000000000000000000 ) ) ;
#2480 = ORIENTED_EDGE ( 'NONE', *, *, #2598, .F. ) ;
#2481 = ORIENTED_EDGE ( 'NONE', *, *, #1573, .F. ) ;
#2482 = EDGE_CURVE ( 'NONE', #2327, #279, #2853, .T. ) ;
#2483 = DIRECTION ( 'NONE',  ( -0.000000000000000000, 1.000000000000000000, -0.000000000000000000 ) ) ;
#2484 = LINE ( 'NONE', #2226, #169 ) ;
#2485 = ORIENTED_EDGE ( 'NONE', *, *, #2365, .F. ) ;
#2486 = PLANE ( 'NONE',  #21 ) ;
#2487 = ORIENTED_EDGE ( 'NONE', *, *, #2866, .F. ) ;
#2488 = ORIENTED_EDGE ( 'NONE', *, *, #1621, .T. ) ;
#2489 = CARTESIAN_POINT ( 'NONE',  ( 50.00000000000001421, 25.00000000000000355, 49.00000000000000000 ) ) ;
#2490 = DIRECTION ( 'NONE',  ( 0.000000000000000000, 1.000000000000000000, 0.000000000000000000 ) ) ;
#2491 = VERTEX_POINT ( 'NONE', #350 ) ;
#2492 = CARTESIAN_POINT ( 'NONE',  ( -69.99999999999998579, -10.00000000000000533, 5.000000000000000000 ) ) ;
#2493 = CARTESIAN_POINT ( 'NONE',  ( -0.000000000000000000, 27.50000000000000711, 49.00000000000000000 ) ) ;
#2494 = VERTEX_POINT ( 'NONE', #2634 ) ;
#2495 = VERTEX_POINT ( 'NONE', #619 ) ;
#2496 = CARTESIAN_POINT ( 'NONE',  ( 74.99999999999997158, 22.50000000000000355, 5.000000000000000000 ) ) ;
#2497 = CARTESIAN_POINT ( 'NONE',  ( -75.00000000000002842, -22.50000000000000711, 54.00000000000000000 ) ) ;
#2498 = EDGE_CURVE ( 'NONE', #1065, #67, #1519, .T. ) ;
#2499 = EDGE_LOOP ( 'NONE', ( #1981, #2216, #426, #52 ) ) ;
#2500 = ORIENTED_EDGE ( 'NONE', *, *, #2244, .T. ) ;
#2501 = EDGE_CURVE ( 'NONE', #194, #2281, #393, .T. ) ;
#2502 = ORIENTED_EDGE ( 'NONE', *, *, #1240, .T. ) ;
#2503 = DIRECTION ( 'NONE',  ( -6.938893903907251057E-16, 1.000000000000000000, 0.000000000000000000 ) ) ;
#2504 = DIRECTION ( 'NONE',  ( 0.000000000000000000, 0.000000000000000000, 1.000000000000000000 ) ) ;
#2505 = DIRECTION ( 'NONE',  ( -0.000000000000000000, -1.000000000000000000, -0.000000000000000000 ) ) ;
#2506 = AXIS2_PLACEMENT_3D ( 'NONE', #844, #1713, #618 ) ;
#2507 = VECTOR ( 'NONE', #408, 1000.000000000000000 ) ;
#2508 = EDGE_LOOP ( 'NONE', ( #2152, #1376, #2169, #1812 ) ) ;
#2509 = EDGE_LOOP ( 'NONE', ( #1421, #1029, #2481, #412, #1030, #1215, #640, #1750, #1858, #721, #1055, #1422 ) ) ;
#2510 = DIRECTION ( 'NONE',  ( 0.000000000000000000, 1.000000000000000000, 0.000000000000000000 ) ) ;
#2511 = CARTESIAN_POINT ( 'NONE',  ( 74.99999999999997158, 27.50000000000000711, 5.000000000000000000 ) ) ;
#2512 = LINE ( 'NONE', #2579, #252 ) ;
#2513 = VECTOR ( 'NONE', #2580, 1000.000000000000000 ) ;
#2514 = CARTESIAN_POINT ( 'NONE',  ( 0.000000000000000000, -27.49999999999999289, 5.000000000000000000 ) ) ;
#2515 = EDGE_CURVE ( 'NONE', #1092, #36, #179, .T. ) ;
#2516 = LOCAL_TIME ( 13, 12, 10.00000000000000000, #1972 ) ;
#2517 = ORIENTED_EDGE ( 'NONE', *, *, #2448, .F. ) ;
#2518 = EDGE_LOOP ( 'NONE', ( #963, #733, #1096, #77 ) ) ;
#2519 = EDGE_CURVE ( 'NONE', #491, #1864, #1714, .T. ) ;
#2520 = VECTOR ( 'NONE', #276, 1000.000000000000000 ) ;
#2521 = EDGE_LOOP ( 'NONE', ( #672, #1498, #1955, #2165 ) ) ;
#2522 = EDGE_CURVE ( 'NONE', #2599, #695, #2010, .T. ) ;
#2523 = LINE ( 'NONE', #2758, #396 ) ;
#2524 = LINE ( 'NONE', #1866, #971 ) ;
#2525 = VECTOR ( 'NONE', #1417, 1000.000000000000000 ) ;
#2526 = CARTESIAN_POINT ( 'NONE',  ( -69.99999999999998579, 22.50000000000000355, 49.00000000000000000 ) ) ;
#2527 = ORIENTED_EDGE ( 'NONE', *, *, #1914, .T. ) ;
#2528 = ORIENTED_EDGE ( 'NONE', *, *, #2323, .T. ) ;
#2529 = DIRECTION ( 'NONE',  ( -0.000000000000000000, 0.000000000000000000, -1.000000000000000000 ) ) ;
#2530 = DIRECTION ( 'NONE',  ( 0.000000000000000000, 0.000000000000000000, -1.000000000000000000 ) ) ;
#2531 = VECTOR ( 'NONE', #1568, 1000.000000000000000 ) ;
#2532 = LINE ( 'NONE', #57, #754 ) ;
#2533 = APPROVAL ( #1529, 'UNSPECIFIED' ) ;
#2534 = ORIENTED_EDGE ( 'NONE', *, *, #2594, .F. ) ;
#2535 = ORIENTED_EDGE ( 'NONE', *, *, #1517, .T. ) ;
#2536 = AXIS2_PLACEMENT_3D ( 'NONE', #347, #1961, #1047 ) ;
#2537 = EDGE_LOOP ( 'NONE', ( #1455, #457, #296, #490 ) ) ;
#2538 = DIRECTION ( 'NONE',  ( 1.000000000000000000, 0.000000000000000000, 0.000000000000000000 ) ) ;
#2539 = CARTESIAN_POINT ( 'NONE',  ( 30.00000000000001421, 22.50000000000000355, 54.00000000000000000 ) ) ;
#2540 = FACE_OUTER_BOUND ( 'NONE', #2079, .T. ) ;
#2541 = VECTOR ( 'NONE', #320, 1000.000000000000000 ) ;
#2542 = ADVANCED_FACE ( 'NONE', ( #1346 ), #2660, .T. ) ;
#2543 = VERTEX_POINT ( 'NONE', #659 ) ;
#2544 = ORIENTED_EDGE ( 'NONE', *, *, #1472, .T. ) ;
#2545 = CARTESIAN_POINT ( 'NONE',  ( 46.87750100080081239, -27.49999999999999289, 49.00000000000000000 ) ) ;
#2546 = LINE ( 'NONE', #992, #638 ) ;
#2547 = EDGE_CURVE ( 'NONE', #2777, #2300, #308, .T. ) ;
#2548 = DIRECTION ( 'NONE',  ( -0.000000000000000000, 0.000000000000000000, 1.000000000000000000 ) ) ;
#2549 = LINE ( 'NONE', #679, #2087 ) ;
#2550 = PLANE ( 'NONE',  #1874 ) ;
#2551 = FACE_OUTER_BOUND ( 'NONE', #1839, .T. ) ;
#2552 = VERTEX_POINT ( 'NONE', #1111 ) ;
#2553 = VERTEX_POINT ( 'NONE', #1545 ) ;
#2554 = VERTEX_POINT ( 'NONE', #2900 ) ;
#2555 = DIRECTION ( 'NONE',  ( -0.000000000000000000, -0.000000000000000000, -1.000000000000000000 ) ) ;
#2556 = ADVANCED_FACE ( 'NONE', ( #2253 ), #1561, .T. ) ;
#2557 = FACE_OUTER_BOUND ( 'NONE', #1132, .T. ) ;
#2558 = FACE_OUTER_BOUND ( 'NONE', #2042, .T. ) ;
#2559 = ORIENTED_EDGE ( 'NONE', *, *, #1689, .F. ) ;
#2560 = ORIENTED_EDGE ( 'NONE', *, *, #1606, .T. ) ;
#2561 = CARTESIAN_POINT ( 'NONE',  ( -24.99999999999999289, 27.50000000000000711, 5.000000000000000000 ) ) ;
#2562 = EDGE_CURVE ( 'NONE', #250, #1094, #1823, .T. ) ;
#2563 = CARTESIAN_POINT ( 'NONE',  ( -69.99999999999998579, -2.500000000000014211, 49.00000000000000000 ) ) ;
#2564 = AXIS2_PLACEMENT_3D ( 'NONE', #2401, #1678, #1694 ) ;
#2565 = CARTESIAN_POINT ( 'NONE',  ( 0.000000000000000000, -22.50000000000000711, 0.000000000000000000 ) ) ;
#2566 = VECTOR ( 'NONE', #2479, 1000.000000000000000 ) ;
#2567 = ADVANCED_FACE ( 'NONE', ( #459 ), #421, .F. ) ;
#2568 = DIRECTION ( 'NONE',  ( -0.000000000000000000, -0.000000000000000000, 1.000000000000000000 ) ) ;
#2569 = DIRECTION ( 'NONE',  ( 0.000000000000000000, 0.000000000000000000, 1.000000000000000000 ) ) ;
#2570 = VECTOR ( 'NONE', #1755, 1000.000000000000000 ) ;
#2571 = EDGE_LOOP ( 'NONE', ( #2485, #1178, #764, #1013 ) ) ;
#2572 =( GEOMETRIC_REPRESENTATION_CONTEXT ( 3 ) GLOBAL_UNCERTAINTY_ASSIGNED_CONTEXT ( ( #2103 ) ) GLOBAL_UNIT_ASSIGNED_CONTEXT ( ( #615, #2630, #1928 ) ) REPRESENTATION_CONTEXT ( 'NONE', 'WORKASPACE' ) );
#2573 = ORIENTED_EDGE ( 'NONE', *, *, #1328, .F. ) ;
#2574 = DIRECTION ( 'NONE',  ( -0.000000000000000000, 0.000000000000000000, -1.000000000000000000 ) ) ;
#2575 = DIRECTION ( 'NONE',  ( -0.000000000000000000, -0.000000000000000000, -1.000000000000000000 ) ) ;
#2576 = APPROVAL ( #546, 'UNSPECIFIED' ) ;
#2577 = ORIENTED_EDGE ( 'NONE', *, *, #2892, .T. ) ;
#2578 = FACE_OUTER_BOUND ( 'NONE', #2338, .T. ) ;
#2579 = CARTESIAN_POINT ( 'NONE',  ( 25.00000000000001066, 22.50000000000000355, 54.00000000000000000 ) ) ;
#2580 = DIRECTION ( 'NONE',  ( -0.000000000000000000, -0.000000000000000000, -1.000000000000000000 ) ) ;
#2581 = AXIS2_PLACEMENT_3D ( 'NONE', #2451, #2490, #2249 ) ;
#2582 = CARTESIAN_POINT ( 'NONE',  ( 53.12249899919922314, -22.50000000000000711, 54.00000000000000000 ) ) ;
#2583 = ADVANCED_FACE ( 'NONE', ( #2875 ), #1322, .T. ) ;
#2584 = ORIENTED_EDGE ( 'NONE', *, *, #2180, .T. ) ;
#2585 = EDGE_LOOP ( 'NONE', ( #1084, #962 ) ) ;
#2586 = AXIS2_PLACEMENT_3D ( 'NONE', #1377, #943, #1169 ) ;
#2587 = PLANE ( 'NONE',  #674 ) ;
#2588 = AXIS2_PLACEMENT_3D ( 'NONE', #1394, #1896, #2078 ) ;
#2589 = DIRECTION ( 'NONE',  ( -1.000000000000000000, 0.000000000000000000, 0.000000000000000000 ) ) ;
#2590 = DIRECTION ( 'NONE',  ( -2.523234146875355998E-16, -1.000000000000000000, 0.000000000000000000 ) ) ;
#2591 = CARTESIAN_POINT ( 'NONE',  ( -49.99999999999998579, 25.00000000000000355, 54.00000000000000000 ) ) ;
#2592 = CARTESIAN_POINT ( 'NONE',  ( -69.99999999999998579, 10.00000000000000888, 5.000000000000000000 ) ) ;
#2593 = FACE_OUTER_BOUND ( 'NONE', #1565, .T. ) ;
#2594 = EDGE_CURVE ( 'NONE', #1634, #1023, #23, .T. ) ;
#2595 = DIRECTION ( 'NONE',  ( 1.000000000000000000, 0.000000000000000000, 0.000000000000000000 ) ) ;
#2596 = DIRECTION ( 'NONE',  ( 0.000000000000000000, 0.000000000000000000, 1.000000000000000000 ) ) ;
#2597 = ORIENTED_EDGE ( 'NONE', *, *, #2285, .T. ) ;
#2598 = EDGE_CURVE ( 'NONE', #248, #1692, #2697, .T. ) ;
#2599 = VERTEX_POINT ( 'NONE', #2684 ) ;
#2600 = ORIENTED_EDGE ( 'NONE', *, *, #2347, .T. ) ;
#2601 = CARTESIAN_POINT ( 'NONE',  ( 52.50000000000002132, 25.00000000000000355, 49.00000000000000000 ) ) ;
#2602 = DIRECTION ( 'NONE',  ( 1.000000000000000000, 0.000000000000000000, -0.000000000000000000 ) ) ;
#2603 = EDGE_CURVE ( 'NONE', #790, #1764, #1587, .T. ) ;
#2604 = DIRECTION ( 'NONE',  ( -0.000000000000000000, 1.000000000000000000, -0.000000000000000000 ) ) ;
#2605 = LINE ( 'NONE', #829, #2459 ) ;
#2606 = DIRECTION ( 'NONE',  ( -0.000000000000000000, 0.000000000000000000, 1.000000000000000000 ) ) ;
#2607 = DIRECTION ( 'NONE',  ( 1.000000000000000000, -0.000000000000000000, -0.000000000000000000 ) ) ;
#2608 = VERTEX_POINT ( 'NONE', #1572 ) ;
#2609 = DIRECTION ( 'NONE',  ( -0.000000000000000000, -0.000000000000000000, 1.000000000000000000 ) ) ;
#2610 = PLANE ( 'NONE',  #832 ) ;
#2611 = VERTEX_POINT ( 'NONE', #881 ) ;
#2612 = VECTOR ( 'NONE', #2787, 1000.000000000000000 ) ;
#2613 = EDGE_CURVE ( 'NONE', #2554, #790, #431, .T. ) ;
#2614 = FACE_OUTER_BOUND ( 'NONE', #294, .T. ) ;
#2615 = ORIENTED_EDGE ( 'NONE', *, *, #238, .T. ) ;
#2616 = ORIENTED_EDGE ( 'NONE', *, *, #1363, .F. ) ;
#2617 = AXIS2_PLACEMENT_3D ( 'NONE', #82, #1895, #2111 ) ;
#2618 = APPROVAL_ROLE ( '' ) ;
#2619 = LINE ( 'NONE', #2120, #1855 ) ;
#2620 = APPLICATION_PROTOCOL_DEFINITION ( 'international standard', 'config_control_design', 1994, #61 ) ;
#2621 = LINE ( 'NONE', #841, #657 ) ;
#2622 = EDGE_CURVE ( 'NONE', #1153, #2447, #2484, .T. ) ;
#2623 = CARTESIAN_POINT ( 'NONE',  ( 70.00000000000001421, -22.50000000000000711, 5.000000000000000000 ) ) ;
#2624 = CARTESIAN_POINT ( 'NONE',  ( -69.99999999999998579, -5.000000000000005329, 5.000000000000000000 ) ) ;
#2625 = DIRECTION ( 'NONE',  ( 0.000000000000000000, 1.000000000000000000, 0.000000000000000000 ) ) ;
#2626 = ORIENTED_EDGE ( 'NONE', *, *, #1779, .T. ) ;
#2627 = AXIS2_PLACEMENT_3D ( 'NONE', #1991, #2640, #724 ) ;
#2628 = ORIENTED_EDGE ( 'NONE', *, *, #2381, .T. ) ;
#2629 = DIRECTION ( 'NONE',  ( -1.000000000000000000, 1.734723475976800685E-16, 0.000000000000000000 ) ) ;
#2630 =( NAMED_UNIT ( * ) PLANE_ANGLE_UNIT ( ) SI_UNIT ( $, .RADIAN. ) );
#2631 = DIRECTION ( 'NONE',  ( -1.000000000000000000, 0.000000000000000000, 0.000000000000000000 ) ) ;
#2632 = VECTOR ( 'NONE', #1, 1000.000000000000000 ) ;
#2633 = DIRECTION ( 'NONE',  ( 1.000000000000000000, 0.000000000000000000, 0.000000000000000000 ) ) ;
#2634 = CARTESIAN_POINT ( 'NONE',  ( -69.99999999999998579, 10.00000000000000888, 0.000000000000000000 ) ) ;
#2635 = ADVANCED_FACE ( 'NONE', ( #2022, #2714 ), #1360, .T. ) ;
#2636 = DIRECTION ( 'NONE',  ( 1.000000000000000000, 0.000000000000000000, 0.000000000000000000 ) ) ;
#2637 = ADVANCED_FACE ( 'NONE', ( #217 ), #409, .F. ) ;
#2638 = ORIENTED_EDGE ( 'NONE', *, *, #668, .T. ) ;
#2639 = CARTESIAN_POINT ( 'NONE',  ( 0.000000000000000000, 27.50000000000000711, 5.000000000000000000 ) ) ;
#2640 = DIRECTION ( 'NONE',  ( 0.000000000000000000, 0.000000000000000000, 1.000000000000000000 ) ) ;
#2641 = CYLINDRICAL_SURFACE ( 'NONE', #115, 2.500000000000002220 ) ;
#2642 = ORIENTED_EDGE ( 'NONE', *, *, #692, .F. ) ;
#2643 = APPROVAL_DATE_TIME ( #406, #2533 ) ;
#2644 = DIRECTION ( 'NONE',  ( 1.000000000000000000, 0.000000000000000000, 0.000000000000000000 ) ) ;
#2645 = DIRECTION ( 'NONE',  ( 0.000000000000000000, 0.000000000000000000, 1.000000000000000000 ) ) ;
#2646 = CARTESIAN_POINT ( 'NONE',  ( -69.99999999999998579, 22.50000000000000355, 5.000000000000000000 ) ) ;
#2647 = ORIENTED_EDGE ( 'NONE', *, *, #1509, .F. ) ;
#2648 = AXIS2_PLACEMENT_3D ( 'NONE', #1917, #1683, #1265 ) ;
#2649 = DIRECTION ( 'NONE',  ( -0.000000000000000000, 0.000000000000000000, -1.000000000000000000 ) ) ;
#2650 = VERTEX_POINT ( 'NONE', #2740 ) ;
#2651 = EDGE_CURVE ( 'NONE', #2663, #1979, #1774, .T. ) ;
#2652 = AXIS2_PLACEMENT_3D ( 'NONE', #530, #81, #1162 ) ;
#2653 = LINE ( 'NONE', #2208, #1410 ) ;
#2654 = ORIENTED_EDGE ( 'NONE', *, *, #1703, .F. ) ;
#2655 = DIRECTION ( 'NONE',  ( 1.000000000000000000, 0.000000000000000000, 0.000000000000000000 ) ) ;
#2656 = VECTOR ( 'NONE', #1103, 1000.000000000000000 ) ;
#2657 = DIRECTION ( 'NONE',  ( -0.000000000000000000, 0.000000000000000000, -1.000000000000000000 ) ) ;
#2658 = VECTOR ( 'NONE', #2672, 1000.000000000000000 ) ;
#2659 = CARTESIAN_POINT ( 'NONE',  ( 50.00000000000001421, -25.00000000000000000, 49.00000000000000000 ) ) ;
#2660 = PLANE ( 'NONE',  #2326 ) ;
#2661 = VECTOR ( 'NONE', #1231, 1000.000000000000000 ) ;
#2662 = CC_DESIGN_PERSON_AND_ORGANIZATION_ASSIGNMENT ( #1456, #2153, ( #1445 ) ) ;
#2663 = VERTEX_POINT ( 'NONE', #1374 ) ;
#2664 = FACE_OUTER_BOUND ( 'NONE', #1470, .T. ) ;
#2665 = ORIENTED_EDGE ( 'NONE', *, *, #204, .F. ) ;
#2666 = EDGE_CURVE ( 'NONE', #1832, #930, #1393, .T. ) ;
#2667 = DESIGN_CONTEXT ( 'detailed design', #309, 'design' ) ;
#2668 = ORIENTED_EDGE ( 'NONE', *, *, #1022, .F. ) ;
#2669 = DIRECTION ( 'NONE',  ( 0.000000000000000000, 0.000000000000000000, 1.000000000000000000 ) ) ;
#2670 = VECTOR ( 'NONE', #2452, 1000.000000000000000 ) ;
#2671 = FACE_BOUND ( 'NONE', #2674, .T. ) ;
#2672 = DIRECTION ( 'NONE',  ( 1.000000000000000000, 0.000000000000000000, 0.000000000000000000 ) ) ;
#2673 = DIRECTION ( 'NONE',  ( 1.000000000000000000, 0.000000000000000000, 0.000000000000000000 ) ) ;
#2674 = EDGE_LOOP ( 'NONE', ( #2480, #701, #138, #1879 ) ) ;
#2675 = CARTESIAN_POINT ( 'NONE',  ( -0.000000000000000000, 22.50000000000000355, 0.000000000000000000 ) ) ;
#2676 = VECTOR ( 'NONE', #185, 1000.000000000000000 ) ;
#2677 = AXIS2_PLACEMENT_3D ( 'NONE', #1480, #1467, #2362 ) ;
#2678 = EDGE_CURVE ( 'NONE', #1405, #2771, #1837, .T. ) ;
#2679 = ORIENTED_EDGE ( 'NONE', *, *, #2323, .F. ) ;
#2680 = EDGE_CURVE ( 'NONE', #2104, #206, #487, .T. ) ;
#2681 = DIRECTION ( 'NONE',  ( 0.000000000000000000, -1.000000000000000000, 0.000000000000000000 ) ) ;
#2682 = ORIENTED_EDGE ( 'NONE', *, *, #153, .T. ) ;
#2683 = DIRECTION ( 'NONE',  ( 1.000000000000000000, -2.523234146875355998E-16, 0.000000000000000000 ) ) ;
#2684 = CARTESIAN_POINT ( 'NONE',  ( -69.99999999999998579, 27.50000000000000711, 5.000000000000000000 ) ) ;
#2685 = ORIENTED_EDGE ( 'NONE', *, *, #2651, .T. ) ;
#2686 = CARTESIAN_POINT ( 'NONE',  ( 70.00000000000001421, 0.000000000000000000, 5.000000000000000000 ) ) ;
#2687 = ORIENTED_EDGE ( 'NONE', *, *, #116, .F. ) ;
#2688 = CC_DESIGN_PERSON_AND_ORGANIZATION_ASSIGNMENT ( #361, #2108, ( #641 ) ) ;
#2689 = ORIENTED_EDGE ( 'NONE', *, *, #961, .T. ) ;
#2690 = EDGE_LOOP ( 'NONE', ( #14, #676, #2763, #892 ) ) ;
#2691 = DIRECTION ( 'NONE',  ( -0.000000000000000000, 0.000000000000000000, 1.000000000000000000 ) ) ;
#2692 = LINE ( 'NONE', #977, #2695 ) ;
#2693 = FACE_BOUND ( 'NONE', #1659, .T. ) ;
#2694 = ORIENTED_EDGE ( 'NONE', *, *, #2028, .T. ) ;
#2695 = VECTOR ( 'NONE', #1008, 1000.000000000000000 ) ;
#2696 = CARTESIAN_POINT ( 'NONE',  ( -69.99999999999998579, 10.00000000000000888, 54.00000000000000000 ) ) ;
#2697 = LINE ( 'NONE', #1331, #1440 ) ;
#2698 = VECTOR ( 'NONE', #2283, 1000.000000000000000 ) ;
#2699 = EDGE_CURVE ( 'NONE', #2552, #1174, #2760, .T. ) ;
#2700 = ORIENTED_EDGE ( 'NONE', *, *, #2019, .T. ) ;
#2701 = CC_DESIGN_APPROVAL ( #2533, ( #1179 ) ) ;
#2702 = DIRECTION ( 'NONE',  ( 9.912705577010325549E-17, -1.000000000000000000, 0.000000000000000000 ) ) ;
#2703 = ORIENTED_EDGE ( 'NONE', *, *, #56, .F. ) ;
#2704 = VECTOR ( 'NONE', #1016, 1000.000000000000000 ) ;
#2705 = CIRCLE ( 'NONE', #1257, 2.500000000000002220 ) ;
#2706 = ORIENTED_EDGE ( 'NONE', *, *, #2138, .F. ) ;
#2707 = VECTOR ( 'NONE', #365, 1000.000000000000000 ) ;
#2708 = EDGE_LOOP ( 'NONE', ( #1999, #527, #2679, #1747 ) ) ;
#2709 = CARTESIAN_POINT ( 'NONE',  ( 30.00000000000002132, -22.50000000000000711, 5.000000000000000000 ) ) ;
#2710 = ORIENTED_EDGE ( 'NONE', *, *, #343, .T. ) ;
#2711 = ORIENTED_EDGE ( 'NONE', *, *, #875, .T. ) ;
#2712 = CARTESIAN_POINT ( 'NONE',  ( 46.87750100080081239, 22.50000000000000355, 54.00000000000000000 ) ) ;
#2713 = EDGE_CURVE ( 'NONE', #849, #1760, #357, .T. ) ;
#2714 = FACE_OUTER_BOUND ( 'NONE', #1593, .T. ) ;
#2715 = AXIS2_PLACEMENT_3D ( 'NONE', #1757, #2204, #1536 ) ;
#2716 = ORIENTED_EDGE ( 'NONE', *, *, #636, .T. ) ;
#2717 = VERTEX_POINT ( 'NONE', #1163 ) ;
#2718 = DIRECTION ( 'NONE',  ( -0.000000000000000000, -0.000000000000000000, -1.000000000000000000 ) ) ;
#2719 = PLANE ( 'NONE',  #967 ) ;
#2720 = LINE ( 'NONE', #2514, #494 ) ;
#2721 = ADVANCED_FACE ( 'NONE', ( #730 ), #284, .T. ) ;
#2722 = ORIENTED_EDGE ( 'NONE', *, *, #112, .F. ) ;
#2723 = ORIENTED_EDGE ( 'NONE', *, *, #2261, .T. ) ;
#2724 = ORIENTED_EDGE ( 'NONE', *, *, #1227, .T. ) ;
#2725 = DIRECTION ( 'NONE',  ( -0.000000000000000000, -0.000000000000000000, -1.000000000000000000 ) ) ;
#2726 = DIRECTION ( 'NONE',  ( -0.000000000000000000, 0.000000000000000000, 1.000000000000000000 ) ) ;
#2727 = FACE_OUTER_BOUND ( 'NONE', #1562, .T. ) ;
#2728 = EDGE_CURVE ( 'NONE', #2318, #2097, #2076, .T. ) ;
#2729 = EDGE_LOOP ( 'NONE', ( #1629, #2245, #507, #1990, #989, #1666, #2876, #2234 ) ) ;
#2730 = VERTEX_POINT ( 'NONE', #1213 ) ;
#2731 = CARTESIAN_POINT ( 'NONE',  ( 70.00000000000001421, 22.50000000000000355, 54.00000000000000000 ) ) ;
#2732 = FACE_OUTER_BOUND ( 'NONE', #2364, .T. ) ;
#2733 = ORIENTED_EDGE ( 'NONE', *, *, #671, .F. ) ;
#2734 = EDGE_CURVE ( 'NONE', #478, #2554, #2315, .T. ) ;
#2735 = ADVANCED_FACE ( 'NONE', ( #34 ), #952, .F. ) ;
#2736 = ORIENTED_EDGE ( 'NONE', *, *, #636, .F. ) ;
#2737 = ORIENTED_EDGE ( 'NONE', *, *, #1794, .F. ) ;
#2738 = VERTEX_POINT ( 'NONE', #65 ) ;
#2739 = CARTESIAN_POINT ( 'NONE',  ( 30.00000000000002132, -27.49999999999998934, 5.000000000000000000 ) ) ;
#2740 = CARTESIAN_POINT ( 'NONE',  ( -29.99999999999999289, -22.50000000000000711, 5.000000000000000000 ) ) ;
#2741 = LINE ( 'NONE', #285, #2541 ) ;
#2742 = CIRCLE ( 'NONE', #2223, 2.500000000000002220 ) ;
#2743 = ORIENTED_EDGE ( 'NONE', *, *, #183, .F. ) ;
#2744 = ORIENTED_EDGE ( 'NONE', *, *, #289, .T. ) ;
#2745 = CARTESIAN_POINT ( 'NONE',  ( -47.49999999999998579, -25.00000000000000000, 54.00000000000000000 ) ) ;
#2746 = CARTESIAN_POINT ( 'NONE',  ( 70.00000000000001421, 0.000000000000000000, 5.000000000000000000 ) ) ;
#2747 = VECTOR ( 'NONE', #673, 1000.000000000000000 ) ;
#2748 = CC_DESIGN_PERSON_AND_ORGANIZATION_ASSIGNMENT ( #109, #1693, ( #641 ) ) ;
#2749 = DIRECTION ( 'NONE',  ( 1.000000000000000000, 0.000000000000000000, 0.000000000000000000 ) ) ;
#2750 = VECTOR ( 'NONE', #162, 1000.000000000000000 ) ;
#2751 = APPROVAL_PERSON_ORGANIZATION ( #1044, #2576, #1014 ) ;
#2752 = CARTESIAN_POINT ( 'NONE',  ( -47.49999999999998579, 25.00000000000000355, 49.00000000000000000 ) ) ;
#2753 = ORIENTED_EDGE ( 'NONE', *, *, #342, .F. ) ;
#2754 = ORIENTED_EDGE ( 'NONE', *, *, #131, .F. ) ;
#2755 = EDGE_CURVE ( 'NONE', #279, #437, #969, .T. ) ;
#2756 = CARTESIAN_POINT ( 'NONE',  ( -69.99999999999998579, 0.000000000000000000, 0.000000000000000000 ) ) ;
#2757 = ORIENTED_EDGE ( 'NONE', *, *, #1512, .T. ) ;
#2758 = CARTESIAN_POINT ( 'NONE',  ( -69.99999999999998579, 5.000000000000010658, 5.000000000000000000 ) ) ;
#2759 = EDGE_CURVE ( 'NONE', #243, #1526, #503, .T. ) ;
#2760 = LINE ( 'NONE', #1443, #1388 ) ;
#2761 = CARTESIAN_POINT ( 'NONE',  ( -49.99999999999998579, 25.00000000000000355, 49.00000000000000000 ) ) ;
#2762 = EDGE_LOOP ( 'NONE', ( #780, #851, #314, #847 ) ) ;
#2763 = ORIENTED_EDGE ( 'NONE', *, *, #1083, .T. ) ;
#2764 = DIRECTION ( 'NONE',  ( -0.000000000000000000, -0.000000000000000000, -1.000000000000000000 ) ) ;
#2765 = DIRECTION ( 'NONE',  ( -0.000000000000000000, -0.000000000000000000, 1.000000000000000000 ) ) ;
#2766 = LINE ( 'NONE', #755, #1296 ) ;
#2767 = ORIENTED_EDGE ( 'NONE', *, *, #2142, .F. ) ;
#2768 = EDGE_CURVE ( 'NONE', #1688, #1405, #1198, .T. ) ;
#2769 = EDGE_LOOP ( 'NONE', ( #2460, #1426, #1825, #1845 ) ) ;
#2770 = EDGE_CURVE ( 'NONE', #513, #1420, #2524, .T. ) ;
#2771 = VERTEX_POINT ( 'NONE', #1407 ) ;
#2772 = CARTESIAN_POINT ( 'NONE',  ( 50.00000000000001421, 25.00000000000000355, 54.00000000000000000 ) ) ;
#2773 = CARTESIAN_POINT ( 'NONE',  ( 70.00000000000001421, 5.000000000000019540, 5.000000000000000000 ) ) ;
#2774 = CARTESIAN_POINT ( 'NONE',  ( 46.87750100080081239, -27.49999999999999289, 49.00000000000000000 ) ) ;
#2775 = ADVANCED_FACE ( 'NONE', ( #2557 ), #2094, .T. ) ;
#2776 = ORIENTED_EDGE ( 'NONE', *, *, #97, .F. ) ;
#2777 = VERTEX_POINT ( 'NONE', #2298 ) ;
#2778 = DIRECTION ( 'NONE',  ( -0.000000000000000000, 0.000000000000000000, 1.000000000000000000 ) ) ;
#2779 = FACE_OUTER_BOUND ( 'NONE', #360, .T. ) ;
#2780 = DIRECTION ( 'NONE',  ( -1.000000000000000000, -1.734723475976800685E-16, -0.000000000000000000 ) ) ;
#2781 = CARTESIAN_POINT ( 'NONE',  ( 30.00000000000002132, -27.49999999999998934, 5.000000000000000000 ) ) ;
#2782 = VERTEX_POINT ( 'NONE', #1424 ) ;
#2783 = ADVANCED_BREP_SHAPE_REPRESENTATION ( 'batterie', ( #177, #878 ), #2572 ) ;
#2784 = APPROVAL ( #2313, 'UNSPECIFIED' ) ;
#2785 = ORIENTED_EDGE ( 'NONE', *, *, #116, .T. ) ;
#2786 = VERTEX_POINT ( 'NONE', #1881 ) ;
#2787 = DIRECTION ( 'NONE',  ( 0.000000000000000000, -1.000000000000000000, 0.000000000000000000 ) ) ;
#2788 = ORIENTED_EDGE ( 'NONE', *, *, #2049, .T. ) ;
#2789 = LINE ( 'NONE', #1915, #2661 ) ;
#2790 = DIRECTION ( 'NONE',  ( -1.000000000000000000, 0.000000000000000000, 0.000000000000000000 ) ) ;
#2791 = ORIENTED_EDGE ( 'NONE', *, *, #496, .T. ) ;
#2792 = DIRECTION ( 'NONE',  ( 0.000000000000000000, -1.000000000000000000, 0.000000000000000000 ) ) ;
#2793 = CARTESIAN_POINT ( 'NONE',  ( 53.12249899919922314, 22.50000000000000355, 49.00000000000000000 ) ) ;
#2794 = EDGE_CURVE ( 'NONE', #2650, #257, #1663, .T. ) ;
#2795 = VECTOR ( 'NONE', #2555, 1000.000000000000000 ) ;
#2796 = LINE ( 'NONE', #768, #2525 ) ;
#2797 = VECTOR ( 'NONE', #538, 1000.000000000000000 ) ;
#2798 = CARTESIAN_POINT ( 'NONE',  ( 0.000000000000000000, -22.50000000000000711, 49.00000000000000000 ) ) ;
#2799 = AXIS2_PLACEMENT_3D ( 'NONE', #1669, #2342, #782 ) ;
#2800 = ORIENTED_EDGE ( 'NONE', *, *, #1689, .T. ) ;
#2801 = ORIENTED_EDGE ( 'NONE', *, *, #40, .T. ) ;
#2802 = EDGE_LOOP ( 'NONE', ( #2861, #2319, #560, #1367, #1142, #727, #1701, #2092 ) ) ;
#2803 = CARTESIAN_POINT ( 'NONE',  ( -75.00000000000000000, 27.50000000000000711, 54.00000000000000000 ) ) ;
#2804 = CARTESIAN_POINT ( 'NONE',  ( -29.99999999999999289, -22.50000000000000711, 54.00000000000000000 ) ) ;
#2805 = CARTESIAN_POINT ( 'NONE',  ( -69.99999999999998579, -22.50000000000000711, 54.00000000000000000 ) ) ;
#2806 = DIRECTION ( 'NONE',  ( 1.000000000000000000, 0.000000000000000000, 0.000000000000000000 ) ) ;
#2807 = CARTESIAN_POINT ( 'NONE',  ( -0.000000000000000000, 22.50000000000000355, 49.00000000000000000 ) ) ;
#2808 = DIRECTION ( 'NONE',  ( 0.000000000000000000, -1.000000000000000000, 0.000000000000000000 ) ) ;
#2809 = ADVANCED_FACE ( 'NONE', ( #472 ), #1473, .F. ) ;
#2810 = FACE_OUTER_BOUND ( 'NONE', #1761, .T. ) ;
#2811 = AXIS2_PLACEMENT_3D ( 'NONE', #1123, #1370, #2278 ) ;
#2812 = DIRECTION ( 'NONE',  ( 1.000000000000000000, 0.000000000000000000, 0.000000000000000000 ) ) ;
#2813 = DIRECTION ( 'NONE',  ( 1.000000000000000000, 0.000000000000000000, 0.000000000000000000 ) ) ;
#2814 = VERTEX_POINT ( 'NONE', #2820 ) ;
#2815 = EDGE_CURVE ( 'NONE', #1153, #2332, #2354, .T. ) ;
#2816 = ORIENTED_EDGE ( 'NONE', *, *, #78, .F. ) ;
#2817 = ORIENTED_EDGE ( 'NONE', *, *, #1227, .F. ) ;
#2818 = DATE_TIME_ROLE ( 'classification_date' ) ;
#2819 = PLANE ( 'NONE',  #2564 ) ;
#2820 = CARTESIAN_POINT ( 'NONE',  ( 47.50000000000001421, 25.00000000000000355, 54.00000000000000000 ) ) ;
#2821 = DIRECTION ( 'NONE',  ( 0.000000000000000000, 0.000000000000000000, 1.000000000000000000 ) ) ;
#2822 = DIRECTION ( 'NONE',  ( 0.000000000000000000, -0.000000000000000000, 1.000000000000000000 ) ) ;
#2823 = CARTESIAN_POINT ( 'NONE',  ( -75.00000000000001421, 1.892425610156517289E-14, 5.000000000000000000 ) ) ;
#2824 = CARTESIAN_POINT ( 'NONE',  ( 70.00000000000001421, -22.50000000000000711, 54.00000000000000000 ) ) ;
#2825 = ORIENTED_EDGE ( 'NONE', *, *, #2163, .T. ) ;
#2826 = FACE_OUTER_BOUND ( 'NONE', #95, .T. ) ;
#2827 = CYLINDRICAL_SURFACE ( 'NONE', #2677, 4.000000000000003553 ) ;
#2828 = VERTEX_POINT ( 'NONE', #1458 ) ;
#2829 = EDGE_CURVE ( 'NONE', #1161, #621, #840, .T. ) ;
#2830 = ORIENTED_EDGE ( 'NONE', *, *, #25, .F. ) ;
#2831 = ORIENTED_EDGE ( 'NONE', *, *, #2734, .F. ) ;
#2832 = DATE_AND_TIME ( #1211, #1816 ) ;
#2833 = CARTESIAN_POINT ( 'NONE',  ( 70.00000000000001421, -2.500000000000014211, 49.00000000000000000 ) ) ;
#2834 = ORIENTED_EDGE ( 'NONE', *, *, #2879, .F. ) ;
#2835 = LINE ( 'NONE', #601, #1554 ) ;
#2836 = CARTESIAN_POINT ( 'NONE',  ( -75.00000000000000000, 10.00000000000000888, 49.00000000000000000 ) ) ;
#2837 = CIRCLE ( 'NONE', #2337, 2.500000000000002220 ) ;
#2838 = LINE ( 'NONE', #2823, #1912 ) ;
#2839 = ORIENTED_EDGE ( 'NONE', *, *, #394, .T. ) ;
#2840 = CARTESIAN_POINT ( 'NONE',  ( 70.00000000000001421, -22.50000000000000711, 54.00000000000000000 ) ) ;
#2841 = VERTEX_POINT ( 'NONE', #127 ) ;
#2842 = AXIS2_PLACEMENT_3D ( 'NONE', #376, #2602, #2574 ) ;
#2843 = DIRECTION ( 'NONE',  ( 0.000000000000000000, -1.000000000000000000, 0.000000000000000000 ) ) ;
#2844 = AXIS2_PLACEMENT_3D ( 'NONE', #2444, #103, #2530 ) ;
#2845 = CARTESIAN_POINT ( 'NONE',  ( -0.000000000000000000, 27.50000000000000711, 49.00000000000000000 ) ) ;
#2846 = VECTOR ( 'NONE', #830, 1000.000000000000000 ) ;
#2847 = EDGE_CURVE ( 'NONE', #1610, #243, #390, .T. ) ;
#2848 = CARTESIAN_POINT ( 'NONE',  ( 30.00000000000001421, 22.50000000000000355, 5.000000000000000000 ) ) ;
#2849 = DIRECTION ( 'NONE',  ( -0.000000000000000000, -0.000000000000000000, -1.000000000000000000 ) ) ;
#2850 = CC_DESIGN_SECURITY_CLASSIFICATION ( #1445, ( #641 ) ) ;
#2851 = EDGE_CURVE ( 'NONE', #2281, #1436, #2789, .T. ) ;
#2852 = LINE ( 'NONE', #2623, #871 ) ;
#2853 = LINE ( 'NONE', #845, #1537 ) ;
#2854 = ORIENTED_EDGE ( 'NONE', *, *, #2755, .F. ) ;
#2855 = PLANE ( 'NONE',  #1383 ) ;
#2856 = ORIENTED_EDGE ( 'NONE', *, *, #1920, .F. ) ;
#2857 = LINE ( 'NONE', #2639, #2007 ) ;
#2858 = EDGE_CURVE ( 'NONE', #948, #2898, #1291, .T. ) ;
#2859 = VERTEX_POINT ( 'NONE', #1244 ) ;
#2860 = DIRECTION ( 'NONE',  ( 0.000000000000000000, -1.000000000000000000, 0.000000000000000000 ) ) ;
#2861 = ORIENTED_EDGE ( 'NONE', *, *, #2851, .F. ) ;
#2862 = COORDINATED_UNIVERSAL_TIME_OFFSET ( 1, 0, .AHEAD. ) ;
#2863 = DIRECTION ( 'NONE',  ( 0.000000000000000000, 0.000000000000000000, 1.000000000000000000 ) ) ;
#2864 = PLANE ( 'NONE',  #1574 ) ;
#2865 = CARTESIAN_POINT ( 'NONE',  ( -49.99999999999998579, -25.00000000000000000, 54.00000000000000000 ) ) ;
#2866 = EDGE_CURVE ( 'NONE', #36, #2650, #1277, .T. ) ;
#2867 = DIRECTION ( 'NONE',  ( 1.000000000000000000, 0.000000000000000000, -0.000000000000000000 ) ) ;
#2868 = ORIENTED_EDGE ( 'NONE', *, *, #1143, .F. ) ;
#2869 = ORIENTED_EDGE ( 'NONE', *, *, #2892, .F. ) ;
#2870 = LINE ( 'NONE', #1952, #1546 ) ;
#2871 = EDGE_LOOP ( 'NONE', ( #1439, #262, #328, #2156 ) ) ;
#2872 = LINE ( 'NONE', #389, #1437 ) ;
#2873 = LINE ( 'NONE', #666, #2531 ) ;
#2874 = CARTESIAN_POINT ( 'NONE',  ( 25.00000000000001066, 27.50000000000000711, 49.00000000000000000 ) ) ;
#2875 = FACE_OUTER_BOUND ( 'NONE', #997, .T. ) ;
#2876 = ORIENTED_EDGE ( 'NONE', *, *, #654, .T. ) ;
#2877 = LINE ( 'NONE', #2497, #2227 ) ;
#2878 = DIRECTION ( 'NONE',  ( -1.000000000000000000, 0.000000000000000000, 0.000000000000000000 ) ) ;
#2879 = EDGE_CURVE ( 'NONE', #501, #4, #813, .T. ) ;
#2880 = VECTOR ( 'NONE', #1031, 1000.000000000000000 ) ;
#2881 = ORIENTED_EDGE ( 'NONE', *, *, #359, .T. ) ;
#2882 = CARTESIAN_POINT ( 'NONE',  ( -24.99999999999998934, -27.49999999999999645, 49.00000000000000000 ) ) ;
#2883 = CIRCLE ( 'NONE', #917, 4.000000000000003553 ) ;
#2884 = LINE ( 'NONE', #416, #377 ) ;
#2885 = VECTOR ( 'NONE', #2504, 1000.000000000000000 ) ;
#2886 = CARTESIAN_POINT ( 'NONE',  ( -75.00000000000001421, -5.000000000000005329, 5.000000000000000000 ) ) ;
#2887 = DIRECTION ( 'NONE',  ( 0.000000000000000000, -0.000000000000000000, 1.000000000000000000 ) ) ;
#2888 = EDGE_CURVE ( 'NONE', #2611, #2552, #1739, .T. ) ;
#2889 = ORIENTED_EDGE ( 'NONE', *, *, #2123, .T. ) ;
#2890 = LINE ( 'NONE', #1563, #637 ) ;
#2891 = AXIS2_PLACEMENT_3D ( 'NONE', #2340, #2510, #1301 ) ;
#2892 = EDGE_CURVE ( 'NONE', #1607, #1797, #1046, .T. ) ;
#2893 = ORIENTED_EDGE ( 'NONE', *, *, #1337, .T. ) ;
#2894 = DIRECTION ( 'NONE',  ( -0.000000000000000000, -0.000000000000000000, -1.000000000000000000 ) ) ;
#2895 = CARTESIAN_POINT ( 'NONE',  ( 70.00000000000001421, -22.50000000000000711, 49.00000000000000000 ) ) ;
#2896 = PLANE ( 'NONE',  #1643 ) ;
#2897 = VECTOR ( 'NONE', #2849, 1000.000000000000000 ) ;
#2898 = VERTEX_POINT ( 'NONE', #2367 ) ;
#2899 = PLANE ( 'NONE',  #1620 ) ;
#2900 = CARTESIAN_POINT ( 'NONE',  ( 70.00000000000001421, 5.000000000000019540, 0.000000000000000000 ) ) ;
#2901 = ORIENTED_EDGE ( 'NONE', *, *, #1481, .T. ) ;
#2902 = CARTESIAN_POINT ( 'NONE',  ( 30.00000000000001776, -22.50000000000000711, 54.00000000000000000 ) ) ;
#2903 = VECTOR ( 'NONE', #1725, 1000.000000000000000 ) ;
ENDSEC;
END-ISO-10303-21;
