ISO-10303-21;
HEADER;
FILE_DESCRIPTION (( 'STEP AP203' ),
    '1' );
FILE_NAME ('fix_imu.STEP',
    '2026-08-11T15:29:23',
    ( '' ),
    ( '' ),
    'SwSTEP 2.0',
    'SolidWorks 2020',
    '' );
FILE_SCHEMA (( 'CONFIG_CONTROL_DESIGN' ));
ENDSEC;

DATA;
#1 = ORIENTED_EDGE ( 'NONE', *, *, #3550, .T. ) ;
#2 = DIRECTION ( 'NONE',  ( 1.000000000000000000, 0.000000000000000000, 0.000000000000000000 ) ) ;
#3 = ORIENTED_EDGE ( 'NONE', *, *, #3421, .F. ) ;
#4 = EDGE_LOOP ( 'NONE', ( #948, #898 ) ) ;
#5 = ADVANCED_FACE ( 'NONE', ( #421 ), #453, .T. ) ;
#6 = CARTESIAN_POINT ( 'NONE',  ( 20.25000000000000711, -26.75000000000000711, 55.25000000000000711 ) ) ;
#7 = DIRECTION ( 'NONE',  ( 0.000000000000000000, -0.000000000000000000, -1.000000000000000000 ) ) ;
#8 = PLANE ( 'NONE',  #525 ) ;
#9 = ORIENTED_EDGE ( 'NONE', *, *, #1940, .F. ) ;
#10 = CALENDAR_DATE ( 2026, 11, 8 ) ;
#11 = ORIENTED_EDGE ( 'NONE', *, *, #2779, .T. ) ;
#12 = VECTOR ( 'NONE', #260, 1000.000000000000000 ) ;
#13 = CARTESIAN_POINT ( 'NONE',  ( 26.40018202227703625, 14.81187154233449554, 15.95952053037925999 ) ) ;
#14 = AXIS2_PLACEMENT_3D ( 'NONE', #3144, #1578, #1314 ) ;
#15 = CYLINDRICAL_SURFACE ( 'NONE', #3201, 2.499999999999995115 ) ;
#16 = ORIENTED_EDGE ( 'NONE', *, *, #828, .T. ) ;
#17 = VECTOR ( 'NONE', #2280, 1000.000000000000000 ) ;
#18 = CARTESIAN_POINT ( 'NONE',  ( 26.50000000000000355, 9.999999999999994671, 20.00000000000000355 ) ) ;
#19 = VECTOR ( 'NONE', #1676, 1000.000000000000000 ) ;
#20 = AXIS2_PLACEMENT_3D ( 'NONE', #2704, #3042, #1846 ) ;
#21 = DIRECTION ( 'NONE',  ( 1.000000000000000000, 0.000000000000000000, 0.000000000000000000 ) ) ;
#22 = ORIENTED_EDGE ( 'NONE', *, *, #3666, .F. ) ;
#23 = CARTESIAN_POINT ( 'NONE',  ( 20.00000000000000711, -29.50000000000000355, 57.75000000000000711 ) ) ;
#24 = VERTEX_POINT ( 'NONE', #2918 ) ;
#25 = CARTESIAN_POINT ( 'NONE',  ( 21.62500000000000711, -14.50000000000000533, 20.00000000000001066 ) ) ;
#26 = CYLINDRICAL_SURFACE ( 'NONE', #451, 0.2500000000000002220 ) ;
#27 = LINE ( 'NONE', #1205, #1547 ) ;
#28 = ORIENTED_EDGE ( 'NONE', *, *, #865, .F. ) ;
#29 = EDGE_LOOP ( 'NONE', ( #1721, #2433, #238, #1572 ) ) ;
#30 = CIRCLE ( 'NONE', #3228, 4.999999999999999112 ) ;
#31 = CARTESIAN_POINT ( 'NONE',  ( 21.62500000000000711, 14.49999999999999467, 4.511298301732662663E-30 ) ) ;
#32 = LINE ( 'NONE', #1854, #3272 ) ;
#33 = VERTEX_POINT ( 'NONE', #1348 ) ;
#34 = ADVANCED_FACE ( 'NONE', ( #3517 ), #3836, .T. ) ;
#35 = CARTESIAN_POINT ( 'NONE',  ( 15.25000000000000000, 29.50000000000000000, 57.74999999999998579 ) ) ;
#36 = ORIENTED_EDGE ( 'NONE', *, *, #1886, .T. ) ;
#37 = CARTESIAN_POINT ( 'NONE',  ( 20.75000000000000355, -14.50000000000000178, 61.00000000000000000 ) ) ;
#38 = EDGE_LOOP ( 'NONE', ( #3528, #567, #3863, #881 ) ) ;
#39 = CARTESIAN_POINT ( 'NONE',  ( 20.41365740726678624, -14.88316278273516424, 16.00000000000000000 ) ) ;
#40 = CARTESIAN_POINT ( 'NONE',  ( 21.62500000000000711, 14.49999999999999467, 17.08745638631582864 ) ) ;
#41 = EDGE_CURVE ( 'NONE', #823, #2833, #2314, .T. ) ;
#42 = DIRECTION ( 'NONE',  ( -1.386719069154237324E-15, 1.000000000000000000, 3.889384548663213567E-62 ) ) ;
#43 = FACE_OUTER_BOUND ( 'NONE', #2236, .T. ) ;
#44 = VERTEX_POINT ( 'NONE', #2622 ) ;
#45 = DATE_AND_TIME ( #3708, #1233 ) ;
#46 = DIRECTION ( 'NONE',  ( 1.176083712526648949E-16, -1.000000000000000000, -0.000000000000000000 ) ) ;
#47 = ADVANCED_FACE ( 'NONE', ( #1074 ), #1055, .T. ) ;
#48 = CARTESIAN_POINT ( 'NONE',  ( 1.500000000000001332, 30.25000000000000000, 6.000000000000000000 ) ) ;
#49 = ORIENTED_EDGE ( 'NONE', *, *, #477, .F. ) ;
#50 = EDGE_CURVE ( 'NONE', #1980, #141, #1672, .T. ) ;
#51 = AXIS2_PLACEMENT_3D ( 'NONE', #167, #1983, #2323 ) ;
#52 = EDGE_CURVE ( 'NONE', #3849, #3193, #3684, .T. ) ;
#53 = DIRECTION ( 'NONE',  ( 0.000000000000000000, 0.000000000000000000, 1.000000000000000000 ) ) ;
#54 = ADVANCED_FACE ( 'NONE', ( #179 ), #3481, .T. ) ;
#55 = ORIENTED_EDGE ( 'NONE', *, *, #1995, .F. ) ;
#56 = CARTESIAN_POINT ( 'NONE',  ( 26.00000000000000355, -14.50000000000000178, 16.00000000000000000 ) ) ;
#57 = ORIENTED_EDGE ( 'NONE', *, *, #3761, .F. ) ;
#58 = CARTESIAN_POINT ( 'NONE',  ( 25.12500000000000355, -14.50000000000000178, 17.08745638631582864 ) ) ;
#59 = DIRECTION ( 'NONE',  ( 1.000000000000000000, -0.000000000000000000, -0.000000000000000000 ) ) ;
#60 = VECTOR ( 'NONE', #490, 1000.000000000000000 ) ;
#61 = CARTESIAN_POINT ( 'NONE',  ( 20.25000000000000711, -20.99999999999999645, 57.99999999999998579 ) ) ;
#62 = LINE ( 'NONE', #2510, #17 ) ;
#63 = VERTEX_POINT ( 'NONE', #753 ) ;
#64 = APPROVAL_STATUS ( 'not_yet_approved' ) ;
#65 = DIRECTION ( 'NONE',  ( 0.000000000000000000, 1.000000000000000000, 0.000000000000000000 ) ) ;
#66 = CARTESIAN_POINT ( 'NONE',  ( 15.25000000000000355, 2.386032205886748366E-14, 55.25000000000000000 ) ) ;
#67 = CARTESIAN_POINT ( 'NONE',  ( 15.25000000000000711, -29.25000000000000000, 58.24999999999999289 ) ) ;
#68 = ORIENTED_EDGE ( 'NONE', *, *, #3067, .F. ) ;
#69 = VECTOR ( 'NONE', #572, 1000.000000000000000 ) ;
#70 = APPROVAL ( #64, 'UNSPECIFIED' ) ;
#71 = AXIS2_PLACEMENT_3D ( 'NONE', #312, #3029, #1549 ) ;
#72 = EDGE_CURVE ( 'NONE', #2829, #1322, #1254, .T. ) ;
#73 = VECTOR ( 'NONE', #3749, 1000.000000000000000 ) ;
#74 = CARTESIAN_POINT ( 'NONE',  ( 15.25000000000000711, -26.75000000000000711, 57.75000000000000711 ) ) ;
#75 = VERTEX_POINT ( 'NONE', #1697 ) ;
#76 = DIRECTION ( 'NONE',  ( -1.000000000000000000, -8.566535683836115064E-17, 0.000000000000000000 ) ) ;
#77 = EDGE_LOOP ( 'NONE', ( #3476, #2435, #3851, #1664, #902 ) ) ;
#78 = CARTESIAN_POINT ( 'NONE',  ( 21.12500000000000355, 14.99999999999999645, 61.00000000000000000 ) ) ;
#79 = LINE ( 'NONE', #665, #903 ) ;
#80 = AXIS2_PLACEMENT_3D ( 'NONE', #1073, #1761, #3196 ) ;
#81 = AXIS2_PLACEMENT_3D ( 'NONE', #3183, #3730, #2863 ) ;
#82 = DIRECTION ( 'NONE',  ( -0.000000000000000000, -0.000000000000000000, 1.000000000000000000 ) ) ;
#83 = DIRECTION ( 'NONE',  ( 0.000000000000000000, 1.000000000000000000, 0.000000000000000000 ) ) ;
#84 = ORIENTED_EDGE ( 'NONE', *, *, #1791, .F. ) ;
#85 = CARTESIAN_POINT ( 'NONE',  ( 20.25000000000000355, 2.381569517866464398E-15, -1.377121517437907833E-30 ) ) ;
#86 = DIRECTION ( 'NONE',  ( 0.000000000000000000, 1.000000000000000000, 0.000000000000000000 ) ) ;
#87 = CARTESIAN_POINT ( 'NONE',  ( 15.50000000000000711, -26.75000000000000000, 61.00000000000000000 ) ) ;
#88 = EDGE_LOOP ( 'NONE', ( #1554, #2388, #2123, #1973 ) ) ;
#89 = DIRECTION ( 'NONE',  ( 0.000000000000000000, 0.000000000000000000, -1.000000000000000000 ) ) ;
#90 = AXIS2_PLACEMENT_3D ( 'NONE', #1387, #1757, #3915 ) ;
#91 = AXIS2_PLACEMENT_3D ( 'NONE', #2919, #3198, #2584 ) ;
#92 = AXIS2_PLACEMENT_3D ( 'NONE', #493, #3453, #412 ) ;
#93 = EDGE_CURVE ( 'NONE', #2688, #3575, #199, .T. ) ;
#94 = CARTESIAN_POINT ( 'NONE',  ( 20.25000000000000711, -29.25000000000000000, 58.24999999999999289 ) ) ;
#95 = ORIENTED_EDGE ( 'NONE', *, *, #3075, .T. ) ;
#96 = EDGE_CURVE ( 'NONE', #2411, #1897, #2275, .T. ) ;
#97 = LINE ( 'NONE', #3744, #2963 ) ;
#98 = VERTEX_POINT ( 'NONE', #1326 ) ;
#99 = DIRECTION ( 'NONE',  ( 0.000000000000000000, -0.000000000000000000, -1.000000000000000000 ) ) ;
#100 = DIRECTION ( 'NONE',  ( 1.000000000000000000, -0.000000000000000000, -0.000000000000000000 ) ) ;
#101 = LINE ( 'NONE', #1315, #1804 ) ;
#102 = DIRECTION ( 'NONE',  ( 0.000000000000000000, 0.000000000000000000, -1.000000000000000000 ) ) ;
#103 = EDGE_CURVE ( 'NONE', #492, #3212, #1445, .T. ) ;
#104 = EDGE_LOOP ( 'NONE', ( #949, #3053, #1633, #427 ) ) ;
#105 = FACE_OUTER_BOUND ( 'NONE', #3368, .T. ) ;
#106 = CARTESIAN_POINT ( 'NONE',  ( 21.12500000000001066, 9.999999999999994671, 25.00000000000000000 ) ) ;
#107 = EDGE_CURVE ( 'NONE', #3911, #3466, #2476, .T. ) ;
#108 = CARTESIAN_POINT ( 'NONE',  ( 26.50000000000000355, 7.249999999999787725, 6.000000000000071942 ) ) ;
#109 = ORIENTED_EDGE ( 'NONE', *, *, #887, .F. ) ;
#110 = CARTESIAN_POINT ( 'NONE',  ( 20.25000000000000355, 15.00000000000000888, 10.99999999999999645 ) ) ;
#111 = EDGE_CURVE ( 'NONE', #988, #3212, #2874, .T. ) ;
#112 = DIRECTION ( 'NONE',  ( 0.000000000000000000, -1.000000000000000000, 0.000000000000000000 ) ) ;
#113 = ADVANCED_FACE ( 'NONE', ( #2037 ), #3197, .F. ) ;
#114 = EDGE_CURVE ( 'NONE', #2446, #2788, #160, .T. ) ;
#115 = ORIENTED_EDGE ( 'NONE', *, *, #1898, .T. ) ;
#116 = DIRECTION ( 'NONE',  ( 0.000000000000000000, 0.000000000000000000, -1.000000000000000000 ) ) ;
#117 = DIRECTION ( 'NONE',  ( -1.000000000000000000, 0.000000000000000000, 0.000000000000000000 ) ) ;
#118 = CYLINDRICAL_SURFACE ( 'NONE', #321, 5.000000000000000888 ) ;
#119 = DIRECTION ( 'NONE',  ( 0.000000000000000000, 1.000000000000000000, -9.251858538542979716E-16 ) ) ;
#120 = VERTEX_POINT ( 'NONE', #1653 ) ;
#121 = DIRECTION ( 'NONE',  ( 0.000000000000000000, 0.000000000000000000, 1.000000000000000000 ) ) ;
#122 = EDGE_CURVE ( 'NONE', #1072, #2267, #1373, .T. ) ;
#123 = ORIENTED_EDGE ( 'NONE', *, *, #2276, .F. ) ;
#124 = CARTESIAN_POINT ( 'NONE',  ( 25.62500000000000711, -14.50000000000000178, 20.00000000000001066 ) ) ;
#125 = DIRECTION ( 'NONE',  ( 0.000000000000000000, -1.000000000000000000, 0.000000000000000000 ) ) ;
#126 = AXIS2_PLACEMENT_3D ( 'NONE', #2069, #1830, #1789 ) ;
#127 = CARTESIAN_POINT ( 'NONE',  ( 26.25000000000000355, 7.499999999999860556, 24.93301270189222052 ) ) ;
#128 = ORIENTED_EDGE ( 'NONE', *, *, #2660, .T. ) ;
#129 = AXIS2_PLACEMENT_3D ( 'NONE', #2925, #1705, #2346 ) ;
#130 = PLANE ( 'NONE',  #1101 ) ;
#131 = VECTOR ( 'NONE', #218, 1000.000000000000000 ) ;
#132 =( BOUNDED_CURVE ( )  B_SPLINE_CURVE ( 3, ( #1149, #2374, #3594, #857 ),
 .UNSPECIFIED., .F., .T. ) 
 B_SPLINE_CURVE_WITH_KNOTS ( ( 4, 4 ),
 ( 4.712388980384688786, 6.283185307179586232 ),
 .UNSPECIFIED. ) 
 CURVE ( )  GEOMETRIC_REPRESENTATION_ITEM ( )  RATIONAL_B_SPLINE_CURVE ( ( 1.000000000000000000, 0.8047378541243648264, 0.8047378541243648264, 1.000000000000000000 ) ) 
 REPRESENTATION_ITEM ( '' )  );
#133 = ORIENTED_EDGE ( 'NONE', *, *, #2482, .T. ) ;
#134 = AXIS2_PLACEMENT_3D ( 'NONE', #1399, #3249, #505 ) ;
#135 = DIRECTION ( 'NONE',  ( 0.000000000000000000, -5.782411586589358625E-16, -1.000000000000000000 ) ) ;
#136 = DIRECTION ( 'NONE',  ( -1.000000000000000000, -0.000000000000000000, -0.000000000000000000 ) ) ;
#137 = DIRECTION ( 'NONE',  ( 1.000000000000000000, 1.176083712526648949E-16, -6.800600086113123653E-32 ) ) ;
#138 = DIRECTION ( 'NONE',  ( 1.355252715606880543E-16, -1.000000000000000000, 0.000000000000000000 ) ) ;
#139 = ORIENTED_EDGE ( 'NONE', *, *, #771, .T. ) ;
#140 = DIRECTION ( 'NONE',  ( -1.000000000000000000, 0.000000000000000000, 0.000000000000000000 ) ) ;
#141 = VERTEX_POINT ( 'NONE', #3577 ) ;
#142 = CARTESIAN_POINT ( 'NONE',  ( 23.37500000000000355, -23.37500000000000711, 16.00000000000000000 ) ) ;
#143 = VECTOR ( 'NONE', #841, 1000.000000000000000 ) ;
#144 = AXIS2_PLACEMENT_3D ( 'NONE', #3603, #1783, #861 ) ;
#145 = AXIS2_PLACEMENT_3D ( 'NONE', #1786, #3642, #2744 ) ;
#146 = FACE_OUTER_BOUND ( 'NONE', #3820, .T. ) ;
#147 = FACE_OUTER_BOUND ( 'NONE', #2474, .T. ) ;
#148 = ORIENTED_EDGE ( 'NONE', *, *, #3009, .F. ) ;
#149 = DIRECTION ( 'NONE',  ( -1.000000000000000000, -1.176083712526648949E-16, 6.800600086113123653E-32 ) ) ;
#150 = EDGE_CURVE ( 'NONE', #1342, #2596, #3680, .T. ) ;
#151 = PRODUCT_DEFINITION_FORMATION_WITH_SPECIFIED_SOURCE ( 'ANY', '', #2152, .NOT_KNOWN. ) ;
#152 = VECTOR ( 'NONE', #2858, 1000.000000000000000 ) ;
#153 = ORIENTED_EDGE ( 'NONE', *, *, #3591, .F. ) ;
#154 = ADVANCED_FACE ( 'NONE', ( #1135 ), #2664, .F. ) ;
#155 = VECTOR ( 'NONE', #3936, 1000.000000000000000 ) ;
#156 = VECTOR ( 'NONE', #1498, 1000.000000000000000 ) ;
#157 = VECTOR ( 'NONE', #2021, 1000.000000000000227 ) ;
#158 = VERTEX_POINT ( 'NONE', #1739 ) ;
#159 = DIRECTION ( 'NONE',  ( 1.000000000000000000, 1.176083712526648949E-16, -6.800600086113123653E-32 ) ) ;
#160 = LINE ( 'NONE', #3780, #1249 ) ;
#161 = DIRECTION ( 'NONE',  ( -1.000000000000000000, -1.176083712526648949E-16, 6.800600086113123653E-32 ) ) ;
#162 = DIRECTION ( 'NONE',  ( -0.000000000000000000, -1.000000000000000000, -0.000000000000000000 ) ) ;
#163 = VERTEX_POINT ( 'NONE', #223 ) ;
#164 = DIRECTION ( 'NONE',  ( -8.566535683836085482E-17, 1.000000000000000000, 0.000000000000000000 ) ) ;
#165 = ORIENTED_EDGE ( 'NONE', *, *, #916, .T. ) ;
#166 = ADVANCED_FACE ( 'NONE', ( #985 ), #3427, .F. ) ;
#167 = CARTESIAN_POINT ( 'NONE',  ( 26.00000000000000355, 14.49999999999999467, 16.00000000000000000 ) ) ;
#168 = DIRECTION ( 'NONE',  ( 0.000000000000000000, 0.000000000000000000, -1.000000000000000000 ) ) ;
#169 = EDGE_CURVE ( 'NONE', #593, #3812, #2466, .T. ) ;
#170 = DIRECTION ( 'NONE',  ( -1.000000000000000000, -8.566535683836115064E-17, 0.000000000000000000 ) ) ;
#171 = ORIENTED_EDGE ( 'NONE', *, *, #521, .F. ) ;
#172 = DIRECTION ( 'NONE',  ( 0.000000000000000000, -0.000000000000000000, 1.000000000000000000 ) ) ;
#173 = VERTEX_POINT ( 'NONE', #2207 ) ;
#174 = VERTEX_POINT ( 'NONE', #3064 ) ;
#175 = EDGE_CURVE ( 'NONE', #1036, #2857, #3524, .T. ) ;
#176 = ADVANCED_FACE ( 'NONE', ( #3445 ), #1905, .T. ) ;
#177 = ORIENTED_EDGE ( 'NONE', *, *, #2472, .T. ) ;
#178 = DIRECTION ( 'NONE',  ( 0.000000000000000000, 0.000000000000000000, -1.000000000000000000 ) ) ;
#179 = FACE_OUTER_BOUND ( 'NONE', #2952, .T. ) ;
#180 = EDGE_CURVE ( 'NONE', #2752, #3584, #393, .T. ) ;
#181 = CARTESIAN_POINT ( 'NONE',  ( 20.00000000000000711, -29.25000000000000000, 58.24999999999999289 ) ) ;
#182 = FACE_OUTER_BOUND ( 'NONE', #864, .T. ) ;
#183 = TOROIDAL_SURFACE ( 'NONE', #3635, 0.7500000000000000000, 0.2500000000000000000 ) ;
#184 = ORIENTED_EDGE ( 'NONE', *, *, #2717, .F. ) ;
#185 = DIRECTION ( 'NONE',  ( -0.000000000000000000, -5.782411586589358625E-16, -1.000000000000000000 ) ) ;
#186 = VERTEX_POINT ( 'NONE', #701 ) ;
#187 = FACE_OUTER_BOUND ( 'NONE', #1215, .T. ) ;
#188 = DIRECTION ( 'NONE',  ( 0.000000000000000000, -1.000000000000000000, 0.000000000000000000 ) ) ;
#189 = DIRECTION ( 'NONE',  ( 1.176083712526648949E-16, -1.000000000000000000, -0.000000000000000000 ) ) ;
#190 = ORIENTED_EDGE ( 'NONE', *, *, #543, .F. ) ;
#191 = DIRECTION ( 'NONE',  ( -0.000000000000000000, -5.782411586589358625E-16, -1.000000000000000000 ) ) ;
#192 = VERTEX_POINT ( 'NONE', #1581 ) ;
#193 = DIRECTION ( 'NONE',  ( -1.000000000000000000, -0.000000000000000000, -0.000000000000000000 ) ) ;
#194 = VECTOR ( 'NONE', #2324, 1000.000000000000000 ) ;
#195 = CARTESIAN_POINT ( 'NONE',  ( 26.50000000000000000, 7.306876992403958937, 24.58043675029717079 ) ) ;
#196 = EDGE_CURVE ( 'NONE', #1105, #2752, #382, .T. ) ;
#197 = ORIENTED_EDGE ( 'NONE', *, *, #169, .F. ) ;
#198 = FACE_OUTER_BOUND ( 'NONE', #3159, .T. ) ;
#199 = LINE ( 'NONE', #2898, #1124 ) ;
#200 = AXIS2_PLACEMENT_3D ( 'NONE', #276, #1733, #1493 ) ;
#201 = CARTESIAN_POINT ( 'NONE',  ( 25.33210678118656034, 7.999999999999859668, 24.99999999999999645 ) ) ;
#202 = CIRCLE ( 'NONE', #2631, 5.000000000000000000 ) ;
#203 = CARTESIAN_POINT ( 'NONE',  ( 21.62500000000001776, 8.170134174727747833, 24.79289321881345387 ) ) ;
#204 = CIRCLE ( 'NONE', #1735, 2.749999999999999112 ) ;
#205 = VERTEX_POINT ( 'NONE', #3107 ) ;
#206 = CARTESIAN_POINT ( 'NONE',  ( 25.75000000000000355, -16.50000000000000000, 55.00000000000000711 ) ) ;
#207 = ORIENTED_EDGE ( 'NONE', *, *, #220, .T. ) ;
#208 = EDGE_CURVE ( 'NONE', #2176, #714, #1621, .T. ) ;
#209 = DIRECTION ( 'NONE',  ( 0.000000000000000000, 0.000000000000000000, 1.000000000000000000 ) ) ;
#210 = DIRECTION ( 'NONE',  ( 0.000000000000000000, 0.000000000000000000, -1.000000000000000000 ) ) ;
#211 = DIRECTION ( 'NONE',  ( -1.360120017222624731E-31, 5.782411586589358625E-16, -1.000000000000000000 ) ) ;
#212 = EDGE_LOOP ( 'NONE', ( #434, #2365, #2453, #3719, #2758, #1766, #2288, #3893, #3732, #2307, #3952, #2988, #2786, #3886, #1294, #2823, #845, #439 ) ) ;
#213 = CARTESIAN_POINT ( 'NONE',  ( -1.477727405461724949E-15, 17.24999999999999645, 61.00000000000000000 ) ) ;
#214 = CIRCLE ( 'NONE', #2947, 0.2500000000000002220 ) ;
#215 = AXIS2_PLACEMENT_3D ( 'NONE', #821, #2362, #3582 ) ;
#216 = CARTESIAN_POINT ( 'NONE',  ( 3.999999999999996447, 23.37500000000000000, 6.000000000000000000 ) ) ;
#217 = AXIS2_PLACEMENT_3D ( 'NONE', #890, #2679, #2714 ) ;
#218 = DIRECTION ( 'NONE',  ( -1.000000000000000000, 0.000000000000000000, 0.000000000000000000 ) ) ;
#219 = CIRCLE ( 'NONE', #145, 4.500000000000000888 ) ;
#220 = EDGE_CURVE ( 'NONE', #3466, #1616, #2162, .T. ) ;
#221 = ORIENTED_EDGE ( 'NONE', *, *, #955, .T. ) ;
#222 = CARTESIAN_POINT ( 'NONE',  ( 26.50000000000000355, 9.999999999999994671, 24.50000000000000355 ) ) ;
#223 = CARTESIAN_POINT ( 'NONE',  ( 15.25000000000000711, -26.75000000000000711, 55.25000000000001421 ) ) ;
#224 = VECTOR ( 'NONE', #3572, 1000.000000000000000 ) ;
#225 = AXIS2_PLACEMENT_3D ( 'NONE', #2685, #2866, #407 ) ;
#226 = FACE_OUTER_BOUND ( 'NONE', #1967, .T. ) ;
#227 = DIRECTION ( 'NONE',  ( 1.000000000000000000, 0.000000000000000000, 0.000000000000000000 ) ) ;
#228 = ADVANCED_FACE ( 'NONE', ( #2827 ), #2807, .F. ) ;
#229 = VERTEX_POINT ( 'NONE', #3145 ) ;
#230 = VERTEX_POINT ( 'NONE', #61 ) ;
#231 = ORIENTED_EDGE ( 'NONE', *, *, #1580, .T. ) ;
#232 = CARTESIAN_POINT ( 'NONE',  ( 26.50000000000000355, -7.250000000000002665, 6.000000000000004441 ) ) ;
#233 = AXIS2_PLACEMENT_3D ( 'NONE', #1888, #82, #1006 ) ;
#234 = CARTESIAN_POINT ( 'NONE',  ( 26.50000000000000355, 14.99999999999999645, 15.75000000000000000 ) ) ;
#235 = EDGE_CURVE ( 'NONE', #3772, #2708, #101, .T. ) ;
#236 = DIRECTION ( 'NONE',  ( 1.000000000000000000, 0.000000000000000000, 0.000000000000000000 ) ) ;
#237 = ORIENTED_EDGE ( 'NONE', *, *, #1408, .F. ) ;
#238 = ORIENTED_EDGE ( 'NONE', *, *, #1842, .F. ) ;
#239 = EDGE_CURVE ( 'NONE', #2673, #1616, #773, .T. ) ;
#240 = CARTESIAN_POINT ( 'NONE',  ( 14.00000000000000178, 30.25000000000000000, 9.124999999999996447 ) ) ;
#241 = AXIS2_PLACEMENT_3D ( 'NONE', #3179, #3536, #3499 ) ;
#242 = LINE ( 'NONE', #541, #1799 ) ;
#243 = VERTEX_POINT ( 'NONE', #1277 ) ;
#244 = DIRECTION ( 'NONE',  ( -1.176083712526648949E-16, 1.000000000000000000, -3.965082230804130713E-16 ) ) ;
#245 = EDGE_CURVE ( 'NONE', #1748, #494, #1865, .T. ) ;
#246 = DIRECTION ( 'NONE',  ( 1.000000000000000000, 8.566535683836087947E-17, -0.000000000000000000 ) ) ;
#247 = ADVANCED_FACE ( 'NONE', ( #2773 ), #26, .T. ) ;
#248 = FACE_OUTER_BOUND ( 'NONE', #504, .T. ) ;
#249 = VERTEX_POINT ( 'NONE', #348 ) ;
#250 = CARTESIAN_POINT ( 'NONE',  ( 26.25000000000000355, 20.24999999999999645, 15.75000000000000000 ) ) ;
#251 = ORIENTED_EDGE ( 'NONE', *, *, #3638, .F. ) ;
#252 = ORIENTED_EDGE ( 'NONE', *, *, #3083, .T. ) ;
#253 = DIRECTION ( 'NONE',  ( -0.000000000000000000, -1.000000000000000000, -0.000000000000000000 ) ) ;
#254 = LINE ( 'NONE', #3525, #60 ) ;
#255 = EDGE_CURVE ( 'NONE', #249, #1925, #3729, .T. ) ;
#256 = DIRECTION ( 'NONE',  ( -1.000000000000000000, -0.000000000000000000, -0.000000000000000000 ) ) ;
#257 = EDGE_LOOP ( 'NONE', ( #3026, #1955, #2017, #165 ) ) ;
#258 = EDGE_LOOP ( 'NONE', ( #231, #1891, #2617, #1292 ) ) ;
#259 = CARTESIAN_POINT ( 'NONE',  ( 20.25000000000000000, 26.75000000000000000, 54.99999999999999289 ) ) ;
#260 = DIRECTION ( 'NONE',  ( 1.000000000000000000, 8.566535683836085482E-17, -0.000000000000000000 ) ) ;
#261 = VECTOR ( 'NONE', #3113, 1000.000000000000000 ) ;
#262 = CARTESIAN_POINT ( 'NONE',  ( 40.25000000000000711, 15.00000000000001066, 10.99999999999999645 ) ) ;
#263 = CARTESIAN_POINT ( 'NONE',  ( 26.75000000000000355, 17.50000000000000000, 55.24999999999999289 ) ) ;
#264 = ORIENTED_EDGE ( 'NONE', *, *, #3718, .T. ) ;
#265 = DIRECTION ( 'NONE',  ( 8.566535683836089180E-17, -1.000000000000000000, -0.000000000000000000 ) ) ;
#266 = ORIENTED_EDGE ( 'NONE', *, *, #2520, .F. ) ;
#267 = EDGE_LOOP ( 'NONE', ( #450, #2913, #662, #2670 ) ) ;
#268 = CARTESIAN_POINT ( 'NONE',  ( 9.000000000000001776, 23.37500000000000000, 16.00000000000000000 ) ) ;
#269 = ADVANCED_FACE ( 'NONE', ( #963 ), #1261, .T. ) ;
#270 = CIRCLE ( 'NONE', #2375, 0.5000000000000004441 ) ;
#271 = CYLINDRICAL_SURFACE ( 'NONE', #1599, 1.875000000000000000 ) ;
#272 = ORIENTED_EDGE ( 'NONE', *, *, #114, .F. ) ;
#273 = LINE ( 'NONE', #1429, #290 ) ;
#274 = ORIENTED_EDGE ( 'NONE', *, *, #454, .T. ) ;
#275 = DIRECTION ( 'NONE',  ( -1.972152263052529514E-31, 0.000000000000000000, 1.000000000000000000 ) ) ;
#276 = CARTESIAN_POINT ( 'NONE',  ( 15.50000000000000000, 29.25000000000002842, 1.691355389077388810E-14 ) ) ;
#277 = AXIS2_PLACEMENT_3D ( 'NONE', #3878, #159, #2292 ) ;
#278 = VECTOR ( 'NONE', #3394, 1000.000000000000000 ) ;
#279 = AXIS2_PLACEMENT_3D ( 'NONE', #181, #776, #2938 ) ;
#280 = VECTOR ( 'NONE', #3903, 1000.000000000000000 ) ;
#281 = ADVANCED_FACE ( 'NONE', ( #1661 ), #2025, .F. ) ;
#282 = CARTESIAN_POINT ( 'NONE',  ( 26.50000000000000355, 30.25000000000000000, 6.000000000000000000 ) ) ;
#283 = CARTESIAN_POINT ( 'NONE',  ( 6.500000000000001776, -23.37500000000000711, 16.00000000000000000 ) ) ;
#284 = ORIENTED_EDGE ( 'NONE', *, *, #2999, .T. ) ;
#285 = DIRECTION ( 'NONE',  ( 1.386719069154237522E-15, 1.000000000000000000, -9.251858538542979716E-16 ) ) ;
#286 = ORIENTED_EDGE ( 'NONE', *, *, #887, .T. ) ;
#287 = AXIS2_PLACEMENT_3D ( 'NONE', #2016, #2996, #1469 ) ;
#288 = ORIENTED_EDGE ( 'NONE', *, *, #2541, .F. ) ;
#289 = CIRCLE ( 'NONE', #3034, 2.000000000000001776 ) ;
#290 = VECTOR ( 'NONE', #3616, 1000.000000000000000 ) ;
#291 = CARTESIAN_POINT ( 'NONE',  ( 20.25000000000000355, -14.50000000000000178, 16.00000000000000000 ) ) ;
#292 = DIRECTION ( 'NONE',  ( 1.000000000000000000, 0.000000000000000000, 0.000000000000000000 ) ) ;
#293 = AXIS2_PLACEMENT_3D ( 'NONE', #1058, #2278, #757 ) ;
#294 = DIRECTION ( 'NONE',  ( 1.000000000000000000, 1.176083712526644758E-16, 0.000000000000000000 ) ) ;
#295 = ORIENTED_EDGE ( 'NONE', *, *, #1035, .F. ) ;
#296 = PERSON_AND_ORGANIZATION_ROLE ( 'creator' ) ;
#297 = EDGE_CURVE ( 'NONE', #3787, #3760, #1991, .T. ) ;
#298 = ORIENTED_EDGE ( 'NONE', *, *, #1842, .T. ) ;
#299 = EDGE_CURVE ( 'NONE', #2411, #1773, #1156, .T. ) ;
#300 = CARTESIAN_POINT ( 'NONE',  ( 15.25000000000000711, -26.75000000000000711, 55.00000000000001421 ) ) ;
#301 = EDGE_CURVE ( 'NONE', #1084, #830, #1424, .T. ) ;
#302 = DIRECTION ( 'NONE',  ( -0.000000000000000000, 0.000000000000000000, 1.000000000000000000 ) ) ;
#303 = ADVANCED_FACE ( 'NONE', ( #805 ), #2282, .F. ) ;
#304 = LINE ( 'NONE', #3922, #3918 ) ;
#305 = CARTESIAN_POINT ( 'NONE',  ( 20.25000000000000355, 20.24999999999999645, 6.000000000000000000 ) ) ;
#306 = VERTEX_POINT ( 'NONE', #3567 ) ;
#307 = CARTESIAN_POINT ( 'NONE',  ( 0.000000000000000000, 0.000000000000000000, 16.00000000000000000 ) ) ;
#308 = ORIENTED_EDGE ( 'NONE', *, *, #3300, .F. ) ;
#309 = ORIENTED_EDGE ( 'NONE', *, *, #1176, .F. ) ;
#310 = DIRECTION ( 'NONE',  ( 1.176083712526648949E-16, -1.000000000000000000, -7.998074996684972405E-48 ) ) ;
#311 = DIRECTION ( 'NONE',  ( 0.000000000000000000, -1.000000000000000000, 0.000000000000000000 ) ) ;
#312 = CARTESIAN_POINT ( 'NONE',  ( 20.50000000000000355, -7.250000000000009770, 8.733850833911022841E-16 ) ) ;
#313 = EDGE_LOOP ( 'NONE', ( #115, #2735, #1813, #2475, #2626, #1390, #128, #511 ) ) ;
#314 = COORDINATED_UNIVERSAL_TIME_OFFSET ( 1, 0, .AHEAD. ) ;
#315 = ORIENTED_EDGE ( 'NONE', *, *, #1213, .T. ) ;
#316 = DIRECTION ( 'NONE',  ( -1.000000000000000000, -1.176083712526644758E-16, 0.000000000000000000 ) ) ;
#317 = CARTESIAN_POINT ( 'NONE',  ( 20.25000000000000355, -17.50000000000000000, 60.75000000000000000 ) ) ;
#318 = VERTEX_POINT ( 'NONE', #1123 ) ;
#319 = DIRECTION ( 'NONE',  ( 0.000000000000000000, -3.469446951953611033E-15, -1.000000000000000000 ) ) ;
#320 = CARTESIAN_POINT ( 'NONE',  ( 21.12500000000000355, 14.99999999999999467, 20.00000000000000355 ) ) ;
#321 = AXIS2_PLACEMENT_3D ( 'NONE', #3382, #3105, #2239 ) ;
#322 = AXIS2_PLACEMENT_3D ( 'NONE', #745, #968, #3434 ) ;
#323 = VERTEX_POINT ( 'NONE', #2944 ) ;
#324 = DIRECTION ( 'NONE',  ( -1.000000000000000000, -8.566535683836085482E-17, 0.000000000000000000 ) ) ;
#325 = ORIENTED_EDGE ( 'NONE', *, *, #3310, .F. ) ;
#326 = DIRECTION ( 'NONE',  ( -1.000000000000000000, -8.566535683836087947E-17, 1.215432671457254510E-63 ) ) ;
#327 = CARTESIAN_POINT ( 'NONE',  ( 26.50000000000000000, -14.58043675029729336, 15.80687699240393052 ) ) ;
#328 = EDGE_CURVE ( 'NONE', #2788, #1841, #1100, .T. ) ;
#329 = CARTESIAN_POINT ( 'NONE',  ( 15.25000000000000000, 23.00000000000000000, 57.99999999999999289 ) ) ;
#330 = CARTESIAN_POINT ( 'NONE',  ( 20.25000000000000355, -20.25000000000000355, 16.00000000000000000 ) ) ;
#331 = ORIENTED_EDGE ( 'NONE', *, *, #2762, .T. ) ;
#332 = ORIENTED_EDGE ( 'NONE', *, *, #2930, .T. ) ;
#333 = LINE ( 'NONE', #2780, #2583 ) ;
#334 = TOROIDAL_SURFACE ( 'NONE', #392, 0.7500000000000000000, 0.2500000000000000000 ) ;
#335 = DIRECTION ( 'NONE',  ( -0.000000000000000000, 0.000000000000000000, 1.000000000000000000 ) ) ;
#336 = EDGE_LOOP ( 'NONE', ( #3534, #2659, #272, #2487, #2927 ) ) ;
#337 = AXIS2_PLACEMENT_3D ( 'NONE', #3933, #3588, #2048 ) ;
#338 = EDGE_CURVE ( 'NONE', #1487, #2682, #1202, .T. ) ;
#339 = CIRCLE ( 'NONE', #3728, 0.7500000000000006661 ) ;
#340 = CARTESIAN_POINT ( 'NONE',  ( 25.75000000000000355, -17.50000000000000000, 60.75000000000000000 ) ) ;
#341 = EDGE_LOOP ( 'NONE', ( #2157, #922, #3356, #3096 ) ) ;
#342 = AXIS2_PLACEMENT_3D ( 'NONE', #1794, #2658, #3871 ) ;
#343 = DIRECTION ( 'NONE',  ( -1.000000000000000000, 1.386719069154236338E-15, 0.000000000000000000 ) ) ;
#344 = CIRCLE ( 'NONE', #3601, 5.000000000000000888 ) ;
#345 = EDGE_LOOP ( 'NONE', ( #517, #298, #2844, #1614, #1382, #2002, #2238, #1053 ) ) ;
#346 = LINE ( 'NONE', #1945, #3770 ) ;
#347 = DIRECTION ( 'NONE',  ( 1.000000000000000000, 8.566535683836115064E-17, 0.000000000000000000 ) ) ;
#348 = CARTESIAN_POINT ( 'NONE',  ( 25.12500000000001066, 8.410740232051090004, 24.50000000000000000 ) ) ;
#349 = CYLINDRICAL_SURFACE ( 'NONE', #844, 2.500000000000002220 ) ;
#350 = VERTEX_POINT ( 'NONE', #2302 ) ;
#351 = PERSON_AND_ORGANIZATION ( #1167, #1173 ) ;
#352 = DIRECTION ( 'NONE',  ( -0.000000000000000000, -1.000000000000000000, -0.000000000000000000 ) ) ;
#353 = CIRCLE ( 'NONE', #1562, 0.5000000000000004441 ) ;
#354 = EDGE_CURVE ( 'NONE', #2923, #1639, #884, .T. ) ;
#355 = CYLINDRICAL_SURFACE ( 'NONE', #414, 0.2500000000000002220 ) ;
#356 = LINE ( 'NONE', #3052, #3908 ) ;
#357 = ORIENTED_EDGE ( 'NONE', *, *, #1864, .F. ) ;
#358 = EDGE_CURVE ( 'NONE', #1072, #98, #3317, .T. ) ;
#359 = CARTESIAN_POINT ( 'NONE',  ( 26.00000000000000355, -10.00000000000000355, 20.00000000000001066 ) ) ;
#360 = ORIENTED_EDGE ( 'NONE', *, *, #2204, .F. ) ;
#361 = CYLINDRICAL_SURFACE ( 'NONE', #2195, 1.000000000000000888 ) ;
#362 = ORIENTED_EDGE ( 'NONE', *, *, #52, .T. ) ;
#363 = ADVANCED_FACE ( 'NONE', ( #1968, #3548, #3231 ), #1444, .T. ) ;
#364 = LINE ( 'NONE', #1005, #512 ) ;
#365 = DIRECTION ( 'NONE',  ( 0.000000000000000000, -1.000000000000000000, 0.000000000000000000 ) ) ;
#366 = DIRECTION ( 'NONE',  ( -0.000000000000000000, -1.000000000000000000, -0.000000000000000000 ) ) ;
#367 = DIRECTION ( 'NONE',  ( 1.000000000000000000, 0.000000000000000000, 0.000000000000000000 ) ) ;
#368 = ORIENTED_EDGE ( 'NONE', *, *, #1181, .F. ) ;
#369 = CALENDAR_DATE ( 2026, 11, 8 ) ;
#370 = DIRECTION ( 'NONE',  ( -1.000000000000000000, -8.566535683836087947E-17, 0.000000000000000000 ) ) ;
#371 = ADVANCED_FACE ( 'NONE', ( #1142, #462 ), #3506, .T. ) ;
#372 = CARTESIAN_POINT ( 'NONE',  ( 20.00000000000000355, 17.25000000000000000, 54.99999999999999289 ) ) ;
#373 = CARTESIAN_POINT ( 'NONE',  ( 25.62500000000000711, 9.999999999999994671, 25.00000000000000000 ) ) ;
#374 = VERTEX_POINT ( 'NONE', #2345 ) ;
#375 = VECTOR ( 'NONE', #1848, 1000.000000000000000 ) ;
#376 = EDGE_LOOP ( 'NONE', ( #3182, #529, #3176, #3509 ) ) ;
#377 = CARTESIAN_POINT ( 'NONE',  ( 20.00000000000000000, 29.25000000000000000, 54.99999999999999289 ) ) ;
#378 = VERTEX_POINT ( 'NONE', #1361 ) ;
#379 = DIRECTION ( 'NONE',  ( -1.000000000000000000, -8.566535683836087947E-17, 0.000000000000000000 ) ) ;
#380 = DIRECTION ( 'NONE',  ( 1.000000000000000000, 0.000000000000000000, 0.000000000000000000 ) ) ;
#381 = AXIS2_PLACEMENT_3D ( 'NONE', #2711, #7, #1523 ) ;
#382 = LINE ( 'NONE', #1024, #73 ) ;
#383 = DIRECTION ( 'NONE',  ( 0.000000000000000000, -1.000000000000000000, 0.000000000000000000 ) ) ;
#384 = ORIENTED_EDGE ( 'NONE', *, *, #1641, .T. ) ;
#385 = ADVANCED_FACE ( 'NONE', ( #1379 ), #1585, .T. ) ;
#386 = DIRECTION ( 'NONE',  ( -0.000000000000000000, -0.000000000000000000, 1.000000000000000000 ) ) ;
#387 = CARTESIAN_POINT ( 'NONE',  ( 20.25000000000000000, 29.50000000000000000, 58.24999999999999289 ) ) ;
#388 = DIRECTION ( 'NONE',  ( 0.000000000000000000, -0.000000000000000000, -1.000000000000000000 ) ) ;
#389 = ORIENTED_EDGE ( 'NONE', *, *, #3609, .T. ) ;
#390 = CARTESIAN_POINT ( 'NONE',  ( 26.00000000000000355, 7.499999999999858780, 24.50000000000000000 ) ) ;
#391 = CIRCLE ( 'NONE', #1861, 2.749999999999999112 ) ;
#392 = AXIS2_PLACEMENT_3D ( 'NONE', #3668, #3612, #292 ) ;
#393 =( BOUNDED_CURVE ( )  B_SPLINE_CURVE ( 3, ( #2182, #946, #3126, #2792 ),
 .UNSPECIFIED., .F., .T. ) 
 B_SPLINE_CURVE_WITH_KNOTS ( ( 4, 4 ),
 ( 1.570796326794893671, 3.141592653589794448 ),
 .UNSPECIFIED. ) 
 CURVE ( )  GEOMETRIC_REPRESENTATION_ITEM ( )  RATIONAL_B_SPLINE_CURVE ( ( 1.000000000000000000, 0.8047378541243640493, 0.8047378541243640493, 1.000000000000000000 ) ) 
 REPRESENTATION_ITEM ( '' )  );
#394 = CARTESIAN_POINT ( 'NONE',  ( 15.50000000000000711, -29.50000000000000355, 57.75000000000000711 ) ) ;
#395 = ORIENTED_EDGE ( 'NONE', *, *, #1406, .F. ) ;
#396 = CYLINDRICAL_SURFACE ( 'NONE', #3217, 1.000000000000000888 ) ;
#397 = ORIENTED_EDGE ( 'NONE', *, *, #1819, .T. ) ;
#398 = CIRCLE ( 'NONE', #3659, 0.2500000000000002220 ) ;
#399 = ADVANCED_FACE ( 'NONE', ( #187 ), #183, .T. ) ;
#400 = CARTESIAN_POINT ( 'NONE',  ( 21.12500000000000355, -15.00000000000000355, 16.47879918526321674 ) ) ;
#401 = CARTESIAN_POINT ( 'NONE',  ( 21.62500000000001066, -9.999999999999998224, 24.50000000000001066 ) ) ;
#402 = AXIS2_PLACEMENT_3D ( 'NONE', #859, #618, #997 ) ;
#403 = AXIS2_PLACEMENT_3D ( 'NONE', #37, #1859, #1806 ) ;
#404 = DIRECTION ( 'NONE',  ( 1.000000000000000000, -1.386719069154245607E-15, 0.000000000000000000 ) ) ;
#405 = LINE ( 'NONE', #2244, #1745 ) ;
#406 = ORIENTED_EDGE ( 'NONE', *, *, #2741, .T. ) ;
#407 = DIRECTION ( 'NONE',  ( 1.386719069154237324E-15, -1.000000000000000000, -2.089912683781590277E-49 ) ) ;
#408 = LINE ( 'NONE', #106, #1685 ) ;
#409 = CARTESIAN_POINT ( 'NONE',  ( 25.75000000000000355, 17.25000000000000000, 54.99999999999999289 ) ) ;
#410 = ORIENTED_EDGE ( 'NONE', *, *, #411, .F. ) ;
#411 = EDGE_CURVE ( 'NONE', #2906, #3491, #2610, .T. ) ;
#412 = DIRECTION ( 'NONE',  ( -1.000000000000000000, 0.000000000000000000, -1.972152263052529514E-31 ) ) ;
#413 = EDGE_CURVE ( 'NONE', #823, #772, #1782, .T. ) ;
#414 = AXIS2_PLACEMENT_3D ( 'NONE', #951, #893, #316 ) ;
#415 = AXIS2_PLACEMENT_3D ( 'NONE', #438, #1353, #501 ) ;
#416 = EDGE_CURVE ( 'NONE', #2022, #2267, #2286, .T. ) ;
#417 = DIRECTION ( 'NONE',  ( -1.000000000000000000, 0.000000000000000000, 0.000000000000000000 ) ) ;
#418 = EDGE_CURVE ( 'NONE', #192, #3041, #3645, .T. ) ;
#419 = ORIENTED_EDGE ( 'NONE', *, *, #1001, .F. ) ;
#420 = LINE ( 'NONE', #2581, #542 ) ;
#421 = FACE_OUTER_BOUND ( 'NONE', #77, .T. ) ;
#422 = DIRECTION ( 'NONE',  ( -1.386719069154237916E-15, -1.000000000000000000, 9.251858538542979716E-16 ) ) ;
#423 = DIRECTION ( 'NONE',  ( 0.000000000000000000, 0.000000000000000000, -1.000000000000000000 ) ) ;
#424 = VECTOR ( 'NONE', #2562, 1000.000000000000000 ) ;
#425 = ORIENTED_EDGE ( 'NONE', *, *, #3574, .T. ) ;
#426 = CARTESIAN_POINT ( 'NONE',  ( 20.25000000000000355, -10.00000000000000355, 20.00000000000001066 ) ) ;
#427 = ORIENTED_EDGE ( 'NONE', *, *, #1759, .F. ) ;
#428 = DIRECTION ( 'NONE',  ( 1.000000000000000000, 0.000000000000000000, 0.000000000000000000 ) ) ;
#429 = DIRECTION ( 'NONE',  ( 0.000000000000000000, 0.000000000000000000, -1.000000000000000000 ) ) ;
#430 = FACE_OUTER_BOUND ( 'NONE', #2586, .T. ) ;
#431 = EDGE_LOOP ( 'NONE', ( #3626, #575, #1128, #3766, #553, #1692, #2755, #1017 ) ) ;
#432 = FACE_BOUND ( 'NONE', #2970, .T. ) ;
#433 = VERTEX_POINT ( 'NONE', #1545 ) ;
#434 = ORIENTED_EDGE ( 'NONE', *, *, #1345, .F. ) ;
#435 = DIRECTION ( 'NONE',  ( -1.360120017222624731E-31, 5.782411586589358625E-16, -1.000000000000000000 ) ) ;
#436 = DIRECTION ( 'NONE',  ( 0.000000000000000000, 0.000000000000000000, 1.000000000000000000 ) ) ;
#437 = CARTESIAN_POINT ( 'NONE',  ( 6.499999999999999112, 23.37500000000000000, 6.000000000000000000 ) ) ;
#438 = CARTESIAN_POINT ( 'NONE',  ( 20.00000000000000711, -29.25000000000000355, 57.75000000000000711 ) ) ;
#439 = ORIENTED_EDGE ( 'NONE', *, *, #3017, .T. ) ;
#440 = LINE ( 'NONE', #1601, #976 ) ;
#441 = ORIENTED_EDGE ( 'NONE', *, *, #2544, .F. ) ;
#442 = DIRECTION ( 'NONE',  ( 0.000000000000000000, 1.000000000000000000, 0.000000000000000000 ) ) ;
#443 = CARTESIAN_POINT ( 'NONE',  ( 26.50000000000000355, 16.50000000000000000, 60.75000000000000000 ) ) ;
#444 = EDGE_CURVE ( 'NONE', #33, #2190, #1522, .T. ) ;
#445 = DIRECTION ( 'NONE',  ( 1.000000000000000000, 8.566535683836085482E-17, -0.000000000000000000 ) ) ;
#446 = ORIENTED_EDGE ( 'NONE', *, *, #1593, .F. ) ;
#447 = FACE_OUTER_BOUND ( 'NONE', #2417, .T. ) ;
#448 = ORIENTED_EDGE ( 'NONE', *, *, #1052, .F. ) ;
#449 = VECTOR ( 'NONE', #746, 1000.000000000000000 ) ;
#450 = ORIENTED_EDGE ( 'NONE', *, *, #1213, .F. ) ;
#451 = AXIS2_PLACEMENT_3D ( 'NONE', #3689, #643, #3088 ) ;
#452 = CARTESIAN_POINT ( 'NONE',  ( 21.12500000000001421, -7.999999999999863221, 25.00000000000000000 ) ) ;
#453 = CYLINDRICAL_SURFACE ( 'NONE', #3362, 0.5000000000000004441 ) ;
#454 = EDGE_CURVE ( 'NONE', #230, #2731, #3005, .T. ) ;
#455 = EDGE_CURVE ( 'NONE', #1443, #716, #3062, .T. ) ;
#456 = FACE_OUTER_BOUND ( 'NONE', #3530, .T. ) ;
#457 = CARTESIAN_POINT ( 'NONE',  ( 14.00000000000000178, 41.75000000000000000, 10.99999999999999645 ) ) ;
#458 = ORIENTED_EDGE ( 'NONE', *, *, #3776, .F. ) ;
#459 = DIRECTION ( 'NONE',  ( 1.000000000000000000, 1.176083712526648949E-16, -6.800600086113123653E-32 ) ) ;
#460 = ORIENTED_EDGE ( 'NONE', *, *, #3076, .F. ) ;
#461 = EDGE_CURVE ( 'NONE', #494, #929, #2430, .T. ) ;
#462 = FACE_OUTER_BOUND ( 'NONE', #1807, .T. ) ;
#463 = VECTOR ( 'NONE', #1196, 1000.000000000000000 ) ;
#464 = AXIS2_PLACEMENT_3D ( 'NONE', #1899, #2800, #53 ) ;
#465 = AXIS2_PLACEMENT_3D ( 'NONE', #2082, #1136, #2701 ) ;
#466 = AXIS2_PLACEMENT_3D ( 'NONE', #3446, #3804, #3167 ) ;
#467 = CARTESIAN_POINT ( 'NONE',  ( 21.62500000000000711, -14.50000000000000178, 4.511298301732662663E-30 ) ) ;
#468 = ADVANCED_FACE ( 'NONE', ( #2732 ), #3118, .T. ) ;
#469 = LINE ( 'NONE', #2832, #3777 ) ;
#470 = ORIENTED_EDGE ( 'NONE', *, *, #3251, .F. ) ;
#471 = CARTESIAN_POINT ( 'NONE',  ( 15.25000000000000355, 1.953242733674660494E-15, -1.377121517437907833E-30 ) ) ;
#472 = CIRCLE ( 'NONE', #3410, 0.5000000000000004441 ) ;
#473 = ORIENTED_EDGE ( 'NONE', *, *, #454, .F. ) ;
#474 = VERTEX_POINT ( 'NONE', #1481 ) ;
#475 = EDGE_CURVE ( 'NONE', #3473, #24, #3906, .T. ) ;
#476 = VECTOR ( 'NONE', #1644, 1000.000000000000000 ) ;
#477 = EDGE_CURVE ( 'NONE', #2682, #1487, #2043, .T. ) ;
#478 = AXIS2_PLACEMENT_3D ( 'NONE', #2845, #1577, #99 ) ;
#479 = VECTOR ( 'NONE', #2997, 1000.000000000000000 ) ;
#480 = AXIS2_PLACEMENT_3D ( 'NONE', #3636, #3013, #2033 ) ;
#481 = VERTEX_POINT ( 'NONE', #2768 ) ;
#482 = CARTESIAN_POINT ( 'NONE',  ( 20.25000000000000355, -15.00000000000000533, 11.00000000000000000 ) ) ;
#483 = DIRECTION ( 'NONE',  ( 0.000000000000000000, 1.000000000000000000, 0.000000000000000000 ) ) ;
#484 = B_SPLINE_CURVE_WITH_KNOTS ( 'NONE', 3,
 ( #642, #625, #868, #3948, #1244, #3085 ),
 .UNSPECIFIED., .F., .F.,
 ( 4, 2, 4 ),
 ( -4.472155831844636383E-06, 0.0002910693660293041168, 0.0005866108878904528886 ),
 .UNSPECIFIED. ) ;
#485 = CARTESIAN_POINT ( 'NONE',  ( 21.62500000000000711, -9.999999999999998224, 25.00000000000000000 ) ) ;
#486 = ORIENTED_EDGE ( 'NONE', *, *, #765, .F. ) ;
#487 = CARTESIAN_POINT ( 'NONE',  ( 26.50000000000000355, 14.49999999999999467, 20.00000000000000355 ) ) ;
#488 = VERTEX_POINT ( 'NONE', #6 ) ;
#489 = CARTESIAN_POINT ( 'NONE',  ( 25.75000000000000355, -16.50000000000000000, 55.25000000000000711 ) ) ;
#490 = DIRECTION ( 'NONE',  ( 1.000000000000000000, 8.566535683836087947E-17, -1.215432671457254510E-63 ) ) ;
#491 = DIRECTION ( 'NONE',  ( 0.000000000000000000, 5.782411586589358625E-16, 1.000000000000000000 ) ) ;
#492 = VERTEX_POINT ( 'NONE', #904 ) ;
#493 = CARTESIAN_POINT ( 'NONE',  ( 21.12500000000000355, -14.50000000000000178, 4.412690688580036188E-30 ) ) ;
#494 = VERTEX_POINT ( 'NONE', #2447 ) ;
#495 = EDGE_CURVE ( 'NONE', #1453, #3521, #1618, .T. ) ;
#496 = CARTESIAN_POINT ( 'NONE',  ( 15.25000000000000711, -23.00000000000000000, 57.99999999999998579 ) ) ;
#497 = VERTEX_POINT ( 'NONE', #1220 ) ;
#498 = DIRECTION ( 'NONE',  ( -0.000000000000000000, 0.000000000000000000, 1.000000000000000000 ) ) ;
#499 = DIRECTION ( 'NONE',  ( -1.000000000000000000, -8.566535683836085482E-17, -0.000000000000000000 ) ) ;
#500 = CARTESIAN_POINT ( 'NONE',  ( 20.26856560917443417, 7.363541248930905780, 24.66009508800162919 ) ) ;
#501 = DIRECTION ( 'NONE',  ( -1.000000000000000000, 0.000000000000000000, 0.000000000000000000 ) ) ;
#502 = ORIENTED_EDGE ( 'NONE', *, *, #3602, .F. ) ;
#503 = CYLINDRICAL_SURFACE ( 'NONE', #215, 2.000000000000001776 ) ;
#504 = EDGE_LOOP ( 'NONE', ( #2911, #1311, #1099, #1847 ) ) ;
#505 = DIRECTION ( 'NONE',  ( 0.000000000000000000, 0.000000000000000000, 1.000000000000000000 ) ) ;
#506 = CARTESIAN_POINT ( 'NONE',  ( 15.25000000000000355, 1.953242733674660494E-15, 60.75000000000000000 ) ) ;
#507 = CARTESIAN_POINT ( 'NONE',  ( 20.75000000000000355, 9.999999999999994671, 25.00000000000000000 ) ) ;
#508 = EDGE_LOOP ( 'NONE', ( #2085, #1019 ) ) ;
#509 = PLANE ( 'NONE',  #3610 ) ;
#510 = EDGE_CURVE ( 'NONE', #374, #823, #3365, .T. ) ;
#511 = ORIENTED_EDGE ( 'NONE', *, *, #1291, .T. ) ;
#512 = VECTOR ( 'NONE', #1313, 1000.000000000000000 ) ;
#513 = CARTESIAN_POINT ( 'NONE',  ( 1.500000000000001332, -20.25000000000000355, 6.000000000000000000 ) ) ;
#514 = VECTOR ( 'NONE', #674, 1000.000000000000000 ) ;
#515 = CARTESIAN_POINT ( 'NONE',  ( 26.50000000000000355, 7.249999999999857003, 24.50000000000000000 ) ) ;
#516 = CC_DESIGN_PERSON_AND_ORGANIZATION_ASSIGNMENT ( #1264, #2454, ( #2152 ) ) ;
#517 = ORIENTED_EDGE ( 'NONE', *, *, #2660, .F. ) ;
#518 = CARTESIAN_POINT ( 'NONE',  ( 20.50000000000000355, 7.499999999999768185, -2.800855612254132803E-14 ) ) ;
#519 = DIRECTION ( 'NONE',  ( 0.000000000000000000, 0.000000000000000000, -1.000000000000000000 ) ) ;
#520 = CIRCLE ( 'NONE', #337, 2.500000000000002220 ) ;
#521 = EDGE_CURVE ( 'NONE', #3631, #2083, #3292, .T. ) ;
#522 = DIRECTION ( 'NONE',  ( 1.000000000000000000, -0.000000000000000000, -0.000000000000000000 ) ) ;
#523 = VECTOR ( 'NONE', #1831, 1000.000000000000000 ) ;
#524 = CARTESIAN_POINT ( 'NONE',  ( 26.50000000000000355, 26.50000000000002132, 54.99999999999998579 ) ) ;
#525 = AXIS2_PLACEMENT_3D ( 'NONE', #1223, #1507, #2473 ) ;
#526 = ORIENTED_EDGE ( 'NONE', *, *, #883, .T. ) ;
#527 = CARTESIAN_POINT ( 'NONE',  ( 21.41789321881346808, -7.999999999999856115, 25.00000000000000000 ) ) ;
#528 = ORIENTED_EDGE ( 'NONE', *, *, #1232, .T. ) ;
#529 = ORIENTED_EDGE ( 'NONE', *, *, #50, .T. ) ;
#530 = ADVANCED_FACE ( 'NONE', ( #2990 ), #1461, .F. ) ;
#531 = DIRECTION ( 'NONE',  ( 0.000000000000000000, 1.000000000000000000, 0.000000000000000000 ) ) ;
#532 = CARTESIAN_POINT ( 'NONE',  ( 20.25000000000000000, 20.99999999999999645, 57.99999999999999289 ) ) ;
#533 = DIRECTION ( 'NONE',  ( 1.000000000000000000, 8.566535683836085482E-17, -0.000000000000000000 ) ) ;
#534 = ORIENTED_EDGE ( 'NONE', *, *, #3722, .F. ) ;
#535 = CARTESIAN_POINT ( 'NONE',  ( 20.50000000000000355, 7.499999999999860556, 24.93301270189222052 ) ) ;
#536 = ORIENTED_EDGE ( 'NONE', *, *, #3514, .T. ) ;
#537 = VECTOR ( 'NONE', #3366, 1000.000000000000000 ) ;
#538 = AXIS2_PLACEMENT_3D ( 'NONE', #3304, #1441, #1158 ) ;
#539 = DIRECTION ( 'NONE',  ( -1.000000000000000000, -1.176083712526648949E-16, 6.800600086113123653E-32 ) ) ;
#540 = LOCAL_TIME ( 17, 29, 23.00000000000000000, #3951 ) ;
#541 = CARTESIAN_POINT ( 'NONE',  ( 0.000000000000000000, -20.25000000000000355, 6.000000000000000000 ) ) ;
#542 = VECTOR ( 'NONE', #3102, 1000.000000000000000 ) ;
#543 = EDGE_CURVE ( 'NONE', #98, #1072, #3897, .T. ) ;
#544 = ADVANCED_FACE ( 'NONE', ( #867 ), #3308, .F. ) ;
#545 = ORIENTED_EDGE ( 'NONE', *, *, #1759, .T. ) ;
#546 = DIRECTION ( 'NONE',  ( -1.000000000000000000, 0.000000000000000000, 0.000000000000000000 ) ) ;
#547 = AXIS2_PLACEMENT_3D ( 'NONE', #550, #2985, #1455 ) ;
#548 = EDGE_CURVE ( 'NONE', #2511, #1108, #3961, .T. ) ;
#549 = CYLINDRICAL_SURFACE ( 'NONE', #784, 2.000000000000001776 ) ;
#550 = CARTESIAN_POINT ( 'NONE',  ( 20.00000000000000000, 26.74999999999999645, 58.24999999999999289 ) ) ;
#551 = VERTEX_POINT ( 'NONE', #2548 ) ;
#552 = CARTESIAN_POINT ( 'NONE',  ( 26.25000000000000355, 26.50000000000000000, 16.00000000000000000 ) ) ;
#553 = ORIENTED_EDGE ( 'NONE', *, *, #2769, .T. ) ;
#554 = EDGE_LOOP ( 'NONE', ( #2557, #3303, #2994, #3745 ) ) ;
#555 = CARTESIAN_POINT ( 'NONE',  ( 1.500000000000002442, -28.25000000000000355, 16.00000000000000000 ) ) ;
#556 = FACE_OUTER_BOUND ( 'NONE', #3185, .T. ) ;
#557 = CARTESIAN_POINT ( 'NONE',  ( 20.00000000000000711, -26.75000000000000000, 61.00000000000000000 ) ) ;
#558 = ORIENTED_EDGE ( 'NONE', *, *, #477, .T. ) ;
#559 = FACE_OUTER_BOUND ( 'NONE', #1754, .T. ) ;
#560 = EDGE_LOOP ( 'NONE', ( #1501, #1760, #3172, #2782 ) ) ;
#561 = FACE_OUTER_BOUND ( 'NONE', #1559, .T. ) ;
#562 = CARTESIAN_POINT ( 'NONE',  ( 20.25000000000000711, -26.75000000000000000, 61.00000000000000000 ) ) ;
#563 = DIRECTION ( 'NONE',  ( -0.000000000000000000, 0.000000000000000000, 1.000000000000000000 ) ) ;
#564 = LINE ( 'NONE', #2117, #143 ) ;
#565 = ORIENTED_EDGE ( 'NONE', *, *, #180, .F. ) ;
#566 = LINE ( 'NONE', #3606, #855 ) ;
#567 = ORIENTED_EDGE ( 'NONE', *, *, #2289, .F. ) ;
#568 = VERTEX_POINT ( 'NONE', #719 ) ;
#569 = AXIS2_PLACEMENT_3D ( 'NONE', #2971, #531, #2652 ) ;
#570 = CARTESIAN_POINT ( 'NONE',  ( 40.25000000000000711, -15.00000000000000355, 11.00000000000000000 ) ) ;
#571 = CARTESIAN_POINT ( 'NONE',  ( 26.48142581948082963, -14.66011813017172294, 15.86355685471108679 ) ) ;
#572 = DIRECTION ( 'NONE',  ( 1.000000000000000000, 1.396285398062517084E-15, 0.000000000000000000 ) ) ;
#573 = ORIENTED_EDGE ( 'NONE', *, *, #2482, .F. ) ;
#574 = DIRECTION ( 'NONE',  ( 0.000000000000000000, -1.000000000000000000, 0.000000000000000000 ) ) ;
#575 = ORIENTED_EDGE ( 'NONE', *, *, #2276, .T. ) ;
#576 = EDGE_CURVE ( 'NONE', #1002, #2728, #3443, .T. ) ;
#577 = DIRECTION ( 'NONE',  ( 1.541976423090494844E-15, -1.000000000000000000, 0.000000000000000000 ) ) ;
#578 = CARTESIAN_POINT ( 'NONE',  ( 25.12500000000000000, 17.03874960282694317, 13.99699993145565635 ) ) ;
#579 = VECTOR ( 'NONE', #2367, 1000.000000000000000 ) ;
#580 = DIRECTION ( 'NONE',  ( 1.000000000000000000, 0.000000000000000000, 0.000000000000000000 ) ) ;
#581 = CARTESIAN_POINT ( 'NONE',  ( 26.50000000000000355, -16.50000000000000000, 55.25000000000000711 ) ) ;
#582 = EDGE_CURVE ( 'NONE', #75, #2159, #2805, .T. ) ;
#583 = EDGE_LOOP ( 'NONE', ( #3161, #730 ) ) ;
#584 = DIRECTION ( 'NONE',  ( 1.000000000000000000, 0.000000000000000000, 0.000000000000000000 ) ) ;
#585 = EDGE_LOOP ( 'NONE', ( #3935, #659, #1459, #1700, #384, #2382, #1787, #1014, #3778, #2879, #1919, #1339, #2686, #2864, #2981, #646, #900, #1576 ) ) ;
#586 = EDGE_CURVE ( 'NONE', #3911, #2673, #364, .T. ) ;
#587 = AXIS2_PLACEMENT_3D ( 'NONE', #1931, #3151, #388 ) ;
#588 = EDGE_LOOP ( 'NONE', ( #2121, #332, #2216, #1775 ) ) ;
#589 = DIRECTION ( 'NONE',  ( 0.000000000000000000, -1.000000000000000000, 0.000000000000000000 ) ) ;
#590 = CARTESIAN_POINT ( 'NONE',  ( 15.50000000000000711, -29.25000000000000355, 57.75000000000000711 ) ) ;
#591 = AXIS2_PLACEMENT_3D ( 'NONE', #928, #2146, #1832 ) ;
#592 = DIRECTION ( 'NONE',  ( 0.000000000000000000, -0.000000000000000000, 1.000000000000000000 ) ) ;
#593 = VERTEX_POINT ( 'NONE', #3762 ) ;
#594 = FACE_BOUND ( 'NONE', #3297, .T. ) ;
#595 = ORIENTED_EDGE ( 'NONE', *, *, #2461, .T. ) ;
#596 = ADVANCED_FACE ( 'NONE', ( #1862 ), #641, .T. ) ;
#597 = CARTESIAN_POINT ( 'NONE',  ( 20.25000000000000000, 26.75000000000000000, 55.24999999999998579 ) ) ;
#598 = FACE_BOUND ( 'NONE', #2986, .T. ) ;
#599 = AXIS2_PLACEMENT_3D ( 'NONE', #1152, #1391, #3241 ) ;
#600 = PLANE ( 'NONE',  #3224 ) ;
#601 = CARTESIAN_POINT ( 'NONE',  ( 25.75000000000000355, 17.25000000000000000, 61.00000000000000000 ) ) ;
#602 = EDGE_LOOP ( 'NONE', ( #57, #3563 ) ) ;
#603 = CARTESIAN_POINT ( 'NONE',  ( 65.25000000000000000, 9.999999999999994671, 20.00000000000000355 ) ) ;
#604 = ORIENTED_EDGE ( 'NONE', *, *, #1910, .T. ) ;
#605 = AXIS2_PLACEMENT_3D ( 'NONE', #3278, #539, #112 ) ;
#606 = ORIENTED_EDGE ( 'NONE', *, *, #938, .F. ) ;
#607 = CIRCLE ( 'NONE', #1625, 1.875000000000000000 ) ;
#608 = DIRECTION ( 'NONE',  ( 1.000000000000000000, 0.000000000000000000, 0.000000000000000000 ) ) ;
#609 = CARTESIAN_POINT ( 'NONE',  ( 15.25000000000000000, 26.74999999999999645, 61.00000000000000000 ) ) ;
#610 = LINE ( 'NONE', #3706, #906 ) ;
#611 = ORIENTED_EDGE ( 'NONE', *, *, #1890, .F. ) ;
#612 = APPLICATION_PROTOCOL_DEFINITION ( 'international standard', 'config_control_design', 1994, #2403 ) ;
#613 = VERTEX_POINT ( 'NONE', #1903 ) ;
#614 = LINE ( 'NONE', #933, #1622 ) ;
#615 = DIRECTION ( 'NONE',  ( -0.000000000000000000, -0.000000000000000000, 1.000000000000000000 ) ) ;
#616 = EDGE_LOOP ( 'NONE', ( #3904, #3314, #606, #3008, #1731, #958 ) ) ;
#617 = EDGE_CURVE ( 'NONE', #2596, #3899, #3723, .T. ) ;
#618 = DIRECTION ( 'NONE',  ( 0.000000000000000000, 0.000000000000000000, -1.000000000000000000 ) ) ;
#619 = EDGE_CURVE ( 'NONE', #2870, #497, #982, .T. ) ;
#620 = DIRECTION ( 'NONE',  ( -1.000000000000000000, 0.000000000000000000, 0.000000000000000000 ) ) ;
#621 = ORIENTED_EDGE ( 'NONE', *, *, #3796, .T. ) ;
#622 = DIRECTION ( 'NONE',  ( -8.566535683836085482E-17, 1.000000000000000000, 0.000000000000000000 ) ) ;
#623 = VERTEX_POINT ( 'NONE', #1563 ) ;
#624 = CARTESIAN_POINT ( 'NONE',  ( 20.25000000000000711, -20.99999999999999645, 57.99999999999998579 ) ) ;
#625 = CARTESIAN_POINT ( 'NONE',  ( 20.25000000000000000, 14.58043675029592912, 15.80687699240585253 ) ) ;
#626 = DIRECTION ( 'NONE',  ( 0.000000000000000000, 0.000000000000000000, -1.000000000000000000 ) ) ;
#627 = ORIENTED_EDGE ( 'NONE', *, *, #1045, .T. ) ;
#628 = APPROVAL_DATE_TIME ( #3649, #2817 ) ;
#629 = VERTEX_POINT ( 'NONE', #58 ) ;
#630 = DIRECTION ( 'NONE',  ( 0.000000000000000000, -1.000000000000000000, 0.000000000000000000 ) ) ;
#631 = DIRECTION ( 'NONE',  ( 1.000000000000000000, 1.176083712526648949E-16, -6.800600086113123653E-32 ) ) ;
#632 = EDGE_LOOP ( 'NONE', ( #2209, #1551, #2802, #3605 ) ) ;
#633 = ADVANCED_FACE ( 'NONE', ( #3084 ), #118, .T. ) ;
#634 = EDGE_CURVE ( 'NONE', #1651, #613, #346, .T. ) ;
#635 = FACE_BOUND ( 'NONE', #3004, .T. ) ;
#636 = VECTOR ( 'NONE', #3628, 1000.000000000000000 ) ;
#637 = EDGE_LOOP ( 'NONE', ( #1667, #3218, #3721, #2154 ) ) ;
#638 = FACE_OUTER_BOUND ( 'NONE', #690, .T. ) ;
#639 = VERTEX_POINT ( 'NONE', #400 ) ;
#640 = ADVANCED_FACE ( 'NONE', ( #3702 ), #2790, .T. ) ;
#641 = CYLINDRICAL_SURFACE ( 'NONE', #1020, 0.2500000000000002220 ) ;
#642 = CARTESIAN_POINT ( 'NONE',  ( 20.25000000000000355, 14.49999999999999467, 15.75000000000000000 ) ) ;
#643 = DIRECTION ( 'NONE',  ( 0.000000000000000000, -1.000000000000000000, 0.000000000000000000 ) ) ;
#644 = PLANE ( 'NONE',  #3276 ) ;
#645 = EDGE_CURVE ( 'NONE', #374, #1443, #2377, .T. ) ;
#646 = ORIENTED_EDGE ( 'NONE', *, *, #2081, .T. ) ;
#647 = VERTEX_POINT ( 'NONE', #664 ) ;
#648 = VECTOR ( 'NONE', #3073, 1000.000000000000000 ) ;
#649 = LINE ( 'NONE', #1869, #1240 ) ;
#650 = VECTOR ( 'NONE', #3705, 1000.000000000000000 ) ;
#651 = CARTESIAN_POINT ( 'NONE',  ( 26.50000000000000355, 7.249999999999857003, 24.50000000000000000 ) ) ;
#652 = ORIENTED_EDGE ( 'NONE', *, *, #1542, .F. ) ;
#653 = EDGE_CURVE ( 'NONE', #623, #2688, #607, .T. ) ;
#654 = AXIS2_PLACEMENT_3D ( 'NONE', #2634, #809, #1729 ) ;
#655 = AXIS2_PLACEMENT_3D ( 'NONE', #939, #3100, #3455 ) ;
#656 = CIRCLE ( 'NONE', #975, 0.2500000000000002220 ) ;
#657 = CIRCLE ( 'NONE', #1039, 4.500000000000000888 ) ;
#658 = DIRECTION ( 'NONE',  ( 1.386719069154237324E-15, -1.000000000000000000, -2.089912683781590277E-49 ) ) ;
#659 = ORIENTED_EDGE ( 'NONE', *, *, #3722, .T. ) ;
#660 = DIRECTION ( 'NONE',  ( -1.000000000000000000, -8.566535683836086715E-17, -0.000000000000000000 ) ) ;
#661 = AXIS2_PLACEMENT_3D ( 'NONE', #2961, #3900, #178 ) ;
#662 = ORIENTED_EDGE ( 'NONE', *, *, #2231, .F. ) ;
#663 = ADVANCED_FACE ( 'NONE', ( #697 ), #1885, .T. ) ;
#664 = CARTESIAN_POINT ( 'NONE',  ( 26.75000000000000355, 16.50000000000000000, 55.24999999999999289 ) ) ;
#665 = CARTESIAN_POINT ( 'NONE',  ( 20.25000000000000355, 17.50000000000000000, 54.99999999999999289 ) ) ;
#666 = DIRECTION ( 'NONE',  ( -1.386719069154237522E-15, -1.000000000000000000, 9.251858538542979716E-16 ) ) ;
#667 = AXIS2_PLACEMENT_3D ( 'NONE', #1552, #3693, #3389 ) ;
#668 = CARTESIAN_POINT ( 'NONE',  ( 15.25000000000000000, 25.00000000000000000, 57.99999999999999289 ) ) ;
#669 = EDGE_LOOP ( 'NONE', ( #3805, #3696, #1191, #1279 ) ) ;
#670 = CALENDAR_DATE ( 2026, 11, 8 ) ;
#671 = AXIS2_PLACEMENT_3D ( 'NONE', #2308, #3756, #3153 ) ;
#672 = CARTESIAN_POINT ( 'NONE',  ( 15.25000000000000711, -29.25000000000000000, 58.24999999999999289 ) ) ;
#673 = TOROIDAL_SURFACE ( 'NONE', #2014, 2.499999999999999556, 0.2500000000000000000 ) ;
#674 = DIRECTION ( 'NONE',  ( 1.031984066565520556E-32, -1.204669080539449590E-16, -1.000000000000000000 ) ) ;
#675 = ORIENTED_EDGE ( 'NONE', *, *, #955, .F. ) ;
#676 = FACE_OUTER_BOUND ( 'NONE', #694, .T. ) ;
#677 = ORIENTED_EDGE ( 'NONE', *, *, #93, .F. ) ;
#678 = DIRECTION ( 'NONE',  ( 1.000000000000000000, 8.566535683836085482E-17, 5.473822126268816683E-48 ) ) ;
#679 = VERTEX_POINT ( 'NONE', #3425 ) ;
#680 = EDGE_CURVE ( 'NONE', #3787, #3424, #2531, .T. ) ;
#681 = DIRECTION ( 'NONE',  ( -1.000000000000000000, 0.000000000000000000, 0.000000000000000000 ) ) ;
#682 = DIRECTION ( 'NONE',  ( -0.000000000000000000, -0.000000000000000000, 1.000000000000000000 ) ) ;
#683 = DIRECTION ( 'NONE',  ( 0.000000000000000000, -1.000000000000000000, 0.000000000000000000 ) ) ;
#684 = DIRECTION ( 'NONE',  ( 0.000000000000000000, -1.000000000000000000, 3.734474149672291560E-15 ) ) ;
#685 = ORIENTED_EDGE ( 'NONE', *, *, #354, .T. ) ;
#686 = EDGE_CURVE ( 'NONE', #2708, #474, #1686, .T. ) ;
#687 = LINE ( 'NONE', #3129, #2654 ) ;
#688 = LINE ( 'NONE', #2188, #3578 ) ;
#689 = DIRECTION ( 'NONE',  ( -1.000000000000000000, -1.176083712526648949E-16, 6.800600086113123653E-32 ) ) ;
#690 = EDGE_LOOP ( 'NONE', ( #460, #2539, #1668, #419 ) ) ;
#691 = CARTESIAN_POINT ( 'NONE',  ( 20.25000000000000711, -29.25000000000000355, 57.75000000000000711 ) ) ;
#692 = VECTOR ( 'NONE', #2412, 1000.000000000000000 ) ;
#693 = DIRECTION ( 'NONE',  ( 0.000000000000000000, 0.000000000000000000, 1.000000000000000000 ) ) ;
#694 = EDGE_LOOP ( 'NONE', ( #1208, #2224, #1510, #3672, #3662, #1272, #3883, #1531 ) ) ;
#695 = CYLINDRICAL_SURFACE ( 'NONE', #1678, 0.5000000000000004441 ) ;
#696 = ORIENTED_EDGE ( 'NONE', *, *, #3236, .F. ) ;
#697 = FACE_OUTER_BOUND ( 'NONE', #3885, .T. ) ;
#698 = DIRECTION ( 'NONE',  ( 0.000000000000000000, 0.000000000000000000, 1.000000000000000000 ) ) ;
#699 = ADVANCED_FACE ( 'NONE', ( #799 ), #2038, .T. ) ;
#700 = ADVANCED_FACE ( 'NONE', ( #3264 ), #3483, .F. ) ;
#701 = CARTESIAN_POINT ( 'NONE',  ( 15.25000000000000000, 29.24999999999999645, 57.74999999999998579 ) ) ;
#702 = DIRECTION ( 'NONE',  ( 0.000000000000000000, -1.000000000000000000, 0.000000000000000000 ) ) ;
#703 = ORIENTED_EDGE ( 'NONE', *, *, #1359, .F. ) ;
#704 = EDGE_CURVE ( 'NONE', #1897, #3275, #2007, .T. ) ;
#705 = CARTESIAN_POINT ( 'NONE',  ( 26.50000000000000355, 20.24999999999999645, 16.00000000000000000 ) ) ;
#706 = DIRECTION ( 'NONE',  ( 1.386719069154237522E-15, -1.000000000000000000, 0.000000000000000000 ) ) ;
#707 = FACE_OUTER_BOUND ( 'NONE', #313, .T. ) ;
#708 = VERTEX_POINT ( 'NONE', #1329 ) ;
#709 = DIRECTION ( 'NONE',  ( 0.000000000000000000, 1.000000000000000000, 0.000000000000000000 ) ) ;
#710 = AXIS2_PLACEMENT_3D ( 'NONE', #2497, #3711, #2189 ) ;
#711 = EDGE_CURVE ( 'NONE', #714, #1002, #818, .T. ) ;
#712 = VECTOR ( 'NONE', #3690, 1000.000000000000000 ) ;
#713 = CARTESIAN_POINT ( 'NONE',  ( 20.00000000000000000, 26.74999999999999645, 60.75000000000000000 ) ) ;
#714 = VERTEX_POINT ( 'NONE', #2965 ) ;
#715 = DIRECTION ( 'NONE',  ( -1.000000000000000000, 0.000000000000000000, 0.000000000000000000 ) ) ;
#716 = VERTEX_POINT ( 'NONE', #1417 ) ;
#717 = VECTOR ( 'NONE', #59, 1000.000000000000000 ) ;
#718 = AXIS2_PLACEMENT_3D ( 'NONE', #1681, #2223, #684 ) ;
#719 = CARTESIAN_POINT ( 'NONE',  ( 21.62500000000000711, 14.49999999999999645, 20.00000000000000355 ) ) ;
#720 = DIRECTION ( 'NONE',  ( 8.566535683836086715E-17, -1.000000000000000000, 0.000000000000000000 ) ) ;
#721 = TOROIDAL_SURFACE ( 'NONE', #1875, 0.7500000000000000000, 0.2500000000000000000 ) ;
#722 = AXIS2_PLACEMENT_3D ( 'NONE', #3363, #622, #76 ) ;
#723 = CARTESIAN_POINT ( 'NONE',  ( 1.500000000000001332, 0.000000000000000000, 6.000000000000000000 ) ) ;
#724 = LINE ( 'NONE', #2608, #2257 ) ;
#725 = ORIENTED_EDGE ( 'NONE', *, *, #1573, .F. ) ;
#726 = DIRECTION ( 'NONE',  ( 0.000000000000000000, 5.782411586589358625E-16, 1.000000000000000000 ) ) ;
#727 = DIRECTION ( 'NONE',  ( 0.000000000000000000, -3.734474149672293927E-15, -1.000000000000000000 ) ) ;
#728 = ORIENTED_EDGE ( 'NONE', *, *, #3896, .T. ) ;
#729 = DIRECTION ( 'NONE',  ( 0.000000000000000000, -3.965082230804112963E-16, -1.000000000000000000 ) ) ;
#730 = ORIENTED_EDGE ( 'NONE', *, *, #1450, .F. ) ;
#731 = AXIS2_PLACEMENT_3D ( 'NONE', #811, #2032, #3257 ) ;
#732 = AXIS2_PLACEMENT_3D ( 'NONE', #2585, #3580, #843 ) ;
#733 = VECTOR ( 'NONE', #1976, 1000.000000000000000 ) ;
#734 = ORIENTED_EDGE ( 'NONE', *, *, #1483, .F. ) ;
#735 = FACE_OUTER_BOUND ( 'NONE', #29, .T. ) ;
#736 = DIRECTION ( 'NONE',  ( -1.000000000000000000, 0.000000000000000000, 0.000000000000000000 ) ) ;
#737 = EDGE_CURVE ( 'NONE', #2613, #249, #978, .T. ) ;
#738 = LINE ( 'NONE', #485, #793 ) ;
#739 = CYLINDRICAL_SURFACE ( 'NONE', #2771, 0.2500000000000002220 ) ;
#740 = AXIS2_PLACEMENT_3D ( 'NONE', #2293, #483, #1718 ) ;
#741 = ORIENTED_EDGE ( 'NONE', *, *, #2233, .T. ) ;
#742 = DIRECTION ( 'NONE',  ( -1.000000000000000000, -8.566535683836085482E-17, -0.000000000000000000 ) ) ;
#743 = ORIENTED_EDGE ( 'NONE', *, *, #2699, .T. ) ;
#744 = DIRECTION ( 'NONE',  ( -1.000000000000000000, 0.000000000000000000, 0.000000000000000000 ) ) ;
#745 = CARTESIAN_POINT ( 'NONE',  ( 20.25000000000000711, -26.75000000000000711, 57.75000000000000711 ) ) ;
#746 = DIRECTION ( 'NONE',  ( 0.000000000000000000, 0.000000000000000000, 1.000000000000000000 ) ) ;
#747 = ORIENTED_EDGE ( 'NONE', *, *, #771, .F. ) ;
#748 = CYLINDRICAL_SURFACE ( 'NONE', #671, 0.2500000000000002220 ) ;
#749 = VERTEX_POINT ( 'NONE', #3782 ) ;
#750 = EDGE_CURVE ( 'NONE', #1229, #716, #3740, .T. ) ;
#751 = EDGE_LOOP ( 'NONE', ( #3633, #3608, #2628, #1670, #2896 ) ) ;
#752 = CYLINDRICAL_SURFACE ( 'NONE', #599, 0.5000000000000004441 ) ;
#753 = CARTESIAN_POINT ( 'NONE',  ( 25.12500000000001066, -9.999999999999998224, 24.50000000000001066 ) ) ;
#754 = EDGE_CURVE ( 'NONE', #2516, #802, #1497, .T. ) ;
#756 = EDGE_CURVE ( 'NONE', #593, #551, #738, .T. ) ;
#755 = CARTESIAN_POINT ( 'NONE',  ( 15.25000000000000000, 23.00000000000000000, 57.99999999999999289 ) ) ;
#757 = DIRECTION ( 'NONE',  ( 0.000000000000000000, 5.782411586589358625E-16, -1.000000000000000000 ) ) ;
#758 = EDGE_LOOP ( 'NONE', ( #2130, #2075, #920, #1624 ) ) ;
#759 = CARTESIAN_POINT ( 'NONE',  ( 21.12500000000000355, 14.49999999999999467, 20.00000000000000355 ) ) ;
#760 = EDGE_CURVE ( 'NONE', #3899, #1157, #1112, .T. ) ;
#761 = ORIENTED_EDGE ( 'NONE', *, *, #1542, .T. ) ;
#762 = AXIS2_PLACEMENT_3D ( 'NONE', #1770, #1426, #764 ) ;
#763 = DIRECTION ( 'NONE',  ( 1.000000000000000000, 0.000000000000000000, 0.000000000000000000 ) ) ;
#764 = DIRECTION ( 'NONE',  ( 0.000000000000000000, 0.000000000000000000, -1.000000000000000000 ) ) ;
#765 = EDGE_CURVE ( 'NONE', #2857, #1036, #289, .T. ) ;
#766 = DIRECTION ( 'NONE',  ( 8.566535683836085482E-17, -1.000000000000000000, 0.000000000000000000 ) ) ;
#767 = ORIENTED_EDGE ( 'NONE', *, *, #645, .F. ) ;
#768 = PLANE ( 'NONE',  #3532 ) ;
#769 = ORIENTED_EDGE ( 'NONE', *, *, #3236, .T. ) ;
#770 = AXIS2_PLACEMENT_3D ( 'NONE', #2228, #2593, #1338 ) ;
#771 = EDGE_CURVE ( 'NONE', #3877, #2849, #2521, .T. ) ;
#772 = VERTEX_POINT ( 'NONE', #3839 ) ;
#773 = CIRCLE ( 'NONE', #3016, 1.875000000000000000 ) ;
#774 = CARTESIAN_POINT ( 'NONE',  ( 25.33210678118654968, -15.00000000000000533, 16.47879918526320964 ) ) ;
#775 = DIRECTION ( 'NONE',  ( -1.000000000000000000, -8.566535683836085482E-17, 0.000000000000000000 ) ) ;
#776 = DIRECTION ( 'NONE',  ( 0.000000000000000000, 0.000000000000000000, -1.000000000000000000 ) ) ;
#777 = CARTESIAN_POINT ( 'NONE',  ( 25.12500000000002487, 3.486284085254388133E-14, 4.511298301732666867E-30 ) ) ;
#778 = ORIENTED_EDGE ( 'NONE', *, *, #2676, .T. ) ;
#779 = CARTESIAN_POINT ( 'NONE',  ( 26.50000000000000355, -7.250000000000000000, 24.50000000000000000 ) ) ;
#780 = EDGE_CURVE ( 'NONE', #3466, #3911, #1822, .T. ) ;
#781 = ORIENTED_EDGE ( 'NONE', *, *, #1959, .T. ) ;
#782 = CARTESIAN_POINT ( 'NONE',  ( 65.25000000000000000, 7.499999999999864997, 25.00000000000000000 ) ) ;
#783 = AXIS2_PLACEMENT_3D ( 'NONE', #1592, #3717, #21 ) ;
#784 = AXIS2_PLACEMENT_3D ( 'NONE', #2742, #2667, #2140 ) ;
#785 = CIRCLE ( 'NONE', #3403, 0.2500000000000002220 ) ;
#786 = DIRECTION ( 'NONE',  ( -0.000000000000000000, -0.000000000000000000, 1.000000000000000000 ) ) ;
#787 = PLANE ( 'NONE',  #2057 ) ;
#788 = ORIENTED_EDGE ( 'NONE', *, *, #2233, .F. ) ;
#789 = DIRECTION ( 'NONE',  ( 1.000000000000000000, 0.000000000000000000, 0.000000000000000000 ) ) ;
#790 = ORIENTED_EDGE ( 'NONE', *, *, #1286, .T. ) ;
#791 = DIRECTION ( 'NONE',  ( 0.000000000000000000, 0.000000000000000000, 1.000000000000000000 ) ) ;
#792 = CIRCLE ( 'NONE', #2137, 2.000000000000001776 ) ;
#793 = VECTOR ( 'NONE', #1978, 1000.000000000000000 ) ;
#794 = AXIS2_PLACEMENT_3D ( 'NONE', #2540, #1340, #729 ) ;
#795 = TOROIDAL_SURFACE ( 'NONE', #3099, 2.499999999999999556, 0.2500000000000000000 ) ;
#796 = ORIENTED_EDGE ( 'NONE', *, *, #2724, .F. ) ;
#797 = CARTESIAN_POINT ( 'NONE',  ( 20.00000000000000000, 29.50000000000000000, 54.99999999999999289 ) ) ;
#798 = DIRECTION ( 'NONE',  ( 0.000000000000000000, 1.000000000000000000, 0.000000000000000000 ) ) ;
#799 = FACE_OUTER_BOUND ( 'NONE', #212, .T. ) ;
#800 = LINE ( 'NONE', #2966, #1089 ) ;
#801 = ADVANCED_FACE ( 'NONE', ( #456 ), #2326, .T. ) ;
#802 = VERTEX_POINT ( 'NONE', #1095 ) ;
#803 = FACE_OUTER_BOUND ( 'NONE', #3914, .T. ) ;
#804 = ORIENTED_EDGE ( 'NONE', *, *, #1166, .F. ) ;
#805 = FACE_OUTER_BOUND ( 'NONE', #345, .T. ) ;
#806 = CARTESIAN_POINT ( 'NONE',  ( 26.50000000000000355, -26.50000000000000711, 15.75000000000000000 ) ) ;
#807 = LINE ( 'NONE', #2008, #3137 ) ;
#808 = ORIENTED_EDGE ( 'NONE', *, *, #2332, .T. ) ;
#809 = DIRECTION ( 'NONE',  ( -0.000000000000000000, -0.000000000000000000, 1.000000000000000000 ) ) ;
#810 = VERTEX_POINT ( 'NONE', #2900 ) ;
#811 = CARTESIAN_POINT ( 'NONE',  ( 6.500000000000001776, -23.37500000000000711, 6.000000000000000000 ) ) ;
#812 = CARTESIAN_POINT ( 'NONE',  ( 14.00000000000000178, 20.24999999999999645, 9.124999999999996447 ) ) ;
#813 = EDGE_CURVE ( 'NONE', #44, #1815, #1998, .T. ) ;
#814 = EDGE_CURVE ( 'NONE', #996, #158, #1873, .T. ) ;
#815 = ORIENTED_EDGE ( 'NONE', *, *, #1995, .T. ) ;
#816 = CARTESIAN_POINT ( 'NONE',  ( 26.50000000000000355, 14.49999999999999467, 15.75000000000000000 ) ) ;
#817 = DIRECTION ( 'NONE',  ( -0.000000000000000000, 0.000000000000000000, -1.000000000000000000 ) ) ;
#818 = LINE ( 'NONE', #2000, #1301 ) ;
#819 = CARTESIAN_POINT ( 'NONE',  ( 21.12500000000001421, 7.999999999999863221, 25.00000000000000000 ) ) ;
#820 = ORIENTED_EDGE ( 'NONE', *, *, #760, .F. ) ;
#821 = CARTESIAN_POINT ( 'NONE',  ( 20.25000000000000711, -23.00000000000000000, 57.99999999999998579 ) ) ;
#822 = ORIENTED_EDGE ( 'NONE', *, *, #2604, .F. ) ;
#823 = VERTEX_POINT ( 'NONE', #2359 ) ;
#824 = EDGE_CURVE ( 'NONE', #98, #2022, #1516, .T. ) ;
#825 = DIRECTION ( 'NONE',  ( 1.176083712526648949E-16, -1.000000000000000000, -7.998074996684972405E-48 ) ) ;
#826 = CARTESIAN_POINT ( 'NONE',  ( 1.500000000000001332, 20.24999999999999645, 16.00000000000000000 ) ) ;
#827 = ADVANCED_FACE ( 'NONE', ( #2424 ), #549, .F. ) ;
#828 = EDGE_CURVE ( 'NONE', #488, #492, #3023, .T. ) ;
#829 = DIRECTION ( 'NONE',  ( 1.387778780781445676E-15, -1.000000000000000000, 0.000000000000000000 ) ) ;
#830 = VERTEX_POINT ( 'NONE', #2443 ) ;
#831 = FACE_OUTER_BOUND ( 'NONE', #2101, .T. ) ;
#832 = ORIENTED_EDGE ( 'NONE', *, *, #111, .T. ) ;
#833 = DIRECTION ( 'NONE',  ( -1.176083712526648949E-16, 1.000000000000000000, 0.000000000000000000 ) ) ;
#834 = AXIS2_PLACEMENT_3D ( 'NONE', #1012, #1930, #1627 ) ;
#835 = CARTESIAN_POINT ( 'NONE',  ( 1.477727405461725541E-15, -17.25000000000000355, 61.00000000000000000 ) ) ;
#836 = ADVANCED_FACE ( 'NONE', ( #3320 ), #878, .T. ) ;
#837 = ORIENTED_EDGE ( 'NONE', *, *, #328, .F. ) ;
#838 = CARTESIAN_POINT ( 'NONE',  ( 20.00000000000000711, -26.75000000000000711, 57.75000000000000711 ) ) ;
#839 = DIRECTION ( 'NONE',  ( -0.000000000000000000, -1.000000000000000000, -0.000000000000000000 ) ) ;
#840 = CIRCLE ( 'NONE', #2112, 0.2500000000000002220 ) ;
#841 = DIRECTION ( 'NONE',  ( 0.000000000000000000, -1.000000000000000000, 3.965082230804130713E-16 ) ) ;
#842 = CIRCLE ( 'NONE', #2440, 2.000000000000001776 ) ;
#843 = DIRECTION ( 'NONE',  ( 0.000000000000000000, 0.000000000000000000, 1.000000000000000000 ) ) ;
#844 = AXIS2_PLACEMENT_3D ( 'NONE', #1524, #2734, #367 ) ;
#845 = ORIENTED_EDGE ( 'NONE', *, *, #2410, .T. ) ;
#846 = DIRECTION ( 'NONE',  ( 0.000000000000000000, 0.000000000000000000, -1.000000000000000000 ) ) ;
#847 = ORIENTED_EDGE ( 'NONE', *, *, #1839, .T. ) ;
#848 = ORIENTED_EDGE ( 'NONE', *, *, #328, .T. ) ;
#849 = DIRECTION ( 'NONE',  ( 8.566535683836085482E-17, -1.000000000000000000, 0.000000000000000000 ) ) ;
#850 = CARTESIAN_POINT ( 'NONE',  ( 20.00000000000000355, 17.50000000000000000, 55.24999999999999289 ) ) ;
#851 = CARTESIAN_POINT ( 'NONE',  ( 21.62500000000000711, 14.99999999999999467, 16.47879918526321674 ) ) ;
#852 = EDGE_LOOP ( 'NONE', ( #3926, #2147, #2794, #675 ) ) ;
#853 = EDGE_LOOP ( 'NONE', ( #2853, #3699, #3581, #2281 ) ) ;
#854 = CIRCLE ( 'NONE', #3086, 2.499999999999998668 ) ;
#855 = VECTOR ( 'NONE', #164, 1000.000000000000000 ) ;
#856 = LOCAL_TIME ( 17, 29, 23.00000000000000000, #314 ) ;
#857 = CARTESIAN_POINT ( 'NONE',  ( 21.12500000000000355, -15.00000000000000355, 16.47879918526321674 ) ) ;
#858 = VECTOR ( 'NONE', #2856, 1000.000000000000000 ) ;
#859 = CARTESIAN_POINT ( 'NONE',  ( 26.00000000000000355, 14.49999999999999467, 20.00000000000000355 ) ) ;
#860 = AXIS2_PLACEMENT_3D ( 'NONE', #2854, #2558, #789 ) ;
#861 = DIRECTION ( 'NONE',  ( 0.000000000000000000, 0.000000000000000000, 1.000000000000000000 ) ) ;
#862 = EDGE_LOOP ( 'NONE', ( #3147, #1434, #2298, #1858 ) ) ;
#863 = CARTESIAN_POINT ( 'NONE',  ( 21.62500000000001776, -8.170134174727746057, 24.79289321881345387 ) ) ;
#864 = EDGE_LOOP ( 'NONE', ( #2903, #1397, #2545, #123 ) ) ;
#865 = EDGE_CURVE ( 'NONE', #623, #3866, #3359, .T. ) ;
#866 = ORIENTED_EDGE ( 'NONE', *, *, #1835, .T. ) ;
#867 = FACE_OUTER_BOUND ( 'NONE', #2128, .T. ) ;
#868 = CARTESIAN_POINT ( 'NONE',  ( 20.26857418051918103, 14.66011813017171228, 15.86355685471108679 ) ) ;
#869 = CARTESIAN_POINT ( 'NONE',  ( 26.25000000000000355, -15.00000000000000355, 16.00000000000000000 ) ) ;
#870 = EDGE_LOOP ( 'NONE', ( #981, #3152, #1324, #2387 ) ) ;
#871 = CARTESIAN_POINT ( 'NONE',  ( 25.75000000000000355, 16.50000000000000000, 55.24999999999999289 ) ) ;
#872 = VERTEX_POINT ( 'NONE', #1763 ) ;
#873 = CARTESIAN_POINT ( 'NONE',  ( 20.25000000000000355, 17.50000000000000000, 55.10355339059326241 ) ) ;
#874 = CARTESIAN_POINT ( 'NONE',  ( 20.25000000000000355, 1.734723475976807489E-15, 16.00000000000000000 ) ) ;
#875 = ADVANCED_FACE ( 'NONE', ( #226 ), #3215, .T. ) ;
#876 = EDGE_CURVE ( 'NONE', #141, #1477, #656, .T. ) ;
#877 = DIRECTION ( 'NONE',  ( 8.566535683836086715E-17, -1.000000000000000000, 3.734474149672293927E-15 ) ) ;
#878 = CYLINDRICAL_SURFACE ( 'NONE', #2385, 0.5000000000000004441 ) ;
#879 = ORIENTED_EDGE ( 'NONE', *, *, #444, .F. ) ;
#880 = FACE_OUTER_BOUND ( 'NONE', #2270, .T. ) ;
#881 = ORIENTED_EDGE ( 'NONE', *, *, #2481, .F. ) ;
#882 = ORIENTED_EDGE ( 'NONE', *, *, #3917, .T. ) ;
#883 = EDGE_CURVE ( 'NONE', #1974, #173, #3727, .T. ) ;
#884 = CIRCLE ( 'NONE', #51, 0.5000000000000004441 ) ;
#885 = DIRECTION ( 'NONE',  ( 0.000000000000000000, 0.000000000000000000, 1.000000000000000000 ) ) ;
#886 = DIRECTION ( 'NONE',  ( -8.566535683836085482E-17, 1.000000000000000000, -0.000000000000000000 ) ) ;
#887 = EDGE_CURVE ( 'NONE', #1453, #3545, #2684, .T. ) ;
#888 = DIRECTION ( 'NONE',  ( -8.802384636075285274E-16, -0.6347633656933757695, -0.7727065869873361859 ) ) ;
#889 = ORIENTED_EDGE ( 'NONE', *, *, #1150, .F. ) ;
#890 = CARTESIAN_POINT ( 'NONE',  ( 14.00000000000000178, 20.24999999999999645, 10.99999999999999645 ) ) ;
#891 = ORIENTED_EDGE ( 'NONE', *, *, #2355, .T. ) ;
#892 = EDGE_CURVE ( 'NONE', #2688, #623, #2892, .T. ) ;
#893 = DIRECTION ( 'NONE',  ( -1.176083712526648949E-16, 1.000000000000000000, 0.000000000000000000 ) ) ;
#894 = LINE ( 'NONE', #2111, #2304 ) ;
#895 = VECTOR ( 'NONE', #2831, 1000.000000000000000 ) ;
#896 = CARTESIAN_POINT ( 'NONE',  ( 20.34982760539467961, -7.459526420941965164, 24.81188249368682008 ) ) ;
#897 = FACE_OUTER_BOUND ( 'NONE', #1224, .T. ) ;
#898 = ORIENTED_EDGE ( 'NONE', *, *, #1839, .F. ) ;
#899 = LINE ( 'NONE', #3001, #1675 ) ;
#900 = ORIENTED_EDGE ( 'NONE', *, *, #3377, .F. ) ;
#901 = VECTOR ( 'NONE', #256, 1000.000000000000000 ) ;
#902 = ORIENTED_EDGE ( 'NONE', *, *, #1959, .F. ) ;
#903 = VECTOR ( 'NONE', #1276, 1000.000000000000000 ) ;
#904 = CARTESIAN_POINT ( 'NONE',  ( 20.00000000000000711, -26.75000000000000711, 55.00000000000001421 ) ) ;
#905 = CARTESIAN_POINT ( 'NONE',  ( 20.00000000000000000, 26.75000000000000000, 55.24999999999998579 ) ) ;
#906 = VECTOR ( 'NONE', #888, 1000.000000000000227 ) ;
#907 = EDGE_CURVE ( 'NONE', #141, #647, #1438, .T. ) ;
#908 = FACE_BOUND ( 'NONE', #1602, .T. ) ;
#909 = ORIENTED_EDGE ( 'NONE', *, *, #3620, .T. ) ;
#910 = APPROVAL_DATE_TIME ( #1584, #70 ) ;
#911 = ORIENTED_EDGE ( 'NONE', *, *, #2668, .F. ) ;
#912 = CARTESIAN_POINT ( 'NONE',  ( 26.50000000000000355, 14.57965669200826220, 15.80632541157532955 ) ) ;
#913 = PLANE ( 'NONE',  #1666 ) ;
#914 = ORIENTED_EDGE ( 'NONE', *, *, #175, .T. ) ;
#915 = AXIS2_PLACEMENT_3D ( 'NONE', #3783, #3724, #1260 ) ;
#916 = EDGE_CURVE ( 'NONE', #3787, #1980, #3402, .T. ) ;
#917 = AXIS2_PLACEMENT_3D ( 'NONE', #2158, #1199, #1518 ) ;
#918 = DIRECTION ( 'NONE',  ( 0.000000000000000000, 1.204669080539449590E-16, 1.000000000000000000 ) ) ;
#919 = DIRECTION ( 'NONE',  ( -8.566535683836085482E-17, 1.000000000000000000, 0.000000000000000000 ) ) ;
#920 = ORIENTED_EDGE ( 'NONE', *, *, #3873, .F. ) ;
#921 = DIRECTION ( 'NONE',  ( 0.000000000000000000, 1.000000000000000000, 0.000000000000000000 ) ) ;
#922 = ORIENTED_EDGE ( 'NONE', *, *, #1069, .T. ) ;
#923 = CIRCLE ( 'NONE', #2462, 1.000000000000000888 ) ;
#924 = CIRCLE ( 'NONE', #1949, 0.5000000000000004441 ) ;
#925 = CARTESIAN_POINT ( 'NONE',  ( 20.25000000000000355, 17.49999999999999645, 60.89644660940671628 ) ) ;
#926 = CARTESIAN_POINT ( 'NONE',  ( 15.25000000000000000, 26.75000000000000000, 55.24999999999998579 ) ) ;
#927 = EDGE_CURVE ( 'NONE', #749, #1200, #2727, .T. ) ;
#928 = CARTESIAN_POINT ( 'NONE',  ( 26.75000000000000355, 17.50000000000000000, 54.99999999999999289 ) ) ;
#929 = VERTEX_POINT ( 'NONE', #305 ) ;
#930 = PERSON_AND_ORGANIZATION_ROLE ( 'creator' ) ;
#931 = VERTEX_POINT ( 'NONE', #601 ) ;
#932 = AXIS2_PLACEMENT_3D ( 'NONE', #2358, #839, #519 ) ;
#933 = CARTESIAN_POINT ( 'NONE',  ( 20.25000000000000355, 7.249999999999827693, 15.99999999999997335 ) ) ;
#934 = ADVANCED_FACE ( 'NONE', ( #3942 ), #1825, .F. ) ;
#935 = DIRECTION ( 'NONE',  ( -1.000000000000000000, -1.176083712526648949E-16, 6.800600086113123653E-32 ) ) ;
#936 = ORIENTED_EDGE ( 'NONE', *, *, #2484, .F. ) ;
#937 = AXIS2_PLACEMENT_3D ( 'NONE', #2261, #3220, #1094 ) ;
#938 = EDGE_CURVE ( 'NONE', #2906, #1477, #564, .T. ) ;
#939 = CARTESIAN_POINT ( 'NONE',  ( 15.50000000000000000, 26.74999999999999645, 60.75000000000000000 ) ) ;
#940 = EDGE_CURVE ( 'NONE', #3491, #1217, #3923, .T. ) ;
#941 = ORIENTED_EDGE ( 'NONE', *, *, #3290, .T. ) ;
#942 = LINE ( 'NONE', #1539, #2132 ) ;
#943 = ORIENTED_EDGE ( 'NONE', *, *, #1071, .T. ) ;
#944 = DIRECTION ( 'NONE',  ( 1.972152263052529514E-31, 0.000000000000000000, -1.000000000000000000 ) ) ;
#945 = DIRECTION ( 'NONE',  ( 0.000000000000000000, 0.000000000000000000, 1.000000000000000000 ) ) ;
#946 = CARTESIAN_POINT ( 'NONE',  ( 25.12500000000000000, 14.79289321881344677, 16.73091325277526309 ) ) ;
#947 = CYLINDRICAL_SURFACE ( 'NONE', #71, 0.2500000000000002220 ) ;
#948 = ORIENTED_EDGE ( 'NONE', *, *, #2118, .F. ) ;
#949 = ORIENTED_EDGE ( 'NONE', *, *, #2484, .T. ) ;
#950 = ADVANCED_FACE ( 'NONE', ( #2098 ), #2384, .T. ) ;
#951 = CARTESIAN_POINT ( 'NONE',  ( 15.50000000000000355, 1.982644826487826502E-15, 60.75000000000000000 ) ) ;
#952 = ADVANCED_FACE ( 'NONE', ( #897 ), #1537, .T. ) ;
#953 = DIRECTION ( 'NONE',  ( 1.176083712526648949E-16, -1.000000000000000000, 3.965082230804130713E-16 ) ) ;
#954 = ORIENTED_EDGE ( 'NONE', *, *, #2769, .F. ) ;
#955 = EDGE_CURVE ( 'NONE', #639, #1140, #1857, .T. ) ;
#956 =( BOUNDED_CURVE ( )  B_SPLINE_CURVE ( 3, ( #317, #1530, #1896, #3114 ),
 .UNSPECIFIED., .F., .F. ) 
 B_SPLINE_CURVE_WITH_KNOTS ( ( 4, 4 ),
 ( 3.141592653589793116, 4.712388980384689674 ),
 .UNSPECIFIED. ) 
 CURVE ( )  GEOMETRIC_REPRESENTATION_ITEM ( )  RATIONAL_B_SPLINE_CURVE ( ( 1.000000000000000000, 0.8047378541243649375, 0.8047378541243649375, 1.000000000000000000 ) ) 
 REPRESENTATION_ITEM ( '' )  );
#957 = DIRECTION ( 'NONE',  ( -1.000000000000000000, -8.566535683836085482E-17, 1.094764425253763337E-47 ) ) ;
#958 = ORIENTED_EDGE ( 'NONE', *, *, #1579, .T. ) ;
#959 = CARTESIAN_POINT ( 'NONE',  ( 25.75000000000000355, 16.50000000000000000, 55.24999999999999289 ) ) ;
#960 = ORIENTED_EDGE ( 'NONE', *, *, #3591, .T. ) ;
#961 = CARTESIAN_POINT ( 'NONE',  ( 20.25000000000000711, -14.57965669200941150, 15.80632541157371129 ) ) ;
#962 = FACE_OUTER_BOUND ( 'NONE', #1746, .T. ) ;
#963 = FACE_OUTER_BOUND ( 'NONE', #2099, .T. ) ;
#964 = DIRECTION ( 'NONE',  ( 0.000000000000000000, 1.000000000000000000, 0.000000000000000000 ) ) ;
#965 = EDGE_LOOP ( 'NONE', ( #397, #425, #2498, #2330, #1528, #2821 ) ) ;
#966 = PERSON_AND_ORGANIZATION ( #1167, #1173 ) ;
#967 = CARTESIAN_POINT ( 'NONE',  ( 21.12500000000001066, 9.999999999999994671, 24.50000000000000000 ) ) ;
#968 = DIRECTION ( 'NONE',  ( 1.000000000000000000, 1.176083712526648949E-16, -6.800600086113123653E-32 ) ) ;
#969 = VECTOR ( 'NONE', #42, 1000.000000000000000 ) ;
#970 = DIRECTION ( 'NONE',  ( 1.000000000000000000, 0.000000000000000000, 0.000000000000000000 ) ) ;
#971 = ORIENTED_EDGE ( 'NONE', *, *, #1250, .T. ) ;
#972 = EDGE_CURVE ( 'NONE', #3343, #2829, #3919, .T. ) ;
#973 = CIRCLE ( 'NONE', #1611, 2.500000000000002220 ) ;
#974 = VECTOR ( 'NONE', #1878, 1000.000000000000000 ) ;
#975 = AXIS2_PLACEMENT_3D ( 'NONE', #581, #3901, #3040 ) ;
#976 = VECTOR ( 'NONE', #1623, 1000.000000000000000 ) ;
#977 = DIRECTION ( 'NONE',  ( 1.176083712526648949E-16, -1.000000000000000000, 3.965082230804130713E-16 ) ) ;
#978 =( BOUNDED_CURVE ( )  B_SPLINE_CURVE ( 3, ( #2563, #201, #1655, #2876 ),
 .UNSPECIFIED., .F., .T. ) 
 B_SPLINE_CURVE_WITH_KNOTS ( ( 4, 4 ),
 ( 1.127517394553197766E-15, 1.570796326794904108 ),
 .UNSPECIFIED. ) 
 CURVE ( )  GEOMETRIC_REPRESENTATION_ITEM ( )  RATIONAL_B_SPLINE_CURVE ( ( 1.000000000000000000, 0.8047378541243634942, 0.8047378541243634942, 1.000000000000000000 ) ) 
 REPRESENTATION_ITEM ( '' )  );
#979 = ORIENTED_EDGE ( 'NONE', *, *, #1483, .T. ) ;
#980 = CARTESIAN_POINT ( 'NONE',  ( 26.50000000000000355, -20.25000000000000355, 16.00000000000000000 ) ) ;
#981 = ORIENTED_EDGE ( 'NONE', *, *, #1343, .F. ) ;
#982 = LINE ( 'NONE', #1021, #1328 ) ;
#983 = CARTESIAN_POINT ( 'NONE',  ( 26.00000000000000355, -7.500000000000007105, 24.50000000000000000 ) ) ;
#984 = ADVANCED_FACE ( 'NONE', ( #2522 ), #3214, .T. ) ;
#985 = FACE_OUTER_BOUND ( 'NONE', #1378, .T. ) ;
#986 = TOROIDAL_SURFACE ( 'NONE', #2523, 4.500000000000000888, 0.5000000000000000000 ) ;
#987 = LINE ( 'NONE', #3786, #2316 ) ;
#988 = VERTEX_POINT ( 'NONE', #394 ) ;
#989 = PERSON_AND_ORGANIZATION ( #1167, #1173 ) ;
#990 = AXIS2_PLACEMENT_3D ( 'NONE', #1740, #2624, #2338 ) ;
#991 = AXIS2_PLACEMENT_3D ( 'NONE', #262, #2422, #2761 ) ;
#992 = DIRECTION ( 'NONE',  ( 0.000000000000000000, 0.000000000000000000, -1.000000000000000000 ) ) ;
#993 = TOROIDAL_SURFACE ( 'NONE', #547, 2.499999999999999556, 0.2500000000000000000 ) ;
#994 = CARTESIAN_POINT ( 'NONE',  ( 3.999999999999998224, -23.37500000000000711, 6.000000000000000000 ) ) ;
#995 = DIRECTION ( 'NONE',  ( -1.000000000000000000, 0.000000000000000000, 0.000000000000000000 ) ) ;
#996 = VERTEX_POINT ( 'NONE', #94 ) ;
#997 = DIRECTION ( 'NONE',  ( -1.000000000000000000, 0.000000000000000000, 0.000000000000000000 ) ) ;
#998 = EDGE_CURVE ( 'NONE', #3277, #1157, #2891, .T. ) ;
#999 = DIRECTION ( 'NONE',  ( -1.000000000000000000, -8.566535683836086715E-17, 0.000000000000000000 ) ) ;
#1000 = ADVANCED_FACE ( 'NONE', ( #1308, #3378, #3420, #635, #676 ), #1613, .F. ) ;
#1001 = EDGE_CURVE ( 'NONE', #2862, #1881, #1290, .T. ) ;
#1002 = VERTEX_POINT ( 'NONE', #320 ) ;
#1003 = CARTESIAN_POINT ( 'NONE',  ( 15.50000000000000000, 26.74999999999999645, 61.00000000000000000 ) ) ;
#1004 = ORIENTED_EDGE ( 'NONE', *, *, #3496, .F. ) ;
#1005 = CARTESIAN_POINT ( 'NONE',  ( 14.00000000000000178, 41.75000000000000000, 12.87499999999999645 ) ) ;
#1006 = DIRECTION ( 'NONE',  ( 1.000000000000000000, 0.000000000000000000, 0.000000000000000000 ) ) ;
#1007 = LINE ( 'NONE', #3146, #2959 ) ;
#1008 = ADVANCED_FACE ( 'NONE', ( #1235 ), #3401, .T. ) ;
#1009 = ORIENTED_EDGE ( 'NONE', *, *, #756, .T. ) ;
#1010 = EDGE_CURVE ( 'NONE', #802, #3787, #2819, .T. ) ;
#1011 = DIRECTION ( 'NONE',  ( 1.176083712526648949E-16, -1.000000000000000000, 0.000000000000000000 ) ) ;
#1012 = CARTESIAN_POINT ( 'NONE',  ( 20.75000000000000355, 9.641635912157515017E-15, 24.49999999999999289 ) ) ;
#1013 = DIRECTION ( 'NONE',  ( -8.566535683836085482E-17, 1.000000000000000000, 0.000000000000000000 ) ) ;
#1014 = ORIENTED_EDGE ( 'NONE', *, *, #2122, .T. ) ;
#1015 = DIRECTION ( 'NONE',  ( -1.000000000000000000, -1.064603789369520613E-16, -6.162975822039153361E-33 ) ) ;
#1016 = CARTESIAN_POINT ( 'NONE',  ( 65.25000000000000000, 9.999999999999994671, 20.00000000000000355 ) ) ;
#1017 = ORIENTED_EDGE ( 'NONE', *, *, #1035, .T. ) ;
#1018 = CARTESIAN_POINT ( 'NONE',  ( 20.87500000000000711, -23.37500000000000711, 6.000000000000000000 ) ) ;
#1019 = ORIENTED_EDGE ( 'NONE', *, *, #2500, .T. ) ;
#1020 = AXIS2_PLACEMENT_3D ( 'NONE', #3163, #1637, #2506 ) ;
#1021 = CARTESIAN_POINT ( 'NONE',  ( 25.12500000000002132, -15.00000000000000178, 20.00000000000001066 ) ) ;
#1022 = CARTESIAN_POINT ( 'NONE',  ( 21.62500000000000355, 17.03874960282693607, 13.99699993145565635 ) ) ;
#1023 = AXIS2_PLACEMENT_3D ( 'NONE', #443, #125, #429 ) ;
#1024 = CARTESIAN_POINT ( 'NONE',  ( 25.12500000000000355, 14.49999999999999467, 16.47879918526321674 ) ) ;
#1025 = DIRECTION ( 'NONE',  ( 0.000000000000000000, 0.000000000000000000, -1.000000000000000000 ) ) ;
#1026 = ORIENTED_EDGE ( 'NONE', *, *, #2590, .T. ) ;
#1027 = CARTESIAN_POINT ( 'NONE',  ( 26.50000000000000355, 7.249999999999857003, 24.50000000000000000 ) ) ;
#1028 = EDGE_CURVE ( 'NONE', #44, #2716, #2785, .T. ) ;
#1029 = DIRECTION ( 'NONE',  ( -1.386719069154237916E-15, 1.000000000000000000, 0.000000000000000000 ) ) ;
#1030 = CARTESIAN_POINT ( 'NONE',  ( 1.500000000000001332, 30.25000000000000000, 16.00000000000000000 ) ) ;
#1031 = ORIENTED_EDGE ( 'NONE', *, *, #2478, .T. ) ;
#1032 = FACE_OUTER_BOUND ( 'NONE', #2044, .T. ) ;
#1033 = VECTOR ( 'NONE', #3895, 1000.000000000000000 ) ;
#1034 = CIRCLE ( 'NONE', #1422, 4.500000000000000888 ) ;
#1035 = EDGE_CURVE ( 'NONE', #163, #3442, #854, .T. ) ;
#1036 = VERTEX_POINT ( 'NONE', #3742 ) ;
#1037 = CARTESIAN_POINT ( 'NONE',  ( 25.75000000000000355, -16.50000000000000000, 55.00000000000000711 ) ) ;
#1038 = DIRECTION ( 'NONE',  ( 1.000000000000000000, 0.000000000000000000, 0.000000000000000000 ) ) ;
#1039 = AXIS2_PLACEMENT_3D ( 'NONE', #3396, #324, #2787 ) ;
#1040 = DIRECTION ( 'NONE',  ( -1.000000000000000000, -0.000000000000000000, -0.000000000000000000 ) ) ;
#1041 = CARTESIAN_POINT ( 'NONE',  ( 23.37500000000000000, 23.37500000000000000, 6.000000000000000000 ) ) ;
#1042 = ORIENTED_EDGE ( 'NONE', *, *, #1468, .T. ) ;
#1043 = CARTESIAN_POINT ( 'NONE',  ( 26.50000000000000355, 20.24999999999999645, 6.000000000000000000 ) ) ;
#1044 = VERTEX_POINT ( 'NONE', #1574 ) ;
#1045 = EDGE_CURVE ( 'NONE', #2993, #2609, #1349, .T. ) ;
#1046 = CARTESIAN_POINT ( 'NONE',  ( 25.62500000000001066, -9.999999999999998224, 25.00000000000000000 ) ) ;
#1047 = CARTESIAN_POINT ( 'NONE',  ( 26.50000000000000355, -16.50000000000000000, 55.00000000000000711 ) ) ;
#1048 = DIRECTION ( 'NONE',  ( 1.000000000000000000, 0.000000000000000000, 0.000000000000000000 ) ) ;
#1049 = EDGE_LOOP ( 'NONE', ( #286, #3945, #2185, #3364 ) ) ;
#1050 = CARTESIAN_POINT ( 'NONE',  ( 20.25000000000000355, 7.249999999999978684, 54.99999999999999289 ) ) ;
#1051 = CIRCLE ( 'NONE', #415, 0.2500000000000002220 ) ;
#1052 = EDGE_CURVE ( 'NONE', #1346, #492, #1271, .T. ) ;
#1053 = ORIENTED_EDGE ( 'NONE', *, *, #180, .T. ) ;
#1054 = DIRECTION ( 'NONE',  ( 0.000000000000000000, 0.000000000000000000, 1.000000000000000000 ) ) ;
#1055 = CYLINDRICAL_SURFACE ( 'NONE', #2983, 2.749999999999999112 ) ;
#1056 = ADVANCED_FACE ( 'NONE', ( #2197 ), #3117, .T. ) ;
#1057 = CARTESIAN_POINT ( 'NONE',  ( 20.34981797772297085, 7.459520530379115222, 24.81187154233451153 ) ) ;
#1058 = CARTESIAN_POINT ( 'NONE',  ( 15.25000000000000000, 29.50000000000000000, 54.99999999999999289 ) ) ;
#1059 = EDGE_LOOP ( 'NONE', ( #395, #2361, #3202, #2931, #747 ) ) ;
#1060 = DIRECTION ( 'NONE',  ( -0.000000000000000000, -0.000000000000000000, -1.000000000000000000 ) ) ;
#1061 = ORIENTED_EDGE ( 'NONE', *, *, #3713, .F. ) ;
#1062 = CARTESIAN_POINT ( 'NONE',  ( 0.000000000000000000, 0.000000000000000000, 16.00000000000000000 ) ) ;
#1063 = FACE_OUTER_BOUND ( 'NONE', #3648, .T. ) ;
#1064 = PLANE ( 'NONE',  #587 ) ;
#1065 = ORIENTED_EDGE ( 'NONE', *, *, #1410, .F. ) ;
#1066 = DIRECTION ( 'NONE',  ( 1.000000000000000000, 0.000000000000000000, 0.000000000000000000 ) ) ;
#1067 = VERTEX_POINT ( 'NONE', #3438 ) ;
#1068 = ORIENTED_EDGE ( 'NONE', *, *, #3909, .T. ) ;
#1069 = EDGE_CURVE ( 'NONE', #3473, #2636, #3158, .T. ) ;
#1070 = AXIS2_PLACEMENT_3D ( 'NONE', #2366, #1081, #825 ) ;
#1071 = EDGE_CURVE ( 'NONE', #158, #2689, #1821, .T. ) ;
#1072 = VERTEX_POINT ( 'NONE', #240 ) ;
#1073 = CARTESIAN_POINT ( 'NONE',  ( 65.25000000000000000, 2.830349872737782590E-14, 24.99999999999999289 ) ) ;
#1074 = FACE_OUTER_BOUND ( 'NONE', #588, .T. ) ;
#1075 = CARTESIAN_POINT ( 'NONE',  ( 20.25000000000000000, 26.74999999999999645, 58.24999999999999289 ) ) ;
#1076 = CARTESIAN_POINT ( 'NONE',  ( 25.12500000000000000, -17.03874960282694317, 13.99699993145565635 ) ) ;
#1077 = EDGE_LOOP ( 'NONE', ( #3515, #1061, #2168, #2229 ) ) ;
#1078 = FACE_OUTER_BOUND ( 'NONE', #1517, .T. ) ;
#1079 = ORIENTED_EDGE ( 'NONE', *, *, #3609, .F. ) ;
#1080 = CIRCLE ( 'NONE', #2045, 0.5000000000000004441 ) ;
#1081 = DIRECTION ( 'NONE',  ( -1.000000000000000000, -1.176083712526648949E-16, 6.800600086113123653E-32 ) ) ;
#1082 = DIRECTION ( 'NONE',  ( -1.000000000000000000, -8.566535683836086715E-17, 1.215432671457254510E-63 ) ) ;
#1083 = CARTESIAN_POINT ( 'NONE',  ( 20.00000000000000000, 26.74999999999999645, 58.24999999999999289 ) ) ;
#1084 = VERTEX_POINT ( 'NONE', #1632 ) ;
#1085 = CYLINDRICAL_SURFACE ( 'NONE', #794, 0.2500000000000002220 ) ;
#1086 = EDGE_LOOP ( 'NONE', ( #3798, #1269, #971, #3650 ) ) ;
#1087 = FACE_OUTER_BOUND ( 'NONE', #3691, .T. ) ;
#1088 = VECTOR ( 'NONE', #615, 1000.000000000000000 ) ;
#1089 = VECTOR ( 'NONE', #138, 1000.000000000000000 ) ;
#1090 = ADVANCED_FACE ( 'NONE', ( #1087 ), #2398, .T. ) ;
#1091 = CIRCLE ( 'NONE', #3142, 0.2500000000000002220 ) ;
#1092 = VERTEX_POINT ( 'NONE', #3239 ) ;
#1093 = DIRECTION ( 'NONE',  ( 0.000000000000000000, 1.000000000000000000, 0.000000000000000000 ) ) ;
#1094 = DIRECTION ( 'NONE',  ( 0.000000000000000000, -1.000000000000000000, 0.000000000000000000 ) ) ;
#1095 = CARTESIAN_POINT ( 'NONE',  ( 25.75000000000000355, -17.50000000000000000, 55.25000000000000711 ) ) ;
#1096 = CARTESIAN_POINT ( 'NONE',  ( 21.62500000000001066, 8.410740232051082899, 24.50000000000000000 ) ) ;
#1097 = ORIENTED_EDGE ( 'NONE', *, *, #2006, .F. ) ;
#1098 = DIRECTION ( 'NONE',  ( -0.000000000000000000, 1.000000000000000000, -0.000000000000000000 ) ) ;
#1099 = ORIENTED_EDGE ( 'NONE', *, *, #2954, .F. ) ;
#1100 = LINE ( 'NONE', #2674, #1388 ) ;
#1101 = AXIS2_PLACEMENT_3D ( 'NONE', #471, #149, #2575 ) ;
#1102 = AXIS2_PLACEMENT_3D ( 'NONE', #3380, #3925, #1184 ) ;
#1103 = CARTESIAN_POINT ( 'NONE',  ( 25.75000000000000355, 17.50000000000000000, 55.24999999999999289 ) ) ;
#1104 = DIRECTION ( 'NONE',  ( -1.000000000000000000, -1.176083712526648949E-16, 6.800600086113123653E-32 ) ) ;
#1105 = VERTEX_POINT ( 'NONE', #2311 ) ;
#1106 = CARTESIAN_POINT ( 'NONE',  ( 20.25000000000000000, 17.50000000000000000, 60.75000000000000000 ) ) ;
#1107 = ORIENTED_EDGE ( 'NONE', *, *, #1958, .T. ) ;
#1108 = VERTEX_POINT ( 'NONE', #3531 ) ;
#1109 = LINE ( 'NONE', #2932, #2973 ) ;
#1110 = CARTESIAN_POINT ( 'NONE',  ( 26.40017239460532039, 7.459526420941812397, 24.81188249368681653 ) ) ;
#1111 = VECTOR ( 'NONE', #2637, 1000.000000000000000 ) ;
#1112 = CIRCLE ( 'NONE', #3416, 2.499999999999998668 ) ;
#1113 = ORIENTED_EDGE ( 'NONE', *, *, #2155, .T. ) ;
#1114 = CARTESIAN_POINT ( 'NONE',  ( 25.12500000000000355, -14.50000000000000178, 17.08745638631582864 ) ) ;
#1115 = CARTESIAN_POINT ( 'NONE',  ( 1.500000000000001332, -20.25000000000000355, 16.00000000000000000 ) ) ;
#1116 = EDGE_CURVE ( 'NONE', #3521, #3277, #3830, .T. ) ;
#1117 = ADVANCED_FACE ( 'NONE', ( #3618 ), #3593, .F. ) ;
#1118 = DIRECTION ( 'NONE',  ( 1.000000000000000000, 0.000000000000000000, 0.000000000000000000 ) ) ;
#1119 = ADVANCED_FACE ( 'NONE', ( #561 ), #2978, .T. ) ;
#1120 = DIRECTION ( 'NONE',  ( 0.000000000000000000, -1.000000000000000000, 0.000000000000000000 ) ) ;
#1121 = ORIENTED_EDGE ( 'NONE', *, *, #2354, .T. ) ;
#1122 = EDGE_LOOP ( 'NONE', ( #2651, #3843, #767, #2344, #1440 ) ) ;
#1123 = CARTESIAN_POINT ( 'NONE',  ( 20.87499999999999645, 23.37500000000000000, 16.00000000000000000 ) ) ;
#1124 = VECTOR ( 'NONE', #499, 1000.000000000000000 ) ;
#1125 = CARTESIAN_POINT ( 'NONE',  ( 26.75000000000000355, 17.25000000000000000, 55.24999999999999289 ) ) ;
#1126 = ADVANCED_FACE ( 'NONE', ( #1939 ), #986, .T. ) ;
#1127 = LINE ( 'NONE', #1484, #3837 ) ;
#1128 = ORIENTED_EDGE ( 'NONE', *, *, #1593, .T. ) ;
#1129 = CARTESIAN_POINT ( 'NONE',  ( 20.00000000000000711, -29.25000000000000355, 55.00000000000000000 ) ) ;
#1130 = VERTEX_POINT ( 'NONE', #216 ) ;
#1131 = CARTESIAN_POINT ( 'NONE',  ( 9.000000000000005329, -23.37500000000000711, 6.000000000000000000 ) ) ;
#1132 = DIRECTION ( 'NONE',  ( 0.000000000000000000, 1.000000000000000000, 0.000000000000000000 ) ) ;
#1133 = ORIENTED_EDGE ( 'NONE', *, *, #1694, .T. ) ;
#1134 = CARTESIAN_POINT ( 'NONE',  ( 20.25000000000000000, 26.75000000000000000, 55.24999999999998579 ) ) ;
#1135 = FACE_OUTER_BOUND ( 'NONE', #1386, .T. ) ;
#1136 = DIRECTION ( 'NONE',  ( 0.000000000000000000, 0.000000000000000000, 1.000000000000000000 ) ) ;
#1137 = CARTESIAN_POINT ( 'NONE',  ( 40.25000000000000711, -15.00000000000000355, 11.00000000000000000 ) ) ;
#1138 = ORIENTED_EDGE ( 'NONE', *, *, #239, .T. ) ;
#1139 = CARTESIAN_POINT ( 'NONE',  ( 26.50000000000000355, -7.306325411575532947, 24.57965669200812542 ) ) ;
#1140 = VERTEX_POINT ( 'NONE', #2618 ) ;
#1141 = ORIENTED_EDGE ( 'NONE', *, *, #2868, .F. ) ;
#1142 = FACE_BOUND ( 'NONE', #2200, .T. ) ;
#1143 = DIRECTION ( 'NONE',  ( 0.000000000000000000, -1.000000000000000000, 0.000000000000000000 ) ) ;
#1144 = CARTESIAN_POINT ( 'NONE',  ( 40.25000000000000711, 15.00000000000001066, 10.99999999999999645 ) ) ;
#1145 = ORIENTED_EDGE ( 'NONE', *, *, #1784, .T. ) ;
#1146 = EDGE_LOOP ( 'NONE', ( #790, #362 ) ) ;
#1147 = AXIS2_PLACEMENT_3D ( 'NONE', #2389, #3611, #885 ) ;
#1148 = LINE ( 'NONE', #2373, #858 ) ;
#1149 = CARTESIAN_POINT ( 'NONE',  ( 21.62500000000000711, -14.50000000000000178, 17.08745638631582153 ) ) ;
#1150 = EDGE_CURVE ( 'NONE', #350, #2731, #1948, .T. ) ;
#1151 = ORIENTED_EDGE ( 'NONE', *, *, #1934, .F. ) ;
#1152 = CARTESIAN_POINT ( 'NONE',  ( 26.00000000000000355, 2.784090580045068155E-14, 24.49999999999999289 ) ) ;
#1153 = AXIS2_PLACEMENT_3D ( 'NONE', #3619, #1778, #2094 ) ;
#1154 = DIRECTION ( 'NONE',  ( -1.000000000000000000, 0.000000000000000000, 0.000000000000000000 ) ) ;
#1155 = CARTESIAN_POINT ( 'NONE',  ( 6.499999999999999112, 23.37500000000000000, 16.00000000000000000 ) ) ;
#1156 = CIRCLE ( 'NONE', #2378, 1.875000000000000000 ) ;
#1157 = VERTEX_POINT ( 'NONE', #1777 ) ;
#1158 = DIRECTION ( 'NONE',  ( 1.386719069154237324E-15, -1.000000000000000000, 0.000000000000000000 ) ) ;
#1159 = ORIENTED_EDGE ( 'NONE', *, *, #299, .T. ) ;
#1160 = ORIENTED_EDGE ( 'NONE', *, *, #495, .F. ) ;
#1161 = DIRECTION ( 'NONE',  ( 0.000000000000000000, -1.000000000000000000, 0.000000000000000000 ) ) ;
#1162 = CARTESIAN_POINT ( 'NONE',  ( 26.25000000000000355, 7.499999999999973355, 55.00000000000000000 ) ) ;
#1163 = DIRECTION ( 'NONE',  ( 1.176083712526648949E-16, -1.000000000000000000, -7.998074996684972405E-48 ) ) ;
#1164 = EDGE_LOOP ( 'NONE', ( #2331, #288, #2967, #526 ) ) ;
#1165 = LINE ( 'NONE', #2416, #2890 ) ;
#1166 = EDGE_CURVE ( 'NONE', #3655, #1815, #1712, .T. ) ;
#1167 = PERSON ( 'UNSPECIFIED', 'UNSPECIFIED', 'UNSPECIFIED', ('UNSPECIFIED'), ('UNSPECIFIED'), ('UNSPECIFIED') ) ;
#1168 = ORIENTED_EDGE ( 'NONE', *, *, #2894, .T. ) ;
#1169 = CIRCLE ( 'NONE', #2517, 2.500000000000002220 ) ;
#1170 = AXIS2_PLACEMENT_3D ( 'NONE', #1454, #1154, #1803 ) ;
#1171 = AXIS2_PLACEMENT_3D ( 'NONE', #959, #2486, #1257 ) ;
#1172 = DIRECTION ( 'NONE',  ( 0.000000000000000000, 0.000000000000000000, 1.000000000000000000 ) ) ;
#1173 = ORGANIZATION ( 'UNSPECIFIED', 'UNSPECIFIED', '' ) ;
#1174 = PLANE ( 'NONE',  #2820 ) ;
#1175 = AXIS2_PLACEMENT_3D ( 'NONE', #2642, #3559, #1093 ) ;
#1176 = EDGE_CURVE ( 'NONE', #3195, #2989, #1148, .T. ) ;
#1177 = CIRCLE ( 'NONE', #3415, 0.7500000000000006661 ) ;
#1178 = EDGE_CURVE ( 'NONE', #230, #2455, #1298, .T. ) ;
#1179 = LINE ( 'NONE', #3055, #3929 ) ;
#1180 = VECTOR ( 'NONE', #2226, 1000.000000000000000 ) ;
#1181 = EDGE_CURVE ( 'NONE', #2923, #2176, #1109, .T. ) ;
#1182 = DIRECTION ( 'NONE',  ( -0.000000000000000000, -1.000000000000000000, 9.251858538542979716E-16 ) ) ;
#1183 = ORIENTED_EDGE ( 'NONE', *, *, #1515, .T. ) ;
#1184 = DIRECTION ( 'NONE',  ( 1.386719069154237324E-15, 1.000000000000000000, 0.000000000000000000 ) ) ;
#1185 = ORIENTED_EDGE ( 'NONE', *, *, #3622, .T. ) ;
#1186 = ORIENTED_EDGE ( 'NONE', *, *, #354, .F. ) ;
#1187 = EDGE_CURVE ( 'NONE', #2202, #1974, #1405, .T. ) ;
#1188 = CARTESIAN_POINT ( 'NONE',  ( 14.00000000000000178, 20.24999999999999645, 10.99999999999999645 ) ) ;
#1189 = CARTESIAN_POINT ( 'NONE',  ( 1.500000000000001332, 30.25000000000000000, 6.000000000000000000 ) ) ;
#1190 = CARTESIAN_POINT ( 'NONE',  ( 20.00000000000000355, 2.352167425053298390E-15, 60.75000000000000000 ) ) ;
#1191 = ORIENTED_EDGE ( 'NONE', *, *, #2242, .T. ) ;
#1192 = CYLINDRICAL_SURFACE ( 'NONE', #654, 2.500000000000002220 ) ;
#1193 = ORIENTED_EDGE ( 'NONE', *, *, #1495, .F. ) ;
#1194 = DIRECTION ( 'NONE',  ( 1.000000000000000000, 1.386719069154237324E-15, 1.972152263052529514E-31 ) ) ;
#1195 = DIRECTION ( 'NONE',  ( -8.566535683836085482E-17, 1.000000000000000000, 0.000000000000000000 ) ) ;
#1196 = DIRECTION ( 'NONE',  ( -1.360120017222624731E-31, 5.782411586589358625E-16, -1.000000000000000000 ) ) ;
#1197 = ADVANCED_FACE ( 'NONE', ( #2333 ), #3556, .F. ) ;
#1198 = ORIENTED_EDGE ( 'NONE', *, *, #972, .T. ) ;
#1199 = DIRECTION ( 'NONE',  ( 0.000000000000000000, 1.000000000000000000, 0.000000000000000000 ) ) ;
#1200 = VERTEX_POINT ( 'NONE', #513 ) ;
#1201 = VERTEX_POINT ( 'NONE', #1431 ) ;
#1202 = CIRCLE ( 'NONE', #3502, 2.499999999999995115 ) ;
#1203 = DIRECTION ( 'NONE',  ( 0.000000000000000000, 0.000000000000000000, 1.000000000000000000 ) ) ;
#1204 = DIRECTION ( 'NONE',  ( -1.000000000000000000, -1.176083712526648949E-16, 6.800600086113123653E-32 ) ) ;
#1205 = CARTESIAN_POINT ( 'NONE',  ( 20.25000000000000355, -7.250000000000007105, 16.00000000000000000 ) ) ;
#1206 = ORIENTED_EDGE ( 'NONE', *, *, #2868, .T. ) ;
#1207 = CARTESIAN_POINT ( 'NONE',  ( 0.000000000000000000, 0.000000000000000000, 0.000000000000000000 ) ) ;
#1208 = ORIENTED_EDGE ( 'NONE', *, *, #2590, .F. ) ;
#1209 = CARTESIAN_POINT ( 'NONE',  ( 25.62500000000001066, -7.999999999999868550, 25.00000000000000000 ) ) ;
#1210 = DIRECTION ( 'NONE',  ( 0.000000000000000000, 0.000000000000000000, -1.000000000000000000 ) ) ;
#1211 = AXIS2_PLACEMENT_3D ( 'NONE', #850, #2675, #2909 ) ;
#1212 = DIRECTION ( 'NONE',  ( 0.000000000000000000, 0.000000000000000000, -1.000000000000000000 ) ) ;
#1213 = EDGE_CURVE ( 'NONE', #1682, #75, #1801, .T. ) ;
#1214 = DIRECTION ( 'NONE',  ( -1.000000000000000000, -8.566535683836085482E-17, -0.000000000000000000 ) ) ;
#1215 = EDGE_LOOP ( 'NONE', ( #95, #2976, #3822, #3247 ) ) ;
#1216 = FACE_OUTER_BOUND ( 'NONE', #1356, .T. ) ;
#1217 = VERTEX_POINT ( 'NONE', #2053 ) ;
#1218 = VECTOR ( 'NONE', #1452, 1000.000000000000000 ) ;
#1219 = CIRCLE ( 'NONE', #3273, 2.500000000000002220 ) ;
#1220 = CARTESIAN_POINT ( 'NONE',  ( 25.62500000000000711, -15.00000000000000178, 20.00000000000001066 ) ) ;
#1221 = CC_DESIGN_PERSON_AND_ORGANIZATION_ASSIGNMENT ( #1834, #3408, ( #3091 ) ) ;
#1222 = VECTOR ( 'NONE', #3108, 1000.000000000000000 ) ;
#1223 = CARTESIAN_POINT ( 'NONE',  ( 21.62500000000000355, -17.03874960282693607, 13.99699993145565635 ) ) ;
#1224 = EDGE_LOOP ( 'NONE', ( #2616, #743, #3082, #3074 ) ) ;
#1225 = ORIENTED_EDGE ( 'NONE', *, *, #3347, .F. ) ;
#1226 = EDGE_CURVE ( 'NONE', #1508, #24, #2469, .T. ) ;
#1227 = CARTESIAN_POINT ( 'NONE',  ( 15.25000000000000000, 29.24999999999999645, 58.24999999999999289 ) ) ;
#1228 = CARTESIAN_POINT ( 'NONE',  ( 26.00000000000000355, -15.00000000000000355, 61.00000000000000000 ) ) ;
#1229 = VERTEX_POINT ( 'NONE', #2418 ) ;
#1230 = VECTOR ( 'NONE', #682, 1000.000000000000000 ) ;
#1231 = AXIS2_PLACEMENT_3D ( 'NONE', #2041, #2320, #3821 ) ;
#1232 = EDGE_CURVE ( 'NONE', #3772, #2849, #614, .T. ) ;
#1233 = LOCAL_TIME ( 17, 29, 23.00000000000000000, #3110 ) ;
#1234 = CYLINDRICAL_SURFACE ( 'NONE', #3417, 0.2500000000000002220 ) ;
#1235 = FACE_OUTER_BOUND ( 'NONE', #1756, .T. ) ;
#1236 = VERTEX_POINT ( 'NONE', #1267 ) ;
#1237 = FACE_BOUND ( 'NONE', #4, .T. ) ;
#1238 = ORIENTED_EDGE ( 'NONE', *, *, #1747, .T. ) ;
#1239 = EDGE_CURVE ( 'NONE', #568, #2372, #2397, .T. ) ;
#1240 = VECTOR ( 'NONE', #2134, 1000.000000000000000 ) ;
#1241 = AXIS2_PLACEMENT_3D ( 'NONE', #1407, #2419, #1798 ) ;
#1242 = EDGE_CURVE ( 'NONE', #2716, #186, #3860, .T. ) ;
#1243 = CARTESIAN_POINT ( 'NONE',  ( 20.25000000000000355, 17.50000000000000000, 60.75000000000000000 ) ) ;
#1244 = CARTESIAN_POINT ( 'NONE',  ( 20.41366385336151268, 14.88316650438968658, 16.00000000000000000 ) ) ;
#1245 = DIRECTION ( 'NONE',  ( 0.000000000000000000, -1.000000000000000000, 0.000000000000000000 ) ) ;
#1246 = CARTESIAN_POINT ( 'NONE',  ( 20.50000000000000355, 20.24999999999999645, 16.00000000000000000 ) ) ;
#1247 = VERTEX_POINT ( 'NONE', #3033 ) ;
#1248 = EDGE_LOOP ( 'NONE', ( #3552, #2335 ) ) ;
#1249 = VECTOR ( 'NONE', #1038, 1000.000000000000000 ) ;
#1250 = EDGE_CURVE ( 'NONE', #1639, #3505, #2255, .T. ) ;
#1251 = CARTESIAN_POINT ( 'NONE',  ( 25.62500000000000711, -14.50000000000000178, 61.00000000000000000 ) ) ;
#1252 = DIRECTION ( 'NONE',  ( 0.000000000000000000, 0.000000000000000000, 1.000000000000000000 ) ) ;
#1253 = EDGE_LOOP ( 'NONE', ( #1526, #1285, #1334, #1828 ) ) ;
#1254 = CIRCLE ( 'NONE', #937, 2.499999999999998668 ) ;
#1255 = CARTESIAN_POINT ( 'NONE',  ( 15.25000000000000711, -26.75000000000000711, 57.75000000000000711 ) ) ;
#1256 = ORIENTED_EDGE ( 'NONE', *, *, #3377, .T. ) ;
#1257 = DIRECTION ( 'NONE',  ( 0.000000000000000000, 1.000000000000000000, 0.000000000000000000 ) ) ;
#1258 = ORIENTED_EDGE ( 'NONE', *, *, #1028, .F. ) ;
#1259 = CARTESIAN_POINT ( 'NONE',  ( 20.34981797772297440, -14.81187154233450620, 15.95952053037925999 ) ) ;
#1260 = DIRECTION ( 'NONE',  ( 0.000000000000000000, 0.000000000000000000, 1.000000000000000000 ) ) ;
#1261 = CYLINDRICAL_SURFACE ( 'NONE', #1476, 2.749999999999999112 ) ;
#1262 = CARTESIAN_POINT ( 'NONE',  ( 26.50000000000000355, -33.50000000000000000, 6.000000000000000000 ) ) ;
#1263 = ORIENTED_EDGE ( 'NONE', *, *, #3003, .T. ) ;
#1264 = PERSON_AND_ORGANIZATION ( #1167, #1173 ) ;
#1265 = AXIS2_PLACEMENT_3D ( 'NONE', #3823, #442, #209 ) ;
#1266 = CARTESIAN_POINT ( 'NONE',  ( 21.12500000000001066, -10.00000000000000355, 20.00000000000001066 ) ) ;
#1267 = CARTESIAN_POINT ( 'NONE',  ( 20.25000000000000355, 14.49999999999999467, 20.00000000000000355 ) ) ;
#1268 = DIRECTION ( 'NONE',  ( 0.000000000000000000, 0.000000000000000000, 1.000000000000000000 ) ) ;
#1269 = ORIENTED_EDGE ( 'NONE', *, *, #3177, .F. ) ;
#1270 = ADVANCED_FACE ( 'NONE', ( #2756 ), #355, .T. ) ;
#1271 = LINE ( 'NONE', #1916, #2705 ) ;
#1272 = ORIENTED_EDGE ( 'NONE', *, *, #3909, .F. ) ;
#1273 = DIRECTION ( 'NONE',  ( -0.000000000000000000, -0.000000000000000000, 1.000000000000000000 ) ) ;
#1274 = EDGE_LOOP ( 'NONE', ( #1480, #1206, #1608, #528, #1300, #769, #3020, #1987, #1185, #1026, #2102, #3555, #2799, #2942 ) ) ;
#1275 = DIRECTION ( 'NONE',  ( -1.000000000000000000, -0.000000000000000000, -0.000000000000000000 ) ) ;
#1276 = DIRECTION ( 'NONE',  ( -0.000000000000000000, -0.000000000000000000, -1.000000000000000000 ) ) ;
#1277 = CARTESIAN_POINT ( 'NONE',  ( 20.25000000000000000, 20.24999999999999645, 15.75000000000000000 ) ) ;
#1278 = CYLINDRICAL_SURFACE ( 'NONE', #1555, 5.000000000000000888 ) ;
#1279 = ORIENTED_EDGE ( 'NONE', *, *, #3731, .T. ) ;
#1280 = APPROVAL_ROLE ( '' ) ;
#1281 = CARTESIAN_POINT ( 'NONE',  ( 25.62500000000000711, -9.999999999999998224, 24.50000000000000355 ) ) ;
#1282 = VECTOR ( 'NONE', #3825, 1000.000000000000000 ) ;
#1283 = CARTESIAN_POINT ( 'NONE',  ( 6.500000000000001776, -23.37500000000000711, 6.000000000000000000 ) ) ;
#1284 = FACE_BOUND ( 'NONE', #1248, .T. ) ;
#1285 = ORIENTED_EDGE ( 'NONE', *, *, #3574, .F. ) ;
#1286 = EDGE_CURVE ( 'NONE', #3193, #3849, #792, .T. ) ;
#1287 = EDGE_CURVE ( 'NONE', #3343, #2511, #333, .T. ) ;
#1288 = AXIS2_PLACEMENT_3D ( 'NONE', #1972, #3191, #1066 ) ;
#1289 = CIRCLE ( 'NONE', #2772, 2.499999999999998668 ) ;
#1290 = LINE ( 'NONE', #3057, #974 ) ;
#1291 = EDGE_CURVE ( 'NONE', #3584, #3558, #649, .T. ) ;
#1292 = ORIENTED_EDGE ( 'NONE', *, *, #2930, .F. ) ;
#1293 = FACE_OUTER_BOUND ( 'NONE', #3268, .T. ) ;
#1294 = ORIENTED_EDGE ( 'NONE', *, *, #3251, .T. ) ;
#1295 = CARTESIAN_POINT ( 'NONE',  ( 26.50000000000000355, 17.50000000000000000, 55.24999999999999289 ) ) ;
#1296 = CARTESIAN_POINT ( 'NONE',  ( 25.12500000000001066, 9.999999999999994671, 24.50000000000000355 ) ) ;
#1297 = DIRECTION ( 'NONE',  ( 0.000000000000000000, 0.000000000000000000, -1.000000000000000000 ) ) ;
#1298 = CIRCLE ( 'NONE', #605, 2.000000000000001776 ) ;
#1299 = CARTESIAN_POINT ( 'NONE',  ( 26.25000000000000355, 7.249999999999970690, 55.00000000000000000 ) ) ;
#1300 = ORIENTED_EDGE ( 'NONE', *, *, #3124, .T. ) ;
#1301 = VECTOR ( 'NONE', #522, 1000.000000000000000 ) ;
#1302 = AXIS2_PLACEMENT_3D ( 'NONE', #2011, #3474, #1956 ) ;
#1303 = DIRECTION ( 'NONE',  ( 1.176083712526648949E-16, -1.000000000000000000, -7.998074996684972405E-48 ) ) ;
#1304 = DIRECTION ( 'NONE',  ( 0.000000000000000000, 0.000000000000000000, 1.000000000000000000 ) ) ;
#1305 = DIRECTION ( 'NONE',  ( -0.000000000000000000, 0.000000000000000000, 1.000000000000000000 ) ) ;
#1306 = ORIENTED_EDGE ( 'NONE', *, *, #338, .T. ) ;
#1307 = CARTESIAN_POINT ( 'NONE',  ( 21.12500000000001421, -7.999999999999863221, 25.00000000000000000 ) ) ;
#1308 = FACE_BOUND ( 'NONE', #508, .T. ) ;
#1309 = ORIENTED_EDGE ( 'NONE', *, *, #418, .T. ) ;
#1310 = CYLINDRICAL_SURFACE ( 'NONE', #2258, 0.2500000000000002220 ) ;
#1311 = ORIENTED_EDGE ( 'NONE', *, *, #1239, .F. ) ;
#1312 = EDGE_CURVE ( 'NONE', #1092, #568, #1570, .T. ) ;
#1313 = DIRECTION ( 'NONE',  ( -0.000000000000000000, -1.000000000000000000, -0.000000000000000000 ) ) ;
#1314 = DIRECTION ( 'NONE',  ( -1.000000000000000000, -1.386719069154233380E-15, 0.000000000000000000 ) ) ;
#1315 = CARTESIAN_POINT ( 'NONE',  ( 20.25000000000000000, 29.50000000000000000, 54.99999999999999289 ) ) ;
#1316 = CARTESIAN_POINT ( 'NONE',  ( 26.25000000000000355, -7.500000000000003553, 55.00000000000000000 ) ) ;
#1317 = ORIENTED_EDGE ( 'NONE', *, *, #521, .T. ) ;
#1318 = CARTESIAN_POINT ( 'NONE',  ( 20.75000000000000355, 14.49999999999999467, 20.00000000000000355 ) ) ;
#1319 = LINE ( 'NONE', #66, #3704 ) ;
#1320 = EDGE_CURVE ( 'NONE', #2159, #2245, #1529, .T. ) ;
#1321 = CARTESIAN_POINT ( 'NONE',  ( 20.14644660940673404, -17.39644660940672338, 55.00000000000000711 ) ) ;
#1322 = VERTEX_POINT ( 'NONE', #1227 ) ;
#1323 = FACE_OUTER_BOUND ( 'NONE', #852, .T. ) ;
#1324 = ORIENTED_EDGE ( 'NONE', *, *, #111, .F. ) ;
#1325 = DIRECTION ( 'NONE',  ( 1.000000000000000000, 0.000000000000000000, 0.000000000000000000 ) ) ;
#1326 = CARTESIAN_POINT ( 'NONE',  ( 14.00000000000000178, 30.25000000000000000, 12.87499999999999645 ) ) ;
#1327 = ADVANCED_FACE ( 'NONE', ( #2458 ), #1797, .T. ) ;
#1328 = VECTOR ( 'NONE', #2160, 1000.000000000000000 ) ;
#1329 = CARTESIAN_POINT ( 'NONE',  ( 21.62500000000001066, 8.410740232051082899, 24.50000000000000000 ) ) ;
#1330 = CARTESIAN_POINT ( 'NONE',  ( 20.00000000000000000, 26.75000000000000000, 54.99999999999999289 ) ) ;
#1331 = AXIS2_PLACEMENT_3D ( 'NONE', #3471, #2884, #3736 ) ;
#1332 = ORIENTED_EDGE ( 'NONE', *, *, #2254, .T. ) ;
#1333 = CARTESIAN_POINT ( 'NONE',  ( 14.00000000000000178, 41.75000000000000000, 10.99999999999999645 ) ) ;
#1334 = ORIENTED_EDGE ( 'NONE', *, *, #1226, .F. ) ;
#1335 = LINE ( 'NONE', #2570, #1180 ) ;
#1336 = CARTESIAN_POINT ( 'NONE',  ( 3.999999999999998224, -23.37500000000000711, 6.000000000000000000 ) ) ;
#1337 = EDGE_CURVE ( 'NONE', #3545, #1067, #923, .T. ) ;
#1338 = DIRECTION ( 'NONE',  ( 0.000000000000000000, 0.000000000000000000, -1.000000000000000000 ) ) ;
#1339 = ORIENTED_EDGE ( 'NONE', *, *, #940, .T. ) ;
#1340 = DIRECTION ( 'NONE',  ( 1.176083712526648949E-16, -1.000000000000000000, 3.965082230804130713E-16 ) ) ;
#1341 = VECTOR ( 'NONE', #953, 1000.000000000000000 ) ;
#1342 = VERTEX_POINT ( 'NONE', #597 ) ;
#1343 = EDGE_CURVE ( 'NONE', #492, #3664, #1818, .T. ) ;
#1344 = AXIS2_PLACEMENT_3D ( 'NONE', #2975, #533, #1772 ) ;
#1345 = EDGE_CURVE ( 'NONE', #3103, #2636, #1177, .T. ) ;
#1346 = VERTEX_POINT ( 'NONE', #2436 ) ;
#1347 = DIRECTION ( 'NONE',  ( 1.000000000000000000, 0.000000000000000000, 0.000000000000000000 ) ) ;
#1348 = CARTESIAN_POINT ( 'NONE',  ( 26.25000000000000355, 20.24999999999999645, 16.00000000000000000 ) ) ;
#1349 = CIRCLE ( 'NONE', #464, 0.5000000000000004441 ) ;
#1350 = VECTOR ( 'NONE', #2406, 1000.000000000000000 ) ;
#1351 = AXIS2_PLACEMENT_3D ( 'NONE', #1333, #1966, #1025 ) ;
#1352 = CARTESIAN_POINT ( 'NONE',  ( 20.25000000000000355, 7.306325411574451145, 24.57965669200879333 ) ) ;
#1353 = DIRECTION ( 'NONE',  ( 0.000000000000000000, 0.000000000000000000, -1.000000000000000000 ) ) ;
#1354 = CC_DESIGN_SECURITY_CLASSIFICATION ( #3091, ( #151 ) ) ;
#1355 = AXIS2_PLACEMENT_3D ( 'NONE', #838, #2059, #2602 ) ;
#1356 = EDGE_LOOP ( 'NONE', ( #1716, #1767, #3950, #148 ) ) ;
#1357 = LINE ( 'NONE', #1043, #3461 ) ;
#1358 = ORIENTED_EDGE ( 'NONE', *, *, #3956, .F. ) ;
#1359 = EDGE_CURVE ( 'NONE', #810, #318, #1953, .T. ) ;
#1360 =( BOUNDED_CURVE ( )  B_SPLINE_CURVE ( 3, ( #2284, #1321, #1986, #3490 ),
 .UNSPECIFIED., .F., .F. ) 
 B_SPLINE_CURVE_WITH_KNOTS ( ( 4, 4 ),
 ( 1.570796326794910325, 3.141592653589792672 ),
 .UNSPECIFIED. ) 
 CURVE ( )  GEOMETRIC_REPRESENTATION_ITEM ( )  RATIONAL_B_SPLINE_CURVE ( ( 1.000000000000000000, 0.8047378541243683792, 0.8047378541243683792, 1.000000000000000000 ) ) 
 REPRESENTATION_ITEM ( '' )  );
#1361 = CARTESIAN_POINT ( 'NONE',  ( 21.12500000000001421, 7.999999999999863221, 25.00000000000000000 ) ) ;
#1362 = DIRECTION ( 'NONE',  ( 1.000000000000000000, 0.000000000000000000, 0.000000000000000000 ) ) ;
#1363 = AXIS2_PLACEMENT_3D ( 'NONE', #2151, #1194, #577 ) ;
#1364 = CARTESIAN_POINT ( 'NONE',  ( 26.75000000000000711, -17.24999999999999289, 55.00000000000000711 ) ) ;
#1365 = VECTOR ( 'NONE', #2950, 1000.000000000000000 ) ;
#1366 = EDGE_LOOP ( 'NONE', ( #325, #1113, #847, #68 ) ) ;
#1367 = CARTESIAN_POINT ( 'NONE',  ( 20.25000000000000000, 25.00000000000000000, 57.99999999999999289 ) ) ;
#1368 = ORIENTED_EDGE ( 'NONE', *, *, #1337, .T. ) ;
#1369 = CIRCLE ( 'NONE', #3418, 4.500000000000000888 ) ;
#1370 = ADVANCED_FACE ( 'NONE', ( #146 ), #2867, .F. ) ;
#1371 = ORIENTED_EDGE ( 'NONE', *, *, #548, .T. ) ;
#1372 = CARTESIAN_POINT ( 'NONE',  ( 25.62500000000000355, 14.99999999999999467, 20.00000000000000355 ) ) ;
#1373 = LINE ( 'NONE', #2603, #1437 ) ;
#1374 = DIRECTION ( 'NONE',  ( -1.000000000000000000, -1.176083712526648949E-16, 6.800600086113123653E-32 ) ) ;
#1375 = DIRECTION ( 'NONE',  ( -1.000000000000000000, -1.176083712526648949E-16, 6.800600086113123653E-32 ) ) ;
#1376 = ORIENTED_EDGE ( 'NONE', *, *, #680, .T. ) ;
#1377 = PLANE ( 'NONE',  #3024 ) ;
#1378 = EDGE_LOOP ( 'NONE', ( #237, #1042, #3030, #1404 ) ) ;
#1379 = FACE_OUTER_BOUND ( 'NONE', #258, .T. ) ;
#1380 = DIRECTION ( 'NONE',  ( 1.000000000000000000, 0.000000000000000000, 0.000000000000000000 ) ) ;
#1381 = CARTESIAN_POINT ( 'NONE',  ( 20.25000000000000355, -15.00000000000000355, 16.00000000000000000 ) ) ;
#1382 = ORIENTED_EDGE ( 'NONE', *, *, #2173, .T. ) ;
#1383 = CARTESIAN_POINT ( 'NONE',  ( 20.25000000000000355, 16.87500000000000711, 10.99999999999999645 ) ) ;
#1384 = EDGE_CURVE ( 'NONE', #378, #1829, #408, .T. ) ;
#1385 = ORIENTED_EDGE ( 'NONE', *, *, #2541, .T. ) ;
#1386 = EDGE_LOOP ( 'NONE', ( #3050, #1538, #2107, #3852 ) ) ;
#1387 = CARTESIAN_POINT ( 'NONE',  ( 20.00000000000000711, -26.75000000000000355, 58.24999999999999289 ) ) ;
#1388 = VECTOR ( 'NONE', #2591, 1000.000000000000000 ) ;
#1389 = CC_DESIGN_PERSON_AND_ORGANIZATION_ASSIGNMENT ( #1568, #930, ( #151 ) ) ;
#1390 = ORIENTED_EDGE ( 'NONE', *, *, #576, .T. ) ;
#1391 = DIRECTION ( 'NONE',  ( 0.000000000000000000, -1.000000000000000000, 9.251858538542979716E-16 ) ) ;
#1392 = CARTESIAN_POINT ( 'NONE',  ( 14.00000000000000178, -20.25000000000000355, 10.99999999999999645 ) ) ;
#1393 = DIRECTION ( 'NONE',  ( -1.000000000000000000, 0.000000000000000000, 0.000000000000000000 ) ) ;
#1394 = DIRECTION ( 'NONE',  ( -1.000000000000000000, -1.386719069154237324E-15, -1.972152263052529514E-31 ) ) ;
#1395 = ORIENTED_EDGE ( 'NONE', *, *, #1634, .T. ) ;
#1396 = CARTESIAN_POINT ( 'NONE',  ( 26.25000000000000355, -7.500000000000007105, 24.93301270189222052 ) ) ;
#1397 = ORIENTED_EDGE ( 'NONE', *, *, #548, .F. ) ;
#1398 = CIRCLE ( 'NONE', #3640, 0.5000000000000004441 ) ;
#1399 = CARTESIAN_POINT ( 'NONE',  ( 25.75000000000000355, -17.25000000000000000, 60.75000000000000000 ) ) ;
#1400 = DIRECTION ( 'NONE',  ( -1.000000000000000000, -1.176083712526648949E-16, 6.800600086113123653E-32 ) ) ;
#1401 = ORIENTED_EDGE ( 'NONE', *, *, #1659, .T. ) ;
#1402 = CYLINDRICAL_SURFACE ( 'NONE', #1677, 0.2500000000000002220 ) ;
#1403 = ORIENTED_EDGE ( 'NONE', *, *, #2300, .F. ) ;
#1404 = ORIENTED_EDGE ( 'NONE', *, *, #1187, .F. ) ;
#1405 = LINE ( 'NONE', #1131, #1111 ) ;
#1406 = EDGE_CURVE ( 'NONE', #830, #3877, #1496, .T. ) ;
#1407 = CARTESIAN_POINT ( 'NONE',  ( 25.12500000000001066, -10.00000000000000355, 20.00000000000001066 ) ) ;
#1408 = EDGE_CURVE ( 'NONE', #1460, #2202, #3221, .T. ) ;
#1409 = AXIS2_PLACEMENT_3D ( 'NONE', #1912, #1607, #170 ) ;
#1410 = EDGE_CURVE ( 'NONE', #1708, #163, #1319, .T. ) ;
#1411 = AXIS2_PLACEMENT_3D ( 'NONE', #2105, #3646, #2691 ) ;
#1412 = CIRCLE ( 'NONE', #2571, 1.000000000000000888 ) ;
#1413 = ORIENTED_EDGE ( 'NONE', *, *, #3718, .F. ) ;
#1414 = DIRECTION ( 'NONE',  ( 1.972152263052529514E-31, 0.000000000000000000, -1.000000000000000000 ) ) ;
#1415 = CARTESIAN_POINT ( 'NONE',  ( 26.75000000000000355, -17.25000000000000000, 60.75000000000000000 ) ) ;
#1416 = ADVANCED_FACE ( 'NONE', ( #3150 ), #1969, .T. ) ;
#1417 = CARTESIAN_POINT ( 'NONE',  ( 20.25000000000000355, -14.50000000000000355, 20.00000000000001066 ) ) ;
#1418 = LINE ( 'NONE', #3501, #19 ) ;
#1419 = ORIENTED_EDGE ( 'NONE', *, *, #1242, .T. ) ;
#1420 = DIRECTION ( 'NONE',  ( 1.000000000000000000, 0.000000000000000000, 0.000000000000000000 ) ) ;
#1421 = APPLICATION_CONTEXT ( 'configuration controlled 3d designs of mechanical parts and assemblies' ) ;
#1422 = AXIS2_PLACEMENT_3D ( 'NONE', #3444, #100, #698 ) ;
#1423 = ORIENTED_EDGE ( 'NONE', *, *, #1471, .T. ) ;
#1424 = LINE ( 'NONE', #782, #3393 ) ;
#1425 = APPROVAL_PERSON_ORGANIZATION ( #351, #2817, #2186 ) ;
#1426 = DIRECTION ( 'NONE',  ( 0.000000000000000000, -1.000000000000000000, 0.000000000000000000 ) ) ;
#1427 = LINE ( 'NONE', #869, #2442 ) ;
#1428 = ORIENTED_EDGE ( 'NONE', *, *, #2155, .F. ) ;
#1429 = CARTESIAN_POINT ( 'NONE',  ( 1.500000000000002442, -28.25000000000000355, 6.000000000000000000 ) ) ;
#1430 = ORIENTED_EDGE ( 'NONE', *, *, #1406, .T. ) ;
#1431 = CARTESIAN_POINT ( 'NONE',  ( 20.25000000000000355, -20.25000000000000355, 6.000000000000000000 ) ) ;
#1432 = LINE ( 'NONE', #578, #2505 ) ;
#1433 = CIRCLE ( 'NONE', #732, 1.875000000000000000 ) ;
#1434 = ORIENTED_EDGE ( 'NONE', *, *, #1736, .T. ) ;
#1435 = FACE_OUTER_BOUND ( 'NONE', #560, .T. ) ;
#1436 = CARTESIAN_POINT ( 'NONE',  ( 20.25000000000000000, 26.75000000000000000, 57.74999999999998579 ) ) ;
#1437 = VECTOR ( 'NONE', #2962, 1000.000000000000000 ) ;
#1438 = LINE ( 'NONE', #263, #2193 ) ;
#1439 = DIRECTION ( 'NONE',  ( 0.000000000000000000, 0.000000000000000000, -1.000000000000000000 ) ) ;
#1440 = ORIENTED_EDGE ( 'NONE', *, *, #2429, .F. ) ;
#1441 = DIRECTION ( 'NONE',  ( -1.000000000000000000, -1.386719069154237324E-15, -1.972152263052529514E-31 ) ) ;
#1442 = ORIENTED_EDGE ( 'NONE', *, *, #2219, .F. ) ;
#1443 = VERTEX_POINT ( 'NONE', #2227 ) ;
#1444 = PLANE ( 'NONE',  #1908 ) ;
#1445 = CIRCLE ( 'NONE', #241, 2.749999999999999112 ) ;
#1446 = CYLINDRICAL_SURFACE ( 'NONE', #129, 0.5000000000000004441 ) ;
#1447 = DIRECTION ( 'NONE',  ( 0.000000000000000000, 1.000000000000000000, 0.000000000000000000 ) ) ;
#1448 = EDGE_LOOP ( 'NONE', ( #3570, #49 ) ) ;
#1449 = ORIENTED_EDGE ( 'NONE', *, *, #2173, .F. ) ;
#1450 = EDGE_CURVE ( 'NONE', #173, #1974, #3962, .T. ) ;
#1451 = DIRECTION ( 'NONE',  ( 0.000000000000000000, 0.000000000000000000, -1.000000000000000000 ) ) ;
#1452 = DIRECTION ( 'NONE',  ( -0.000000000000000000, -0.000000000000000000, 1.000000000000000000 ) ) ;
#1453 = VERTEX_POINT ( 'NONE', #3791 ) ;
#1454 = CARTESIAN_POINT ( 'NONE',  ( 26.50000000000000355, 15.00000000000000888, 10.99999999999999645 ) ) ;
#1455 = DIRECTION ( 'NONE',  ( 1.176083712526648949E-16, -1.000000000000000000, -7.998074996684972405E-48 ) ) ;
#1456 = EDGE_CURVE ( 'NONE', #1067, #1657, #1795, .T. ) ;
#1457 = ORIENTED_EDGE ( 'NONE', *, *, #2124, .F. ) ;
#1458 = CARTESIAN_POINT ( 'NONE',  ( 26.50000000000000355, 16.50000000000000000, 54.99999999999999289 ) ) ;
#1459 = ORIENTED_EDGE ( 'NONE', *, *, #1958, .F. ) ;
#1460 = VERTEX_POINT ( 'NONE', #1336 ) ;
#1461 = CYLINDRICAL_SURFACE ( 'NONE', #2170, 2.000000000000001776 ) ;
#1462 = CARTESIAN_POINT ( 'NONE',  ( 26.50000000000000355, -13.12500000000000533, 11.00000000000000000 ) ) ;
#1463 = FACE_OUTER_BOUND ( 'NONE', #1647, .T. ) ;
#1464 = ORIENTED_EDGE ( 'NONE', *, *, #3917, .F. ) ;
#1465 = DIRECTION ( 'NONE',  ( -1.000000000000000000, 0.000000000000000000, -7.925637631223202646E-32 ) ) ;
#1466 = AXIS2_PLACEMENT_3D ( 'NONE', #2630, #3847, #1380 ) ;
#1467 = EDGE_LOOP ( 'NONE', ( #502, #2746, #197, #2809, #3332 ) ) ;
#1468 = EDGE_CURVE ( 'NONE', #1460, #173, #2555, .T. ) ;
#1469 = DIRECTION ( 'NONE',  ( 8.566535683836083017E-17, -1.000000000000000000, 0.000000000000000000 ) ) ;
#1470 = CARTESIAN_POINT ( 'NONE',  ( 25.12500000000000711, 9.999999999999994671, 25.00000000000000000 ) ) ;
#1471 = EDGE_CURVE ( 'NONE', #3617, #488, #2434, .T. ) ;
#1472 = EDGE_CURVE ( 'NONE', #647, #1067, #688, .T. ) ;
#1473 = DIRECTION ( 'NONE',  ( 0.000000000000000000, -1.000000000000000000, 3.965082230804130713E-16 ) ) ;
#1474 = AXIS2_PLACEMENT_3D ( 'NONE', #2459, #935, #2781 ) ;
#1475 = DIRECTION ( 'NONE',  ( 0.000000000000000000, -0.000000000000000000, 1.000000000000000000 ) ) ;
#1476 = AXIS2_PLACEMENT_3D ( 'NONE', #2490, #3887, #2883 ) ;
#1477 = VERTEX_POINT ( 'NONE', #1047 ) ;
#1478 = FACE_BOUND ( 'NONE', #1575, .T. ) ;
#1479 = ORIENTED_EDGE ( 'NONE', *, *, #1771, .T. ) ;
#1480 = ORIENTED_EDGE ( 'NONE', *, *, #2811, .T. ) ;
#1481 = CARTESIAN_POINT ( 'NONE',  ( 20.50000000000000355, -7.500000000000003553, 55.00000000000000000 ) ) ;
#1482 = LINE ( 'NONE', #609, #1915 ) ;
#1483 = EDGE_CURVE ( 'NONE', #679, #1657, #2269, .T. ) ;
#1484 = CARTESIAN_POINT ( 'NONE',  ( 20.25000000000000711, -26.75000000000000000, 60.75000000000000000 ) ) ;
#1485 = EDGE_LOOP ( 'NONE', ( #3712, #696, #3430, #2165 ) ) ;
#1486 = FACE_OUTER_BOUND ( 'NONE', #1695, .T. ) ;
#1487 = VERTEX_POINT ( 'NONE', #3412 ) ;
#1488 = CIRCLE ( 'NONE', #2721, 1.875000000000000000 ) ;
#1489 = AXIS2_PLACEMENT_3D ( 'NONE', #2764, #2156, #658 ) ;
#1490 = VECTOR ( 'NONE', #1214, 1000.000000000000000 ) ;
#1491 = AXIS2_PLACEMENT_3D ( 'NONE', #3546, #2650, #2905 ) ;
#1492 = CARTESIAN_POINT ( 'NONE',  ( 26.48143439082557649, 14.66009508800162742, 15.86354124893104789 ) ) ;
#1493 = DIRECTION ( 'NONE',  ( 0.000000000000000000, -1.000000000000000000, -5.782411586589393137E-16 ) ) ;
#1494 = VECTOR ( 'NONE', #660, 1000.000000000000000 ) ;
#1495 = EDGE_CURVE ( 'NONE', #474, #2993, #3187, .T. ) ;
#1496 = CIRCLE ( 'NONE', #2718, 0.5000000000000004441 ) ;
#1497 = CIRCLE ( 'NONE', #3354, 0.2500000000000002220 ) ;
#1498 = DIRECTION ( 'NONE',  ( 0.000000000000000000, 0.000000000000000000, 1.000000000000000000 ) ) ;
#1499 = VECTOR ( 'NONE', #726, 1000.000000000000000 ) ;
#1500 = DIRECTION ( 'NONE',  ( 1.000000000000000000, 0.000000000000000000, 0.000000000000000000 ) ) ;
#1501 = ORIENTED_EDGE ( 'NONE', *, *, #2006, .T. ) ;
#1502 = CARTESIAN_POINT ( 'NONE',  ( 20.25000000000000355, -13.12500000000000533, 11.00000000000000000 ) ) ;
#1503 = ORIENTED_EDGE ( 'NONE', *, *, #634, .F. ) ;
#1504 = ORIENTED_EDGE ( 'NONE', *, *, #1384, .T. ) ;
#1505 = CARTESIAN_POINT ( 'NONE',  ( 15.50000000000000000, 26.75000000000000000, 57.74999999999998579 ) ) ;
#1506 = DIRECTION ( 'NONE',  ( 0.000000000000000000, 0.000000000000000000, 1.000000000000000000 ) ) ;
#1507 = DIRECTION ( 'NONE',  ( -1.078918924397141633E-15, -0.7727065869873361859, 0.6347633656933757695 ) ) ;
#1508 = VERTEX_POINT ( 'NONE', #372 ) ;
#1509 = PERSON_AND_ORGANIZATION ( #1167, #1173 ) ;
#1510 = ORIENTED_EDGE ( 'NONE', *, *, #245, .F. ) ;
#1511 = DIRECTION ( 'NONE',  ( -1.000000000000000000, -8.566535683836089180E-17, 1.094764425253763580E-47 ) ) ;
#1512 = CARTESIAN_POINT ( 'NONE',  ( 23.37500000000000355, -23.37500000000000711, 6.000000000000000000 ) ) ;
#1513 = EDGE_CURVE ( 'NONE', #2328, #3071, #1587, .T. ) ;
#1514 = CARTESIAN_POINT ( 'NONE',  ( 20.26857418051918103, -7.363556854711089450, 24.66011813017172116 ) ) ;
#1515 = EDGE_CURVE ( 'NONE', #2245, #1217, #1080, .T. ) ;
#1516 = LINE ( 'NONE', #1844, #1350 ) ;
#1517 = EDGE_LOOP ( 'NONE', ( #3361, #2052, #3227, #360 ) ) ;
#1518 = DIRECTION ( 'NONE',  ( 0.000000000000000000, 0.000000000000000000, 1.000000000000000000 ) ) ;
#1519 = ORIENTED_EDGE ( 'NONE', *, *, #1706, .F. ) ;
#1520 = ORIENTED_EDGE ( 'NONE', *, *, #3714, .F. ) ;
#1521 = ADVANCED_FACE ( 'NONE', ( #2537 ), #3753, .T. ) ;
#1522 = LINE ( 'NONE', #2103, #3819 ) ;
#1523 = DIRECTION ( 'NONE',  ( 1.000000000000000000, 0.000000000000000000, 0.000000000000000000 ) ) ;
#1524 = CARTESIAN_POINT ( 'NONE',  ( 6.499999999999999112, 23.37500000000000000, 6.000000000000000000 ) ) ;
#1525 = EDGE_CURVE ( 'NONE', #481, #2446, #2851, .T. ) ;
#1526 = ORIENTED_EDGE ( 'NONE', *, *, #1811, .T. ) ;
#1527 = DIRECTION ( 'NONE',  ( 1.000000000000000000, 0.000000000000000000, 0.000000000000000000 ) ) ;
#1528 = ORIENTED_EDGE ( 'NONE', *, *, #760, .T. ) ;
#1529 = LINE ( 'NONE', #3316, #155 ) ;
#1530 = CARTESIAN_POINT ( 'NONE',  ( 20.25000000000000355, -17.50000000000000000, 60.89644660940671628 ) ) ;
#1531 = ORIENTED_EDGE ( 'NONE', *, *, #2321, .T. ) ;
#1532 = AXIS2_PLACEMENT_3D ( 'NONE', #2514, #706, #1606 ) ;
#1533 = ADVANCED_FACE ( 'NONE', ( #556 ), #3232, .T. ) ;
#1534 = EDGE_CURVE ( 'NONE', #1689, #3785, #3549, .T. ) ;
#1535 = ADVANCED_FACE ( 'NONE', ( #2303 ), #1446, .T. ) ;
#1536 = CYLINDRICAL_SURFACE ( 'NONE', #991, 1.875000000000000000 ) ;
#1537 = CYLINDRICAL_SURFACE ( 'NONE', #3726, 5.000000000000000888 ) ;
#1538 = ORIENTED_EDGE ( 'NONE', *, *, #543, .T. ) ;
#1539 = CARTESIAN_POINT ( 'NONE',  ( 15.50000000000000178, 17.50000000000000000, 54.99999999999999289 ) ) ;
#1540 = EDGE_LOOP ( 'NONE', ( #3000, #486 ) ) ;
#1541 = VECTOR ( 'NONE', #3754, 1000.000000000000000 ) ;
#1542 = EDGE_CURVE ( 'NONE', #2455, #350, #2047, .T. ) ;
#1543 = CIRCLE ( 'NONE', #2569, 0.2500000000000002220 ) ;
#1544 = PRODUCT_DEFINITION_SHAPE ( 'NONE', 'NONE',  #3813 ) ;
#1545 = CARTESIAN_POINT ( 'NONE',  ( 20.75000000000000355, -15.00000000000000355, 16.00000000000000000 ) ) ;
#1546 = CARTESIAN_POINT ( 'NONE',  ( 26.50000000000000355, -16.50000000000000000, 60.75000000000000000 ) ) ;
#1547 = VECTOR ( 'NONE', #1889, 1000.000000000000000 ) ;
#1548 = CARTESIAN_POINT ( 'NONE',  ( 14.00000000000000178, 41.75000000000000000, 9.124999999999996447 ) ) ;
#1549 = DIRECTION ( 'NONE',  ( 0.000000000000000000, 1.000000000000000000, -1.204669080539447865E-16 ) ) ;
#1550 = ORIENTED_EDGE ( 'NONE', *, *, #1910, .F. ) ;
#1551 = ORIENTED_EDGE ( 'NONE', *, *, #1312, .T. ) ;
#1552 = CARTESIAN_POINT ( 'NONE',  ( 15.50000000000000000, 29.25000000000000000, 57.74999999999998579 ) ) ;
#1553 = CARTESIAN_POINT ( 'NONE',  ( 15.50000000000000711, -26.75000000000000711, 57.75000000000000711 ) ) ;
#1554 = ORIENTED_EDGE ( 'NONE', *, *, #3833, .T. ) ;
#1555 = AXIS2_PLACEMENT_3D ( 'NONE', #426, #1906, #102 ) ;
#1556 = LOCAL_TIME ( 17, 29, 23.00000000000000000, #3733 ) ;
#1557 = CIRCLE ( 'NONE', #2457, 0.5000000000000004441 ) ;
#1558 = DIRECTION ( 'NONE',  ( 0.000000000000000000, 0.000000000000000000, 1.000000000000000000 ) ) ;
#1559 = EDGE_LOOP ( 'NONE', ( #1642, #943, #1833, #1371 ) ) ;
#1560 = CARTESIAN_POINT ( 'NONE',  ( 26.50000000000000355, -28.25000000000000355, 6.000000000000000000 ) ) ;
#1561 = EDGE_LOOP ( 'NONE', ( #3234, #139, #1917, #3607 ) ) ;
#1562 = AXIS2_PLACEMENT_3D ( 'NONE', #1318, #3488, #2513 ) ;
#1563 = CARTESIAN_POINT ( 'NONE',  ( 26.50000000000000355, 16.87500000000000711, 10.99999999999999645 ) ) ;
#1564 = CARTESIAN_POINT ( 'NONE',  ( 20.25000000000000355, -16.87500000000000355, 11.00000000000000000 ) ) ;
#1565 = CARTESIAN_POINT ( 'NONE',  ( 25.12500000000002487, 3.486284085254388133E-14, 24.50000000000000000 ) ) ;
#1566 = LINE ( 'NONE', #1582, #712 ) ;
#1567 = EDGE_LOOP ( 'NONE', ( #3641, #3119, #3494, #3589 ) ) ;
#1568 = PERSON_AND_ORGANIZATION ( #1167, #1173 ) ;
#1569 = LINE ( 'NONE', #1027, #2784 ) ;
#1570 = LINE ( 'NONE', #31, #2899 ) ;
#1571 = DIRECTION ( 'NONE',  ( -0.000000000000000000, -0.000000000000000000, 1.000000000000000000 ) ) ;
#1572 = ORIENTED_EDGE ( 'NONE', *, *, #576, .F. ) ;
#1573 = EDGE_CURVE ( 'NONE', #2689, #3447, #3888, .T. ) ;
#1574 = CARTESIAN_POINT ( 'NONE',  ( 20.50000000000000355, 7.499999999999973355, 55.00000000000000000 ) ) ;
#1575 = EDGE_LOOP ( 'NONE', ( #2322, #3738 ) ) ;
#1576 = ORIENTED_EDGE ( 'NONE', *, *, #3620, .F. ) ;
#1577 = DIRECTION ( 'NONE',  ( 0.000000000000000000, -1.000000000000000000, 0.000000000000000000 ) ) ;
#1578 = DIRECTION ( 'NONE',  ( -1.386719069154237522E-15, 1.000000000000000000, 0.000000000000000000 ) ) ;
#1579 = EDGE_CURVE ( 'NONE', #3103, #647, #2294, .T. ) ;
#1580 = EDGE_CURVE ( 'NONE', #2328, #1322, #3513, .T. ) ;
#1581 = CARTESIAN_POINT ( 'NONE',  ( 26.25000000000000355, -7.500000000000007105, 24.93301270189222052 ) ) ;
#1582 = CARTESIAN_POINT ( 'NONE',  ( 20.25000000000000355, -7.250000000000007105, 24.50000000000000000 ) ) ;
#1583 = ORIENTED_EDGE ( 'NONE', *, *, #1116, .F. ) ;
#1584 = DATE_AND_TIME ( #670, #540 ) ;
#1585 = TOROIDAL_SURFACE ( 'NONE', #1070, 2.499999999999999556, 0.2500000000000000000 ) ;
#1586 = FACE_OUTER_BOUND ( 'NONE', #1902, .T. ) ;
#1587 = LINE ( 'NONE', #387, #895 ) ;
#1588 = LINE ( 'NONE', #48, #2878 ) ;
#1589 = ORIENTED_EDGE ( 'NONE', *, *, #704, .T. ) ;
#1590 = EDGE_CURVE ( 'NONE', #3193, #1036, #2072, .T. ) ;
#1591 = EDGE_CURVE ( 'NONE', #2767, #3755, #3263, .T. ) ;
#1592 = CARTESIAN_POINT ( 'NONE',  ( -26.49999999999998934, -33.50000000000000000, 6.000000000000000000 ) ) ;
#1593 = EDGE_CURVE ( 'NONE', #174, #2829, #3208, .T. ) ;
#1594 = ORIENTED_EDGE ( 'NONE', *, *, #1835, .F. ) ;
#1595 = DIRECTION ( 'NONE',  ( 0.000000000000000000, 1.000000000000000000, 0.000000000000000000 ) ) ;
#1596 = ORIENTED_EDGE ( 'NONE', *, *, #3067, .T. ) ;
#1597 = CARTESIAN_POINT ( 'NONE',  ( 20.50000000000000355, -7.250000000000002665, 55.00000000000000000 ) ) ;
#1598 = FACE_OUTER_BOUND ( 'NONE', #1059, .T. ) ;
#1599 = AXIS2_PLACEMENT_3D ( 'NONE', #1144, #2926, #2073 ) ;
#1600 = CARTESIAN_POINT ( 'NONE',  ( 20.75000000000000355, 14.99999999999999645, 61.00000000000000000 ) ) ;
#1601 = CARTESIAN_POINT ( 'NONE',  ( 20.25000000000000355, -15.00000000000000355, 15.75000000000000000 ) ) ;
#1602 = EDGE_LOOP ( 'NONE', ( #1992, #3376 ) ) ;
#1603 = AXIS2_PLACEMENT_3D ( 'NONE', #2877, #1120, #1439 ) ;
#1604 = FACE_BOUND ( 'NONE', #3245, .T. ) ;
#1605 = CIRCLE ( 'NONE', #3337, 2.499999999999995115 ) ;
#1606 = DIRECTION ( 'NONE',  ( 1.000000000000000000, 1.386719069154233380E-15, 0.000000000000000000 ) ) ;
#1607 = DIRECTION ( 'NONE',  ( -8.566535683836085482E-17, 1.000000000000000000, 0.000000000000000000 ) ) ;
#1608 = ORIENTED_EDGE ( 'NONE', *, *, #235, .F. ) ;
#1609 = CARTESIAN_POINT ( 'NONE',  ( 20.25000000000000711, -17.50000000000000000, 55.25000000000000711 ) ) ;
#1610 = ADVANCED_FACE ( 'NONE', ( #2283 ), #3271, .T. ) ;
#1611 = AXIS2_PLACEMENT_3D ( 'NONE', #2663, #498, #1738 ) ;
#1612 = AXIS2_PLACEMENT_3D ( 'NONE', #603, #2175, #3944 ) ;
#1613 = PLANE ( 'NONE',  #783 ) ;
#1614 = ORIENTED_EDGE ( 'NONE', *, *, #2079, .T. ) ;
#1615 = CARTESIAN_POINT ( 'NONE',  ( 20.00000000000000711, -17.25000000000000000, 61.00000000000000000 ) ) ;
#1616 = VERTEX_POINT ( 'NONE', #1726 ) ;
#1617 = EDGE_CURVE ( 'NONE', #1067, #1980, #2972, .T. ) ;
#1618 =( BOUNDED_CURVE ( )  B_SPLINE_CURVE ( 3, ( #1243, #925, #2125, #3585 ),
 .UNSPECIFIED., .F., .F. ) 
 B_SPLINE_CURVE_WITH_KNOTS ( ( 4, 4 ),
 ( 3.141592653589793116, 4.712388980384689674 ),
 .UNSPECIFIED. ) 
 CURVE ( )  GEOMETRIC_REPRESENTATION_ITEM ( )  RATIONAL_B_SPLINE_CURVE ( ( 1.000000000000000000, 0.8047378541243649375, 0.8047378541243649375, 1.000000000000000000 ) ) 
 REPRESENTATION_ITEM ( '' )  );
#1619 = DIRECTION ( 'NONE',  ( 0.000000000000000000, -1.000000000000000000, -2.523234146875356491E-15 ) ) ;
#1620 = CARTESIAN_POINT ( 'NONE',  ( 6.499999999999999112, 23.37500000000000000, 16.00000000000000000 ) ) ;
#1621 = LINE ( 'NONE', #1600, #650 ) ;
#1622 = VECTOR ( 'NONE', #3072, 1000.000000000000000 ) ;
#1623 = DIRECTION ( 'NONE',  ( -8.566535683836085482E-17, 1.000000000000000000, -0.000000000000000000 ) ) ;
#1624 = ORIENTED_EDGE ( 'NONE', *, *, #2204, .T. ) ;
#1625 = AXIS2_PLACEMENT_3D ( 'NONE', #3122, #681, #1920 ) ;
#1626 = CARTESIAN_POINT ( 'NONE',  ( 21.62500000000001421, 7.999999999999863221, 24.50000000000000000 ) ) ;
#1627 = DIRECTION ( 'NONE',  ( 0.000000000000000000, -9.251858538542961967E-16, -1.000000000000000000 ) ) ;
#1628 = CARTESIAN_POINT ( 'NONE',  ( 20.75000000000000355, 9.999999999999994671, 20.00000000000000355 ) ) ;
#1629 = ORIENTED_EDGE ( 'NONE', *, *, #1864, .T. ) ;
#1630 = CARTESIAN_POINT ( 'NONE',  ( 21.62500000000000711, -14.50000000000000178, 17.08745638631582153 ) ) ;
#1631 = EDGE_CURVE ( 'NONE', #3545, #3473, #2592, .T. ) ;
#1632 = CARTESIAN_POINT ( 'NONE',  ( 26.00000000000001776, 7.499999999999861444, 25.00000000000000000 ) ) ;
#1633 = ORIENTED_EDGE ( 'NONE', *, *, #1679, .F. ) ;
#1634 = EDGE_CURVE ( 'NONE', #3678, #802, #254, .T. ) ;
#1635 = LINE ( 'NONE', #980, #152 ) ;
#1636 = CARTESIAN_POINT ( 'NONE',  ( 26.75000000000000355, 5.568248194493455687E-16, 0.000000000000000000 ) ) ;
#1637 = DIRECTION ( 'NONE',  ( 1.176083712526648949E-16, -1.000000000000000000, 0.000000000000000000 ) ) ;
#1638 = CARTESIAN_POINT ( 'NONE',  ( 26.50000000000000355, 0.000000000000000000, 60.75000000000000000 ) ) ;
#1639 = VERTEX_POINT ( 'NONE', #3807 ) ;
#1640 = FACE_OUTER_BOUND ( 'NONE', #3240, .T. ) ;
#1641 = EDGE_CURVE ( 'NONE', #3010, #3505, #3868, .T. ) ;
#1642 = ORIENTED_EDGE ( 'NONE', *, *, #2676, .F. ) ;
#1643 = FACE_BOUND ( 'NONE', #1853, .T. ) ;
#1644 = DIRECTION ( 'NONE',  ( -0.000000000000000000, -0.000000000000000000, 1.000000000000000000 ) ) ;
#1645 = ADVANCED_FACE ( 'NONE', ( #1063 ), #1684, .F. ) ;
#1646 = LINE ( 'NONE', #108, #1282 ) ;
#1647 = EDGE_LOOP ( 'NONE', ( #565, #2291, #936, #3809 ) ) ;
#1648 = FACE_OUTER_BOUND ( 'NONE', #3210, .T. ) ;
#1649 = EDGE_CURVE ( 'NONE', #2989, #1971, #2005, .T. ) ;
#1650 = EDGE_CURVE ( 'NONE', #1247, #243, #3250, .T. ) ;
#1651 = VERTEX_POINT ( 'NONE', #2770 ) ;
#1652 = FACE_OUTER_BOUND ( 'NONE', #1737, .T. ) ;
#1653 = CARTESIAN_POINT ( 'NONE',  ( 26.00000000000000355, -15.00000000000000355, 16.00000000000000000 ) ) ;
#1654 = VECTOR ( 'NONE', #944, 1000.000000000000000 ) ;
#1655 = CARTESIAN_POINT ( 'NONE',  ( 25.12500000000000711, 8.170134174727746057, 24.79289321881344677 ) ) ;
#1656 = CARTESIAN_POINT ( 'NONE',  ( 9.000000000000005329, -23.37500000000000711, 16.00000000000000000 ) ) ;
#1657 = VERTEX_POINT ( 'NONE', #2471 ) ;
#1658 = CARTESIAN_POINT ( 'NONE',  ( 26.50000000000000355, 20.24999999999999645, 15.75000000000000000 ) ) ;
#1659 = EDGE_CURVE ( 'NONE', #433, #374, #2108, .T. ) ;
#1660 = ORIENTED_EDGE ( 'NONE', *, *, #3177, .T. ) ;
#1661 = FACE_OUTER_BOUND ( 'NONE', #3707, .T. ) ;
#1662 = DIRECTION ( 'NONE',  ( -0.000000000000000000, 0.000000000000000000, 1.000000000000000000 ) ) ;
#1663 = CARTESIAN_POINT ( 'NONE',  ( 25.75000000000000355, -17.24999999999999289, 55.00000000000000711 ) ) ;
#1664 = ORIENTED_EDGE ( 'NONE', *, *, #208, .F. ) ;
#1665 = CARTESIAN_POINT ( 'NONE',  ( 20.25000000000000355, 9.999999999999994671, 25.00000000000000000 ) ) ;
#1666 = AXIS2_PLACEMENT_3D ( 'NONE', #1870, #995, #2212 ) ;
#1667 = ORIENTED_EDGE ( 'NONE', *, *, #3541, .F. ) ;
#1668 = ORIENTED_EDGE ( 'NONE', *, *, #3184, .T. ) ;
#1669 = AXIS2_PLACEMENT_3D ( 'NONE', #2908, #3846, #3207 ) ;
#1670 = ORIENTED_EDGE ( 'NONE', *, *, #2907, .T. ) ;
#1671 = DIRECTION ( 'NONE',  ( 0.000000000000000000, -1.000000000000000000, 0.000000000000000000 ) ) ;
#1672 = LINE ( 'NONE', #3800, #3875 ) ;
#1673 = AXIS2_PLACEMENT_3D ( 'NONE', #3079, #2542, #2839 ) ;
#1674 = AXIS2_PLACEMENT_3D ( 'NONE', #3519, #1374, #1719 ) ;
#1675 = VECTOR ( 'NONE', #265, 1000.000000000000000 ) ;
#1676 = DIRECTION ( 'NONE',  ( 0.000000000000000000, 1.000000000000000000, 0.000000000000000000 ) ) ;
#1677 = AXIS2_PLACEMENT_3D ( 'NONE', #1129, #2349, #574 ) ;
#1678 = AXIS2_PLACEMENT_3D ( 'NONE', #3219, #1414, #1717 ) ;
#1679 = EDGE_CURVE ( 'NONE', #2504, #1925, #1398, .T. ) ;
#1680 = VERTEX_POINT ( 'NONE', #1162 ) ;
#1681 = CARTESIAN_POINT ( 'NONE',  ( 20.50000000000000355, 7.249999999999768185, -2.707493758512325336E-14 ) ) ;
#1682 = VERTEX_POINT ( 'NONE', #1810 ) ;
#1683 = DIRECTION ( 'NONE',  ( -1.000000000000000000, -8.566535683836086715E-17, -0.000000000000000000 ) ) ;
#1684 = CYLINDRICAL_SURFACE ( 'NONE', #3133, 2.500000000000002220 ) ;
#1685 = VECTOR ( 'NONE', #1029, 1000.000000000000000 ) ;
#1686 = CIRCLE ( 'NONE', #2524, 0.2500000000000002220 ) ;
#1687 = LINE ( 'NONE', #1364, #1541 ) ;
#1688 = CIRCLE ( 'NONE', #1288, 0.7500000000000006661 ) ;
#1689 = VERTEX_POINT ( 'NONE', #25 ) ;
#1690 = CARTESIAN_POINT ( 'NONE',  ( 0.000000000000000000, 20.24999999999999645, 16.00000000000000000 ) ) ;
#1691 = EDGE_CURVE ( 'NONE', #3277, #3343, #1482, .T. ) ;
#1692 = ORIENTED_EDGE ( 'NONE', *, *, #3478, .T. ) ;
#1693 = AXIS2_PLACEMENT_3D ( 'NONE', #874, #3938, #1195 ) ;
#1694 = EDGE_CURVE ( 'NONE', #1971, #613, #214, .T. ) ;
#1695 = EDGE_LOOP ( 'NONE', ( #171, #266, #1068, #909 ) ) ;
#1696 = CARTESIAN_POINT ( 'NONE',  ( 14.00000000000000178, -20.25000000000000355, 9.124999999999996447 ) ) ;
#1697 = CARTESIAN_POINT ( 'NONE',  ( 25.62500000000001066, -7.999999999999868550, 25.00000000000000000 ) ) ;
#1698 = CARTESIAN_POINT ( 'NONE',  ( 20.41365740726678624, 7.499999999999862332, 24.88316278273515891 ) ) ;
#1699 = CARTESIAN_POINT ( 'NONE',  ( 26.75000000000000355, -16.50000000000000000, 60.75000000000000000 ) ) ;
#1700 = ORIENTED_EDGE ( 'NONE', *, *, #2914, .F. ) ;
#1701 = DIRECTION ( 'NONE',  ( 1.000000000000000000, 1.176083712526648949E-16, -6.800600086113123653E-32 ) ) ;
#1702 = ORIENTED_EDGE ( 'NONE', *, *, #1150, .T. ) ;
#1703 = ADVANCED_FACE ( 'NONE', ( #3327 ), #334, .T. ) ;
#1704 = DIRECTION ( 'NONE',  ( 0.000000000000000000, 0.000000000000000000, 1.000000000000000000 ) ) ;
#1705 = DIRECTION ( 'NONE',  ( 0.000000000000000000, 0.000000000000000000, -1.000000000000000000 ) ) ;
#1706 = EDGE_CURVE ( 'NONE', #2504, #2613, #3006, .T. ) ;
#1707 = CARTESIAN_POINT ( 'NONE',  ( 25.75000000000000355, -16.50000000000000000, 55.25000000000000711 ) ) ;
#1708 = VERTEX_POINT ( 'NONE', #926 ) ;
#1709 = LINE ( 'NONE', #2929, #2836 ) ;
#1710 = ORIENTED_EDGE ( 'NONE', *, *, #1250, .F. ) ;
#1711 = ORIENTED_EDGE ( 'NONE', *, *, #3404, .F. ) ;
#1712 = LINE ( 'NONE', #259, #224 ) ;
#1713 = LINE ( 'NONE', #3279, #2203 ) ;
#1714 = EDGE_CURVE ( 'NONE', #679, #1980, #2958, .T. ) ;
#1715 = B_SPLINE_CURVE_WITH_KNOTS ( 'NONE', 3,
 ( #515, #195, #3855, #1110, #2353, #2722 ),
 .UNSPECIFIED., .F., .F.,
 ( 4, 2, 4 ),
 ( -4.472155831845807829E-06, 0.0002910693660293022195, 0.0005866108878904501781 ),
 .UNSPECIFIED. ) ;
#1716 = ORIENTED_EDGE ( 'NONE', *, *, #413, .F. ) ;
#1717 = DIRECTION ( 'NONE',  ( -1.000000000000000000, 0.000000000000000000, 0.000000000000000000 ) ) ;
#1718 = DIRECTION ( 'NONE',  ( 0.000000000000000000, -0.000000000000000000, 1.000000000000000000 ) ) ;
#1719 = DIRECTION ( 'NONE',  ( 0.000000000000000000, -1.000000000000000000, 0.000000000000000000 ) ) ;
#1720 = CARTESIAN_POINT ( 'NONE',  ( 14.00000000000000178, 20.24999999999999645, 12.87499999999999645 ) ) ;
#1721 = ORIENTED_EDGE ( 'NONE', *, *, #2954, .T. ) ;
#1722 = CARTESIAN_POINT ( 'NONE',  ( 26.48143439082557649, -7.363541248931047889, 24.66009508800162919 ) ) ;
#1723 = ORIENTED_EDGE ( 'NONE', *, *, #2500, .F. ) ;
#1724 = VECTOR ( 'NONE', #2945, 1000.000000000000000 ) ;
#1725 = CARTESIAN_POINT ( 'NONE',  ( 26.50000000000000355, -15.00000000000000533, 11.00000000000000000 ) ) ;
#1726 = CARTESIAN_POINT ( 'NONE',  ( 14.00000000000000178, -28.25000000000000355, 9.124999999999996447 ) ) ;
#1727 = LINE ( 'NONE', #3614, #3842 ) ;
#1728 = ORIENTED_EDGE ( 'NONE', *, *, #3421, .T. ) ;
#1729 = DIRECTION ( 'NONE',  ( 1.000000000000000000, 0.000000000000000000, 0.000000000000000000 ) ) ;
#1730 = VERTEX_POINT ( 'NONE', #2733 ) ;
#1731 = ORIENTED_EDGE ( 'NONE', *, *, #3675, .F. ) ;
#1732 = CARTESIAN_POINT ( 'NONE',  ( 14.00000000000000178, 41.75000000000000000, 10.99999999999999645 ) ) ;
#1733 = DIRECTION ( 'NONE',  ( 1.360120017222624731E-31, -5.782411586589358625E-16, 1.000000000000000000 ) ) ;
#1734 = CIRCLE ( 'NONE', #915, 0.2500000000000002220 ) ;
#1735 = AXIS2_PLACEMENT_3D ( 'NONE', #3486, #459, #702 ) ;
#1736 = EDGE_CURVE ( 'NONE', #2716, #2328, #2126, .T. ) ;
#1737 = EDGE_LOOP ( 'NONE', ( #1368, #2730, #308, #2012 ) ) ;
#1738 = DIRECTION ( 'NONE',  ( 1.000000000000000000, 0.000000000000000000, 0.000000000000000000 ) ) ;
#1739 = CARTESIAN_POINT ( 'NONE',  ( 20.00000000000000711, -29.50000000000000711, 58.24999999999999289 ) ) ;
#1740 = CARTESIAN_POINT ( 'NONE',  ( 20.25000000000000355, -15.00000000000000533, 11.00000000000000000 ) ) ;
#1741 = DIRECTION ( 'NONE',  ( 0.000000000000000000, -0.000000000000000000, -1.000000000000000000 ) ) ;
#1742 = EDGE_LOOP ( 'NONE', ( #251, #2438, #2310, #891, #3497, #2213, #2547, #315 ) ) ;
#1743 = CARTESIAN_POINT ( 'NONE',  ( 21.62500000000001066, -8.410740232051079346, 24.50000000000000000 ) ) ;
#1744 = CIRCLE ( 'NONE', #2256, 2.500000000000002220 ) ;
#1745 = VECTOR ( 'NONE', #2828, 1000.000000000000000 ) ;
#1746 = EDGE_LOOP ( 'NONE', ( #3814, #3080, #734, #3330 ) ) ;
#1747 = EDGE_CURVE ( 'NONE', #1247, #1841, #484, .T. ) ;
#1748 = VERTEX_POINT ( 'NONE', #1189 ) ;
#1749 = CARTESIAN_POINT ( 'NONE',  ( 21.62500000000002487, -2.997584195932506917E-14, 4.511298301732666867E-30 ) ) ;
#1750 = LOCAL_TIME ( 17, 29, 23.00000000000000000, #3431 ) ;
#1751 = AXIS2_PLACEMENT_3D ( 'NONE', #377, #435, #1595 ) ;
#1752 = CARTESIAN_POINT ( 'NONE',  ( 26.50000000000000355, 16.50000000000000000, 55.24999999999999289 ) ) ;
#1753 = LINE ( 'NONE', #851, #69 ) ;
#1754 = EDGE_LOOP ( 'NONE', ( #3511, #1845, #2058, #2341 ) ) ;
#1755 =( NAMED_UNIT ( * ) PLANE_ANGLE_UNIT ( ) SI_UNIT ( $, .RADIAN. ) );
#1756 = EDGE_LOOP ( 'NONE', ( #2633, #2049, #1457, #1358 ) ) ;
#1757 = DIRECTION ( 'NONE',  ( -1.000000000000000000, -1.176083712526648949E-16, 6.800600086113123653E-32 ) ) ;
#1758 = CARTESIAN_POINT ( 'NONE',  ( 26.00000000000000355, -9.999999999999998224, 25.00000000000000000 ) ) ;
#1759 = EDGE_CURVE ( 'NONE', #3558, #2504, #202, .T. ) ;
#1760 = ORIENTED_EDGE ( 'NONE', *, *, #103, .F. ) ;
#1761 = DIRECTION ( 'NONE',  ( -7.925637631223199361E-32, 9.251858538542979716E-16, 1.000000000000000000 ) ) ;
#1762 = AXIS2_PLACEMENT_3D ( 'NONE', #1436, #3262, #3879 ) ;
#1763 = CARTESIAN_POINT ( 'NONE',  ( 25.12500000000000355, -14.50000000000000355, 20.00000000000001066 ) ) ;
#1764 = EDGE_LOOP ( 'NONE', ( #2465, #2492, #1943, #1519 ) ) ;
#1765 = DIRECTION ( 'NONE',  ( 0.000000000000000000, 1.000000000000000000, -0.000000000000000000 ) ) ;
#1766 = ORIENTED_EDGE ( 'NONE', *, *, #235, .T. ) ;
#1767 = ORIENTED_EDGE ( 'NONE', *, *, #510, .F. ) ;
#1768 = DIRECTION ( 'NONE',  ( 1.000000000000000000, 0.000000000000000000, 0.000000000000000000 ) ) ;
#1769 = VECTOR ( 'NONE', #136, 1000.000000000000000 ) ;
#1770 = CARTESIAN_POINT ( 'NONE',  ( 20.75000000000000355, 9.999999999999994671, 24.50000000000000355 ) ) ;
#1771 = EDGE_CURVE ( 'NONE', #2455, #230, #842, .T. ) ;
#1772 = DIRECTION ( 'NONE',  ( 0.000000000000000000, 1.000000000000000000, 0.000000000000000000 ) ) ;
#1773 = VERTEX_POINT ( 'NONE', #1462 ) ;
#1774 = APPLICATION_PROTOCOL_DEFINITION ( 'international standard', 'config_control_design', 1994, #1421 ) ;
#1775 = ORIENTED_EDGE ( 'NONE', *, *, #2604, .T. ) ;
#1776 = EDGE_CURVE ( 'NONE', #1708, #3655, #3077, .T. ) ;
#1777 = CARTESIAN_POINT ( 'NONE',  ( 20.25000000000000000, 26.74999999999999645, 60.75000000000000000 ) ) ;
#1778 = DIRECTION ( 'NONE',  ( -0.000000000000000000, -0.000000000000000000, -1.000000000000000000 ) ) ;
#1779 =( BOUNDED_CURVE ( )  B_SPLINE_CURVE ( 3, ( #2671, #527, #863, #1743 ),
 .UNSPECIFIED., .F., .F. ) 
 B_SPLINE_CURVE_WITH_KNOTS ( ( 4, 4 ),
 ( -8.881784197001252323E-16, 1.570796326794895892 ),
 .UNSPECIFIED. ) 
 CURVE ( )  GEOMETRIC_REPRESENTATION_ITEM ( )  RATIONAL_B_SPLINE_CURVE ( ( 1.000000000000000000, 0.8047378541243649375, 0.8047378541243649375, 1.000000000000000000 ) ) 
 REPRESENTATION_ITEM ( '' )  );
#1780 = B_SPLINE_CURVE_WITH_KNOTS ( 'NONE', 3,
 ( #2700, #3338, #1514, #896, #2114, #1781 ),
 .UNSPECIFIED., .F., .F.,
 ( 4, 2, 4 ),
 ( -4.472155831846681120E-06, 0.0002910693660293004847, 0.0005866108878904475760 ),
 .UNSPECIFIED. ) ;
#1781 = CARTESIAN_POINT ( 'NONE',  ( 20.50000000000000355, -7.500000000000007105, 24.93301270189222052 ) ) ;
#1782 = CIRCLE ( 'NONE', #3439, 0.2500000000000002220 ) ;
#1783 = DIRECTION ( 'NONE',  ( -0.000000000000000000, 1.000000000000000000, 0.000000000000000000 ) ) ;
#1784 = EDGE_CURVE ( 'NONE', #3442, #988, #1543, .T. ) ;
#1785 = ORIENTED_EDGE ( 'NONE', *, *, #2543, .F. ) ;
#1786 = CARTESIAN_POINT ( 'NONE',  ( 21.62500000000001066, -10.00000000000000355, 20.00000000000001066 ) ) ;
#1787 = ORIENTED_EDGE ( 'NONE', *, *, #3713, .T. ) ;
#1788 = ORIENTED_EDGE ( 'NONE', *, *, #2290, .F. ) ;
#1789 = DIRECTION ( 'NONE',  ( 1.000000000000000000, 0.000000000000000000, 0.000000000000000000 ) ) ;
#1790 = CARTESIAN_POINT ( 'NONE',  ( 26.33633614663849087, -14.88316650438969724, 16.00000000000000000 ) ) ;
#1791 = EDGE_CURVE ( 'NONE', #2989, #3440, #3679, .T. ) ;
#1792 = FACE_OUTER_BOUND ( 'NONE', #2589, .T. ) ;
#1793 = EDGE_LOOP ( 'NONE', ( #2319, #2259, #1225, #2804 ) ) ;
#1794 = CARTESIAN_POINT ( 'NONE',  ( 25.62500000000001066, -10.00000000000000355, 20.00000000000001066 ) ) ;
#1795 = CIRCLE ( 'NONE', #1023, 0.2500000000000002220 ) ;
#1796 = VERTEX_POINT ( 'NONE', #268 ) ;
#1797 = CYLINDRICAL_SURFACE ( 'NONE', #2198, 0.5000000000000004441 ) ;
#1798 = DIRECTION ( 'NONE',  ( -1.541976423090494844E-15, -1.000000000000000000, 0.000000000000000000 ) ) ;
#1799 = VECTOR ( 'NONE', #2661, 1000.000000000000000 ) ;
#1800 = LINE ( 'NONE', #282, #156 ) ;
#1801 =( BOUNDED_CURVE ( )  B_SPLINE_CURVE ( 3, ( #2797, #3676, #3012, #1209 ),
 .UNSPECIFIED., .F., .F. ) 
 B_SPLINE_CURVE_WITH_KNOTS ( ( 4, 4 ),
 ( 1.570796326794890119, 3.141592653589792228 ),
 .UNSPECIFIED. ) 
 CURVE ( )  GEOMETRIC_REPRESENTATION_ITEM ( )  RATIONAL_B_SPLINE_CURVE ( ( 1.000000000000000000, 0.8047378541243637162, 0.8047378541243637162, 1.000000000000000000 ) ) 
 REPRESENTATION_ITEM ( '' )  );
#1802 = AXIS2_PLACEMENT_3D ( 'NONE', #2869, #3451, #1954 ) ;
#1803 = DIRECTION ( 'NONE',  ( 0.000000000000000000, 0.000000000000000000, 1.000000000000000000 ) ) ;
#1804 = VECTOR ( 'NONE', #2550, 1000.000000000000000 ) ;
#1805 = ORIENTED_EDGE ( 'NONE', *, *, #1001, .T. ) ;
#1806 = DIRECTION ( 'NONE',  ( -1.000000000000000000, 0.000000000000000000, 0.000000000000000000 ) ) ;
#1807 = EDGE_LOOP ( 'NONE', ( #2285, #534, #3422, #3068 ) ) ;
#1808 = ORIENTED_EDGE ( 'NONE', *, *, #3714, .T. ) ;
#1809 = DIRECTION ( 'NONE',  ( -1.000000000000000000, -1.176083712526648949E-16, 6.800600086113123653E-32 ) ) ;
#1810 = CARTESIAN_POINT ( 'NONE',  ( 25.12500000000001066, -8.410740232051090004, 24.50000000000000000 ) ) ;
#1811 = EDGE_CURVE ( 'NONE', #1815, #1342, #398, .T. ) ;
#1812 = CARTESIAN_POINT ( 'NONE',  ( 21.62500000000001066, -8.410740232051079346, 24.50000000000000000 ) ) ;
#1813 = ORIENTED_EDGE ( 'NONE', *, *, #1181, .T. ) ;
#1814 = DIRECTION ( 'NONE',  ( 0.000000000000000000, -0.000000000000000000, -1.000000000000000000 ) ) ;
#1815 = VERTEX_POINT ( 'NONE', #1330 ) ;
#1816 = VECTOR ( 'NONE', #3492, 1000.000000000000000 ) ;
#1817 = VECTOR ( 'NONE', #1765, 1000.000000000000000 ) ;
#1818 = LINE ( 'NONE', #300, #3097 ) ;
#1819 = EDGE_CURVE ( 'NONE', #1453, #24, #79, .T. ) ;
#1820 = CARTESIAN_POINT ( 'NONE',  ( 3.999999999999996447, 23.37500000000000000, 16.00000000000000000 ) ) ;
#1821 = CIRCLE ( 'NONE', #90, 2.749999999999999112 ) ;
#1822 = CIRCLE ( 'NONE', #91, 1.875000000000000000 ) ;
#1823 = FACE_OUTER_BOUND ( 'NONE', #3002, .T. ) ;
#1824 = VECTOR ( 'NONE', #3313, 1000.000000000000000 ) ;
#1825 = PLANE ( 'NONE',  #1872 ) ;
#1826 = ORIENTED_EDGE ( 'NONE', *, *, #2354, .F. ) ;
#1827 = CARTESIAN_POINT ( 'NONE',  ( 6.499999999999999112, 23.37500000000000000, 6.000000000000000000 ) ) ;
#1828 = ORIENTED_EDGE ( 'NONE', *, *, #2410, .F. ) ;
#1829 = VERTEX_POINT ( 'NONE', #1921 ) ;
#1830 = DIRECTION ( 'NONE',  ( 0.000000000000000000, 0.000000000000000000, 1.000000000000000000 ) ) ;
#1831 = DIRECTION ( 'NONE',  ( 1.386719069154237916E-15, -1.000000000000000000, -0.000000000000000000 ) ) ;
#1832 = DIRECTION ( 'NONE',  ( -1.000000000000000000, -8.566535683836087947E-17, 0.000000000000000000 ) ) ;
#1833 = ORIENTED_EDGE ( 'NONE', *, *, #2368, .F. ) ;
#1834 = PERSON_AND_ORGANIZATION ( #1167, #1173 ) ;
#1835 = EDGE_CURVE ( 'NONE', #3924, #810, #1219, .T. ) ;
#1836 = ORIENTED_EDGE ( 'NONE', *, *, #358, .F. ) ;
#1837 = ADVANCED_FACE ( 'NONE', ( #962 ), #739, .T. ) ;
#1838 = CARTESIAN_POINT ( 'NONE',  ( 20.25000000000000355, 17.50000000000000000, 55.24999999999999289 ) ) ;
#1839 = EDGE_CURVE ( 'NONE', #2428, #1796, #3457, .T. ) ;
#1840 = FACE_OUTER_BOUND ( 'NONE', #585, .T. ) ;
#1841 = VERTEX_POINT ( 'NONE', #1887 ) ;
#1842 = EDGE_CURVE ( 'NONE', #2728, #1092, #3285, .T. ) ;
#1843 = DIRECTION ( 'NONE',  ( 0.000000000000000000, 0.000000000000000000, 1.000000000000000000 ) ) ;
#1844 = CARTESIAN_POINT ( 'NONE',  ( 14.00000000000000178, 41.75000000000000000, 12.87499999999999645 ) ) ;
#1845 = ORIENTED_EDGE ( 'NONE', *, *, #3300, .T. ) ;
#1846 = DIRECTION ( 'NONE',  ( 0.000000000000000000, 0.000000000000000000, 1.000000000000000000 ) ) ;
#1847 = ORIENTED_EDGE ( 'NONE', *, *, #2699, .F. ) ;
#1848 = DIRECTION ( 'NONE',  ( 0.000000000000000000, -0.000000000000000000, 1.000000000000000000 ) ) ;
#1849 = DIRECTION ( 'NONE',  ( 1.387778780781445676E-15, -1.000000000000000000, 0.000000000000000000 ) ) ;
#1850 = CARTESIAN_POINT ( 'NONE',  ( 26.50000000000000355, -7.249999999999996447, 55.00000000000000000 ) ) ;
#1851 = EDGE_LOOP ( 'NONE', ( #264, #2119 ) ) ;
#1852 = SHAPE_DEFINITION_REPRESENTATION ( #1544, #3937 ) ;
#1853 = EDGE_LOOP ( 'NONE', ( #1479, #3436 ) ) ;
#1854 = CARTESIAN_POINT ( 'NONE',  ( 20.25000000000000355, -17.50000000000000000, 55.00000000000000711 ) ) ;
#1855 = ORIENTED_EDGE ( 'NONE', *, *, #2472, .F. ) ;
#1856 = AXIS2_PLACEMENT_3D ( 'NONE', #2317, #161, #2296 ) ;
#1857 = LINE ( 'NONE', #3136, #278 ) ;
#1858 = ORIENTED_EDGE ( 'NONE', *, *, #3595, .T. ) ;
#1859 = DIRECTION ( 'NONE',  ( -0.000000000000000000, 0.000000000000000000, -1.000000000000000000 ) ) ;
#1860 = ORIENTED_EDGE ( 'NONE', *, *, #301, .F. ) ;
#1861 = AXIS2_PLACEMENT_3D ( 'NONE', #1553, #631, #3036 ) ;
#1862 = FACE_OUTER_BOUND ( 'NONE', #2028, .T. ) ;
#1863 = CARTESIAN_POINT ( 'NONE',  ( 20.25000000000000355, 20.24999999999999645, 15.75000000000000000 ) ) ;
#1864 = EDGE_CURVE ( 'NONE', #931, #3545, #1734, .T. ) ;
#1865 = LINE ( 'NONE', #723, #2312 ) ;
#1866 = CARTESIAN_POINT ( 'NONE',  ( 20.25000000000000355, 7.249999999999859668, 24.50000000000000000 ) ) ;
#1867 = ORIENTED_EDGE ( 'NONE', *, *, #1634, .F. ) ;
#1868 = CARTESIAN_POINT ( 'NONE',  ( 20.75000000000000355, 14.99999999999999645, 16.00000000000000000 ) ) ;
#1869 = CARTESIAN_POINT ( 'NONE',  ( 25.62500000000000711, 14.99999999999999645, 20.00000000000000355 ) ) ;
#1870 = CARTESIAN_POINT ( 'NONE',  ( 26.50000000000000355, 26.50000000000000000, 6.000000000000000000 ) ) ;
#1871 = ORIENTED_EDGE ( 'NONE', *, *, #239, .F. ) ;
#1872 = AXIS2_PLACEMENT_3D ( 'NONE', #3019, #3579, #1475 ) ;
#1873 = CIRCLE ( 'NONE', #279, 0.2500000000000002220 ) ;
#1874 = CIRCLE ( 'NONE', #20, 0.5000000000000004441 ) ;
#1875 = AXIS2_PLACEMENT_3D ( 'NONE', #871, #2091, #3331 ) ;
#1876 = CIRCLE ( 'NONE', #1175, 0.2500000000000002220 ) ;
#1877 = ADVANCED_FACE ( 'NONE', ( #3106 ), #2181, .T. ) ;
#1878 = DIRECTION ( 'NONE',  ( -1.386719069154237324E-15, -1.000000000000000000, 9.251858538542979716E-16 ) ) ;
#1879 = AXIS2_PLACEMENT_3D ( 'NONE', #496, #2076, #2352 ) ;
#1880 = CIRCLE ( 'NONE', #3213, 4.500000000000000888 ) ;
#1881 = VERTEX_POINT ( 'NONE', #401 ) ;
#1882 = FACE_OUTER_BOUND ( 'NONE', #257, .T. ) ;
#1883 = ORIENTED_EDGE ( 'NONE', *, *, #2914, .T. ) ;
#1884 = AXIS2_PLACEMENT_3D ( 'NONE', #124, #1952, #2187 ) ;
#1885 = PLANE ( 'NONE',  #478 ) ;
#1886 = EDGE_CURVE ( 'NONE', #3212, #158, #2791, .T. ) ;
#1887 = CARTESIAN_POINT ( 'NONE',  ( 20.50000000000000355, 14.93301270189221519, 16.00000000000000000 ) ) ;
#1888 = CARTESIAN_POINT ( 'NONE',  ( 6.500000000000001776, -23.37500000000000711, 6.000000000000000000 ) ) ;
#1889 = DIRECTION ( 'NONE',  ( -1.031984066565520146E-32, 1.204669080539449590E-16, 1.000000000000000000 ) ) ;
#1890 = EDGE_CURVE ( 'NONE', #2245, #2594, #3763, .T. ) ;
#1891 = ORIENTED_EDGE ( 'NONE', *, *, #72, .F. ) ;
#1892 = CALENDAR_DATE ( 2026, 11, 8 ) ;
#1893 = DIRECTION ( 'NONE',  ( 1.541976423090494844E-15, -1.000000000000000000, 0.000000000000000000 ) ) ;
#1894 = ADVANCED_FACE ( 'NONE', ( #1598 ), #3703, .T. ) ;
#1895 = DIRECTION ( 'NONE',  ( 1.176083712526648949E-16, -1.000000000000000000, 3.965082230804130713E-16 ) ) ;
#1896 = CARTESIAN_POINT ( 'NONE',  ( 20.14644660940673404, -17.39644660940673049, 61.00000000000000000 ) ) ;
#1897 = VERTEX_POINT ( 'NONE', #1564 ) ;
#1898 = EDGE_CURVE ( 'NONE', #3558, #2074, #3123, .T. ) ;
#1899 = CARTESIAN_POINT ( 'NONE',  ( 20.75000000000000355, -7.500000000000007105, 24.50000000000000000 ) ) ;
#1900 = EDGE_LOOP ( 'NONE', ( #406, #3487, #3872, #3692 ) ) ;
#1901 = DIRECTION ( 'NONE',  ( 0.000000000000000000, 0.000000000000000000, 1.000000000000000000 ) ) ;
#1902 = EDGE_LOOP ( 'NONE', ( #1168, #1913, #2143, #295 ) ) ;
#1903 = CARTESIAN_POINT ( 'NONE',  ( 26.25000000000000355, -20.25000000000000355, 16.00000000000000000 ) ) ;
#1904 = LINE ( 'NONE', #3748, #2760 ) ;
#1905 = CYLINDRICAL_SURFACE ( 'NONE', #3913, 0.5000000000000004441 ) ;
#1906 = DIRECTION ( 'NONE',  ( 1.000000000000000000, -0.000000000000000000, 7.925637631223200456E-32 ) ) ;
#1907 = ORIENTED_EDGE ( 'NONE', *, *, #2779, .F. ) ;
#1908 = AXIS2_PLACEMENT_3D ( 'NONE', #1062, #2046, #3270 ) ;
#1909 = DIRECTION ( 'NONE',  ( 1.000000000000000000, 1.396285398062517084E-15, 0.000000000000000000 ) ) ;
#1910 = EDGE_CURVE ( 'NONE', #2594, #192, #3138, .T. ) ;
#1911 = CARTESIAN_POINT ( 'NONE',  ( 20.87499999999999645, 23.37500000000000000, 6.000000000000000000 ) ) ;
#1912 = CARTESIAN_POINT ( 'NONE',  ( 20.50000000000000355, 1.756139815186397783E-15, 15.75000000000000000 ) ) ;
#1913 = ORIENTED_EDGE ( 'NONE', *, *, #2401, .F. ) ;
#1914 = CARTESIAN_POINT ( 'NONE',  ( 15.50000000000000000, 26.75000000000000000, 54.99999999999999289 ) ) ;
#1915 = VECTOR ( 'NONE', #3028, 1000.000000000000000 ) ;
#1916 = CARTESIAN_POINT ( 'NONE',  ( 20.00000000000001066, -26.74999999999999645, 55.00000000000001421 ) ) ;
#1917 = ORIENTED_EDGE ( 'NONE', *, *, #1232, .F. ) ;
#1918 = LINE ( 'NONE', #3140, #2579 ) ;
#1919 = ORIENTED_EDGE ( 'NONE', *, *, #411, .T. ) ;
#1920 = DIRECTION ( 'NONE',  ( 0.000000000000000000, 0.000000000000000000, 1.000000000000000000 ) ) ;
#1921 = CARTESIAN_POINT ( 'NONE',  ( 21.12500000000001066, 9.999999999999994671, 25.00000000000000000 ) ) ;
#1922 = TOROIDAL_SURFACE ( 'NONE', #3333, 4.500000000000000888, 0.5000000000000000000 ) ;
#1923 = CARTESIAN_POINT ( 'NONE',  ( 25.62500000000002132, 8.278964891568731635E-14, 24.49999999999999289 ) ) ;
#1924 = DIRECTION ( 'NONE',  ( 0.000000000000000000, 0.000000000000000000, -1.000000000000000000 ) ) ;
#1925 = VERTEX_POINT ( 'NONE', #1296 ) ;
#1926 = VECTOR ( 'NONE', #2648, 1000.000000000000000 ) ;
#1927 = EDGE_CURVE ( 'NONE', #3505, #3109, #2549, .T. ) ;
#1928 = CARTESIAN_POINT ( 'NONE',  ( 9.000000000000005329, -23.37500000000000711, 6.000000000000000000 ) ) ;
#1929 = VECTOR ( 'NONE', #1060, 1000.000000000000000 ) ;
#1930 = DIRECTION ( 'NONE',  ( 8.566535683836086715E-17, -1.000000000000000000, 9.251858538542979716E-16 ) ) ;
#1931 = CARTESIAN_POINT ( 'NONE',  ( 20.25000000000000000, 14.99999999999999645, 61.00000000000000000 ) ) ;
#1932 = ORIENTED_EDGE ( 'NONE', *, *, #107, .T. ) ;
#1933 = CARTESIAN_POINT ( 'NONE',  ( 25.12500000000002487, -1.219578743311358408E-14, 24.49999999999999289 ) ) ;
#1934 = EDGE_CURVE ( 'NONE', #1200, #2833, #1904, .T. ) ;
#1935 = AXIS2_PLACEMENT_3D ( 'NONE', #2826, #720, #347 ) ;
#1936 = CIRCLE ( 'NONE', #2451, 1.875000000000000000 ) ;
#1937 = AXIS2_PLACEMENT_3D ( 'NONE', #1207, #2129, #1527 ) ;
#1938 = TOROIDAL_SURFACE ( 'NONE', #1491, 4.500000000000000888, 0.5000000000000000000 ) ;
#1939 = FACE_OUTER_BOUND ( 'NONE', #1077, .T. ) ;
#1940 = EDGE_CURVE ( 'NONE', #1217, #3195, #1034, .T. ) ;
#1941 = ORIENTED_EDGE ( 'NONE', *, *, #1890, .T. ) ;
#1942 = DIRECTION ( 'NONE',  ( 1.000000000000000000, 0.000000000000000000, 0.000000000000000000 ) ) ;
#1943 = ORIENTED_EDGE ( 'NONE', *, *, #737, .F. ) ;
#1944 = EDGE_CURVE ( 'NONE', #708, #1092, #3164, .T. ) ;
#1945 = CARTESIAN_POINT ( 'NONE',  ( 1.500000000000001332, -20.25000000000000355, 16.00000000000000000 ) ) ;
#1946 = DIRECTION ( 'NONE',  ( -8.802384636075285274E-16, 0.6347633656933757695, -0.7727065869873361859 ) ) ;
#1947 = ORIENTED_EDGE ( 'NONE', *, *, #865, .T. ) ;
#1948 = CIRCLE ( 'NONE', #1879, 2.000000000000001776 ) ;
#1949 = AXIS2_PLACEMENT_3D ( 'NONE', #967, #65, #3468 ) ;
#1950 = PLANE ( 'NONE',  #466 ) ;
#1951 = ORIENTED_EDGE ( 'NONE', *, *, #3956, .T. ) ;
#1952 = DIRECTION ( 'NONE',  ( 0.000000000000000000, -0.000000000000000000, -1.000000000000000000 ) ) ;
#1953 = LINE ( 'NONE', #1911, #476 ) ;
#1954 = DIRECTION ( 'NONE',  ( 0.000000000000000000, 0.000000000000000000, 1.000000000000000000 ) ) ;
#1955 = ORIENTED_EDGE ( 'NONE', *, *, #2340, .T. ) ;
#1956 = DIRECTION ( 'NONE',  ( -1.000000000000000000, 0.000000000000000000, 0.000000000000000000 ) ) ;
#1957 = EDGE_CURVE ( 'NONE', #2264, #2906, #2861, .T. ) ;
#1958 = EDGE_CURVE ( 'NONE', #2190, #3322, #1418, .T. ) ;
#1959 = EDGE_CURVE ( 'NONE', #1841, #2176, #3469, .T. ) ;
#1960 = ORIENTED_EDGE ( 'NONE', *, *, #619, .T. ) ;
#1961 = DIRECTION ( 'NONE',  ( 1.000000000000000000, 0.000000000000000000, 0.000000000000000000 ) ) ;
#1962 = CARTESIAN_POINT ( 'NONE',  ( 20.25000000000000000, 23.00000000000000000, 57.99999999999999289 ) ) ;
#1963 = DIRECTION ( 'NONE',  ( 0.000000000000000000, -1.000000000000000000, 0.000000000000000000 ) ) ;
#1964 = DIRECTION ( 'NONE',  ( -0.000000000000000000, 0.000000000000000000, 1.000000000000000000 ) ) ;
#1965 = VERTEX_POINT ( 'NONE', #2339 ) ;
#1966 = DIRECTION ( 'NONE',  ( -0.000000000000000000, -1.000000000000000000, -0.000000000000000000 ) ) ;
#1967 = EDGE_LOOP ( 'NONE', ( #3379, #3324, #3503, #796 ) ) ;
#1968 = FACE_BOUND ( 'NONE', #1448, .T. ) ;
#1969 = CYLINDRICAL_SURFACE ( 'NONE', #1532, 0.5000000000000004441 ) ;
#1970 = CYLINDRICAL_SURFACE ( 'NONE', #1409, 0.2500000000000002220 ) ;
#1971 = VERTEX_POINT ( 'NONE', #3181 ) ;
#1972 = CARTESIAN_POINT ( 'NONE',  ( 25.75000000000000355, 16.50000000000000000, 61.00000000000000000 ) ) ;
#1973 = ORIENTED_EDGE ( 'NONE', *, *, #3595, .F. ) ;
#1974 = VERTEX_POINT ( 'NONE', #1656 ) ;
#1975 = DIRECTION ( 'NONE',  ( 0.000000000000000000, 0.000000000000000000, 1.000000000000000000 ) ) ;
#1976 = DIRECTION ( 'NONE',  ( 1.000000000000000000, 8.566535683836085482E-17, 1.094764425253763337E-47 ) ) ;
#1977 = AXIS2_PLACEMENT_3D ( 'NONE', #1752, #188, #168 ) ;
#1978 = DIRECTION ( 'NONE',  ( 1.000000000000000000, -9.723461371658036076E-63, 7.925637631223201551E-32 ) ) ;
#1979 = FACE_OUTER_BOUND ( 'NONE', #2960, .T. ) ;
#1980 = VERTEX_POINT ( 'NONE', #1699 ) ;
#1981 = CARTESIAN_POINT ( 'NONE',  ( 26.50000000000000355, -14.50000000000000178, 15.75000000000000000 ) ) ;
#1982 = ORIENTED_EDGE ( 'NONE', *, *, #1071, .F. ) ;
#1983 = DIRECTION ( 'NONE',  ( 0.000000000000000000, -0.000000000000000000, -1.000000000000000000 ) ) ;
#1984 = DIRECTION ( 'NONE',  ( 1.000000000000000000, 0.000000000000000000, 0.000000000000000000 ) ) ;
#1985 = EDGE_CURVE ( 'NONE', #1965, #318, #1744, .T. ) ;
#1986 = CARTESIAN_POINT ( 'NONE',  ( 20.25000000000000355, -17.49999999999999645, 55.10355339059327662 ) ) ;
#1987 = ORIENTED_EDGE ( 'NONE', *, *, #1650, .T. ) ;
#1988 = FACE_OUTER_BOUND ( 'NONE', #336, .T. ) ;
#1989 = AXIS2_PLACEMENT_3D ( 'NONE', #2556, #1305, #1048 ) ;
#1990 = EDGE_LOOP ( 'NONE', ( #2343, #1941, #2010, #1332, #1009, #3269, #2940, #3395 ) ) ;
#1991 = CIRCLE ( 'NONE', #134, 0.2500000000000002220 ) ;
#1992 = ORIENTED_EDGE ( 'NONE', *, *, #780, .F. ) ;
#1993 = PLANE ( 'NONE',  #80 ) ;
#1994 = DIRECTION ( 'NONE',  ( 0.000000000000000000, -1.000000000000000000, 0.000000000000000000 ) ) ;
#1995 = EDGE_CURVE ( 'NONE', #2833, #3631, #800, .T. ) ;
#1996 = AXIS2_PLACEMENT_3D ( 'NONE', #3437, #3319, #89 ) ;
#1997 = AXIS2_PLACEMENT_3D ( 'NONE', #713, #2501, #3698 ) ;
#1998 = CIRCLE ( 'NONE', #1674, 2.749999999999999112 ) ;
#1999 = EDGE_CURVE ( 'NONE', #229, #2689, #3335, .T. ) ;
#2000 = CARTESIAN_POINT ( 'NONE',  ( 21.62500000000000711, 14.99999999999999467, 20.00000000000000355 ) ) ;
#2001 = DIRECTION ( 'NONE',  ( 1.386719069154237324E-15, -1.000000000000000000, 0.000000000000000000 ) ) ;
#2002 = ORIENTED_EDGE ( 'NONE', *, *, #737, .T. ) ;
#2003 = FACE_OUTER_BOUND ( 'NONE', #2872, .T. ) ;
#2004 = ORIENTED_EDGE ( 'NONE', *, *, #2544, .T. ) ;
#2005 = LINE ( 'NONE', #806, #2623 ) ;
#2006 = EDGE_CURVE ( 'NONE', #3617, #3212, #1051, .T. ) ;
#2007 = CIRCLE ( 'NONE', #990, 1.875000000000000000 ) ;
#2008 = CARTESIAN_POINT ( 'NONE',  ( 15.25000000000000711, -29.50000000000000711, 58.24999999999999289 ) ) ;
#2009 = VECTOR ( 'NONE', #2230, 1000.000000000000000 ) ;
#2010 = ORIENTED_EDGE ( 'NONE', *, *, #3404, .T. ) ;
#2011 = CARTESIAN_POINT ( 'NONE',  ( 20.00000000000000000, 29.24999999999999645, 58.24999999999999289 ) ) ;
#2012 = ORIENTED_EDGE ( 'NONE', *, *, #1631, .F. ) ;
#2013 = ORIENTED_EDGE ( 'NONE', *, *, #1456, .F. ) ;
#2014 = AXIS2_PLACEMENT_3D ( 'NONE', #2939, #1375, #2606 ) ;
#2015 = ADVANCED_FACE ( 'NONE', ( #2297 ), #3881, .F. ) ;
#2016 = CARTESIAN_POINT ( 'NONE',  ( 2.291548295426153156E-15, -26.75000000000000355, 58.24999999999999289 ) ) ;
#2017 = ORIENTED_EDGE ( 'NONE', *, *, #297, .F. ) ;
#2018 = CARTESIAN_POINT ( 'NONE',  ( 25.75000000000000355, 17.50000000000000000, 55.24999999999999289 ) ) ;
#2019 = DIRECTION ( 'NONE',  ( 0.000000000000000000, 0.000000000000000000, 1.000000000000000000 ) ) ;
#2020 = CARTESIAN_POINT ( 'NONE',  ( 20.75000000000000355, -14.50000000000000178, 20.00000000000001066 ) ) ;
#2021 = DIRECTION ( 'NONE',  ( -8.802384636075285274E-16, -0.6347633656933757695, -0.7727065869873361859 ) ) ;
#2022 = VERTEX_POINT ( 'NONE', #1720 ) ;
#2023 = DIRECTION ( 'NONE',  ( 8.566535683836087947E-17, -1.000000000000000000, 0.000000000000000000 ) ) ;
#2024 = ORIENTED_EDGE ( 'NONE', *, *, #3360, .F. ) ;
#2025 = PLANE ( 'NONE',  #3206 ) ;
#2026 = DIRECTION ( 'NONE',  ( -0.000000000000000000, -1.000000000000000000, -0.000000000000000000 ) ) ;
#2027 = CARTESIAN_POINT ( 'NONE',  ( 15.25000000000000711, -20.99999999999999645, 57.99999999999998579 ) ) ;
#2028 = EDGE_LOOP ( 'NONE', ( #1160, #3168, #2649, #1583 ) ) ;
#2029 = CARTESIAN_POINT ( 'NONE',  ( 20.25000000000000000, 29.24999999999999645, 58.24999999999999289 ) ) ;
#2030 = ORIENTED_EDGE ( 'NONE', *, *, #3162, .T. ) ;
#2031 = EDGE_CURVE ( 'NONE', #1773, #2411, #1433, .T. ) ;
#2032 = DIRECTION ( 'NONE',  ( -0.000000000000000000, -0.000000000000000000, 1.000000000000000000 ) ) ;
#2033 = DIRECTION ( 'NONE',  ( 0.000000000000000000, -1.000000000000000000, 0.000000000000000000 ) ) ;
#2034 = ADVANCED_FACE ( 'NONE', ( #3802 ), #2920, .F. ) ;
#2035 = ORIENTED_EDGE ( 'NONE', *, *, #927, .F. ) ;
#2036 = DIRECTION ( 'NONE',  ( -3.199150606353113930E-31, 3.734474149672293927E-15, 1.000000000000000000 ) ) ;
#2037 = FACE_OUTER_BOUND ( 'NONE', #376, .T. ) ;
#2038 = PLANE ( 'NONE',  #3542 ) ;
#2039 = DIRECTION ( 'NONE',  ( 0.000000000000000000, 0.000000000000000000, -1.000000000000000000 ) ) ;
#2040 = ORIENTED_EDGE ( 'NONE', *, *, #586, .F. ) ;
#2041 = CARTESIAN_POINT ( 'NONE',  ( 26.25000000000000355, -7.250000000000002665, 6.000000000000004441 ) ) ;
#2042 = ORIENTED_EDGE ( 'NONE', *, *, #3307, .T. ) ;
#2043 = CIRCLE ( 'NONE', #126, 2.499999999999995115 ) ;
#2044 = EDGE_LOOP ( 'NONE', ( #2444, #470, #3829, #1065 ) ) ;
#2045 = AXIS2_PLACEMENT_3D ( 'NONE', #2813, #86, #1304 ) ;
#2046 = DIRECTION ( 'NONE',  ( -0.000000000000000000, 0.000000000000000000, 1.000000000000000000 ) ) ;
#2047 = LINE ( 'NONE', #2991, #2754 ) ;
#2048 = DIRECTION ( 'NONE',  ( 1.000000000000000000, 0.000000000000000000, 0.000000000000000000 ) ) ;
#2049 = ORIENTED_EDGE ( 'NONE', *, *, #2242, .F. ) ;
#2050 =( LENGTH_UNIT ( ) NAMED_UNIT ( * ) SI_UNIT ( .MILLI., .METRE. ) );
#2051 = ADVANCED_FACE ( 'NONE', ( #1979 ), #3200, .F. ) ;
#2052 = ORIENTED_EDGE ( 'NONE', *, *, #3290, .F. ) ;
#2053 = CARTESIAN_POINT ( 'NONE',  ( 26.50000000000000355, -9.999999999999998224, 24.50000000000001066 ) ) ;
#2054 = CARTESIAN_POINT ( 'NONE',  ( 1.500000000000001332, 20.24999999999999645, 6.000000000000000000 ) ) ;
#2055 = VECTOR ( 'NONE', #766, 1000.000000000000000 ) ;
#2056 = ADVANCED_FACE ( 'NONE', ( #182 ), #673, .T. ) ;
#2057 = AXIS2_PLACEMENT_3D ( 'NONE', #3233, #3889, #491 ) ;
#2058 = ORIENTED_EDGE ( 'NONE', *, *, #1579, .F. ) ;
#2059 = DIRECTION ( 'NONE',  ( -1.000000000000000000, -1.176083712526648949E-16, 6.800600086113123653E-32 ) ) ;
#2060 = EDGE_CURVE ( 'NONE', #1682, #629, #3818, .T. ) ;
#2061 = CARTESIAN_POINT ( 'NONE',  ( 26.50000000000000355, -10.00000000000000178, 24.50000000000000355 ) ) ;
#2062 = CARTESIAN_POINT ( 'NONE',  ( 26.50000000000000355, -28.25000000000000355, 16.00000000000000000 ) ) ;
#2063 = ORIENTED_EDGE ( 'NONE', *, *, #2668, .T. ) ;
#2064 = CARTESIAN_POINT ( 'NONE',  ( 20.25000000000000711, -26.75000000000000355, 58.24999999999999289 ) ) ;
#2065 = AXIS2_PLACEMENT_3D ( 'NONE', #3081, #285, #343 ) ;
#2066 = ORIENTED_EDGE ( 'NONE', *, *, #114, .T. ) ;
#2067 = ORIENTED_EDGE ( 'NONE', *, *, #1791, .T. ) ;
#2068 = ADVANCED_FACE ( 'NONE', ( #2318 ), #3244, .T. ) ;
#2069 = CARTESIAN_POINT ( 'NONE',  ( 23.37500000000000355, -23.37500000000000711, 16.00000000000000000 ) ) ;
#2070 = CC_DESIGN_APPROVAL ( #2817, ( #151 ) ) ;
#2071 = AXIS2_PLACEMENT_3D ( 'NONE', #2683, #2336, #1671 ) ;
#2072 = LINE ( 'NONE', #532, #2937 ) ;
#2073 = DIRECTION ( 'NONE',  ( 0.000000000000000000, -1.000000000000000000, 0.000000000000000000 ) ) ;
#2074 = VERTEX_POINT ( 'NONE', #3225 ) ;
#2075 = ORIENTED_EDGE ( 'NONE', *, *, #2724, .T. ) ;
#2076 = DIRECTION ( 'NONE',  ( -1.000000000000000000, -1.176083712526648949E-16, 6.800600086113123653E-32 ) ) ;
#2077 = DIRECTION ( 'NONE',  ( 1.000000000000000000, -1.396285398062517084E-15, 0.000000000000000000 ) ) ;
#2078 = VECTOR ( 'NONE', #1909, 1000.000000000000000 ) ;
#2079 = EDGE_CURVE ( 'NONE', #708, #378, #3694, .T. ) ;
#2080 = CARTESIAN_POINT ( 'NONE',  ( 20.25000000000000355, -17.50000000000000000, 55.25000000000000711 ) ) ;
#2081 = EDGE_CURVE ( 'NONE', #1971, #1651, #3265, .T. ) ;
#2082 = CARTESIAN_POINT ( 'NONE',  ( 25.75000000000000355, -16.50000000000000000, 60.75000000000000000 ) ) ;
#2083 = VERTEX_POINT ( 'NONE', #2062 ) ;
#2084 = FACE_OUTER_BOUND ( 'NONE', #632, .T. ) ;
#2085 = ORIENTED_EDGE ( 'NONE', *, *, #2717, .T. ) ;
#2086 = ORIENTED_EDGE ( 'NONE', *, *, #940, .F. ) ;
#2087 = DIRECTION ( 'NONE',  ( -1.000000000000000000, -1.176083712526648949E-16, 6.800600086113123653E-32 ) ) ;
#2088 = DIRECTION ( 'NONE',  ( 0.000000000000000000, 0.000000000000000000, -1.000000000000000000 ) ) ;
#2089 = DIRECTION ( 'NONE',  ( 0.000000000000000000, 1.000000000000000000, -0.000000000000000000 ) ) ;
#2090 = VERTEX_POINT ( 'NONE', #3604 ) ;
#2091 = DIRECTION ( 'NONE',  ( 3.396701841952797380E-32, -3.965082230804130713E-16, -1.000000000000000000 ) ) ;
#2092 = ORIENTED_EDGE ( 'NONE', *, *, #96, .F. ) ;
#2093 = CARTESIAN_POINT ( 'NONE',  ( 26.33634259273322797, 14.88316278273515891, 16.00000000000000000 ) ) ;
#2094 = DIRECTION ( 'NONE',  ( 1.000000000000000000, 0.000000000000000000, 0.000000000000000000 ) ) ;
#2095 = DIRECTION ( 'NONE',  ( -1.176083712526648949E-16, 1.000000000000000000, -3.965082230804130713E-16 ) ) ;
#2096 = VECTOR ( 'NONE', #3345, 1000.000000000000000 ) ;
#2097 = ADVANCED_FACE ( 'NONE', ( #3286 ), #993, .T. ) ;
#2098 = FACE_OUTER_BOUND ( 'NONE', #2427, .T. ) ;
#2099 = EDGE_LOOP ( 'NONE', ( #804, #1, #1258, #2149 ) ) ;
#2100 = PLANE ( 'NONE',  #3856 ) ;
#2101 = EDGE_LOOP ( 'NONE', ( #2607, #3627, #1097, #2775 ) ) ;
#2102 = ORIENTED_EDGE ( 'NONE', *, *, #2907, .F. ) ;
#2103 = CARTESIAN_POINT ( 'NONE',  ( 1.500000000000001332, 20.24999999999999645, 16.00000000000000000 ) ) ;
#2104 = ADVANCED_FACE ( 'NONE', ( #248 ), #3932, .T. ) ;
#2105 = CARTESIAN_POINT ( 'NONE',  ( 15.50000000000000000, 26.75000000000000000, 55.24999999999998579 ) ) ;
#2106 = CARTESIAN_POINT ( 'NONE',  ( 65.25000000000000000, 5.173852381020389031E-15, 25.00000000000000000 ) ) ;
#2107 = ORIENTED_EDGE ( 'NONE', *, *, #122, .T. ) ;
#2108 = CIRCLE ( 'NONE', #381, 0.5000000000000004441 ) ;
#2109 = EDGE_LOOP ( 'NONE', ( #28, #3128, #3344, #2693 ) ) ;
#2110 = CARTESIAN_POINT ( 'NONE',  ( 20.25000000000000000, 23.00000000000000000, 57.99999999999999289 ) ) ;
#2111 = CARTESIAN_POINT ( 'NONE',  ( 25.12500000000000355, -14.50000000000000178, 20.00000000000001066 ) ) ;
#2112 = AXIS2_PLACEMENT_3D ( 'NONE', #3318, #3876, #1132 ) ;
#2113 = AXIS2_PLACEMENT_3D ( 'NONE', #1620, #1964, #2508 ) ;
#2114 = CARTESIAN_POINT ( 'NONE',  ( 20.41366385336151268, -7.500000000000007105, 24.88316650438969546 ) ) ;
#2115 = B_SPLINE_CURVE_WITH_KNOTS ( 'NONE', 3,
 ( #1396, #2987, #3884, #1722, #1139, #779 ),
 .UNSPECIFIED., .F., .F.,
 ( 4, 2, 4 ),
 ( 0.000000000000000000, 0.0002926754238024150355, 0.0005853508476048300711 ),
 .UNSPECIFIED. ) ;
#2116 = AXIS2_PLACEMENT_3D ( 'NONE', #2393, #2948, #3253 ) ;
#2117 = CARTESIAN_POINT ( 'NONE',  ( 26.50000000000000355, -17.50000000000000000, 55.00000000000000711 ) ) ;
#2118 = EDGE_CURVE ( 'NONE', #1796, #2428, #2530, .T. ) ;
#2119 = ORIENTED_EDGE ( 'NONE', *, *, #3310, .T. ) ;
#2120 = FACE_OUTER_BOUND ( 'NONE', #669, .T. ) ;
#2121 = ORIENTED_EDGE ( 'NONE', *, *, #1513, .F. ) ;
#2122 = EDGE_CURVE ( 'NONE', #3571, #2485, #1569, .T. ) ;
#2123 = ORIENTED_EDGE ( 'NONE', *, *, #2837, .F. ) ;
#2124 = EDGE_CURVE ( 'NONE', #497, #872, #2265, .T. ) ;
#2125 = CARTESIAN_POINT ( 'NONE',  ( 20.14644660940672338, 17.39644660940672694, 61.00000000000000000 ) ) ;
#2126 = LINE ( 'NONE', #2392, #537 ) ;
#2127 = PLANE ( 'NONE',  #591 ) ;
#2128 = EDGE_LOOP ( 'NONE', ( #2865, #3512, #3166, #1589 ) ) ;
#2129 = DIRECTION ( 'NONE',  ( 0.000000000000000000, 0.000000000000000000, 1.000000000000000000 ) ) ;
#2130 = ORIENTED_EDGE ( 'NONE', *, *, #756, .F. ) ;
#2131 = AXIS2_PLACEMENT_3D ( 'NONE', #2139, #1843, #3681 ) ;
#2132 = VECTOR ( 'NONE', #2467, 1000.000000000000000 ) ;
#2133 = EDGE_CURVE ( 'NONE', #2372, #708, #2210, .T. ) ;
#2134 = DIRECTION ( 'NONE',  ( -1.972152263052529514E-31, -0.000000000000000000, 1.000000000000000000 ) ) ;
#2135 = FACE_OUTER_BOUND ( 'NONE', #3758, .T. ) ;
#2136 = ORIENTED_EDGE ( 'NONE', *, *, #3833, .F. ) ;
#2137 = AXIS2_PLACEMENT_3D ( 'NONE', #2110, #3353, #630 ) ;
#2138 = VECTOR ( 'NONE', #3336, 1000.000000000000000 ) ;
#2139 = CARTESIAN_POINT ( 'NONE',  ( 15.50000000000000711, -29.25000000000000000, 58.24999999999999289 ) ) ;
#2140 = DIRECTION ( 'NONE',  ( 0.000000000000000000, -1.000000000000000000, 0.000000000000000000 ) ) ;
#2141 = ORIENTED_EDGE ( 'NONE', *, *, #418, .F. ) ;
#2142 = CYLINDRICAL_SURFACE ( 'NONE', #2065, 0.5000000000000004441 ) ;
#2143 = ORIENTED_EDGE ( 'NONE', *, *, #1784, .F. ) ;
#2144 = CARTESIAN_POINT ( 'NONE',  ( 26.25000000000000355, -7.500000000000009770, 9.035018104045890662E-16 ) ) ;
#2145 = CARTESIAN_POINT ( 'NONE',  ( 25.62500000000002132, -4.977489073421626628E-14, 25.00000000000000000 ) ) ;
#2146 = DIRECTION ( 'NONE',  ( -8.566535683836087947E-17, 1.000000000000000000, 0.000000000000000000 ) ) ;
#2147 = ORIENTED_EDGE ( 'NONE', *, *, #1534, .F. ) ;
#2148 = DATE_AND_TIME ( #1892, #1750 ) ;
#2149 = ORIENTED_EDGE ( 'NONE', *, *, #813, .T. ) ;
#2150 = AXIS2_PLACEMENT_3D ( 'NONE', #1962, #2859, #1994 ) ;
#2151 = CARTESIAN_POINT ( 'NONE',  ( 21.62500000000001066, 9.999999999999994671, 20.00000000000000355 ) ) ;
#2152 = PRODUCT ( 'fix_imu', 'fix_imu', '', ( #3350 ) ) ;
#2153 = CARTESIAN_POINT ( 'NONE',  ( 25.62500000000000711, -15.00000000000000355, 16.47879918526321674 ) ) ;
#2154 = ORIENTED_EDGE ( 'NONE', *, *, #3429, .F. ) ;
#2155 = EDGE_CURVE ( 'NONE', #1130, #2428, #1335, .T. ) ;
#2156 = DIRECTION ( 'NONE',  ( -1.000000000000000000, -1.386719069154237324E-15, -1.972152263052529514E-31 ) ) ;
#2157 = ORIENTED_EDGE ( 'NONE', *, *, #475, .F. ) ;
#2158 = CARTESIAN_POINT ( 'NONE',  ( 26.00000000000000355, 9.999999999999994671, 24.50000000000000000 ) ) ;
#2159 = VERTEX_POINT ( 'NONE', #1046 ) ;
#2160 = DIRECTION ( 'NONE',  ( -1.000000000000000000, 0.000000000000000000, -7.925637631223202646E-32 ) ) ;
#2161 = CARTESIAN_POINT ( 'NONE',  ( 26.50000000000000355, -14.50000000000000178, 15.75000000000000000 ) ) ;
#2162 = LINE ( 'NONE', #1548, #2507 ) ;
#2163 = CARTESIAN_POINT ( 'NONE',  ( 0.000000000000000000, -20.25000000000000355, 16.00000000000000000 ) ) ;
#2164 = EDGE_LOOP ( 'NONE', ( #2672, #3141, #1710, #1186, #2620 ) ) ;
#2165 = ORIENTED_EDGE ( 'NONE', *, *, #3011, .F. ) ;
#2166 = DIRECTION ( 'NONE',  ( -1.972152263052529514E-31, -0.000000000000000000, 1.000000000000000000 ) ) ;
#2167 = DIRECTION ( 'NONE',  ( 1.000000000000000000, 0.000000000000000000, 0.000000000000000000 ) ) ;
#2168 = ORIENTED_EDGE ( 'NONE', *, *, #3665, .F. ) ;
#2169 = ADVANCED_FACE ( 'NONE', ( #1643, #2850 ), #3093, .F. ) ;
#2170 = AXIS2_PLACEMENT_3D ( 'NONE', #2690, #2087, #1161 ) ;
#2171 = EDGE_CURVE ( 'NONE', #714, #1236, #353, .T. ) ;
#2172 = DIRECTION ( 'NONE',  ( 0.000000000000000000, -1.000000000000000000, 0.000000000000000000 ) ) ;
#2173 = EDGE_CURVE ( 'NONE', #378, #2613, #3448, .T. ) ;
#2174 = EDGE_LOOP ( 'NONE', ( #84, #309, #2024, #2815, #3 ) ) ;
#2175 = DIRECTION ( 'NONE',  ( 1.000000000000000000, 0.000000000000000000, 0.000000000000000000 ) ) ;
#2176 = VERTEX_POINT ( 'NONE', #1868 ) ;
#2177 = CIRCLE ( 'NONE', #710, 2.499999999999995115 ) ;
#2178 = ADVANCED_FACE ( 'NONE', ( #105 ), #3148, .T. ) ;
#2179 = DIRECTION ( 'NONE',  ( 1.360120017222624731E-31, -5.782411586589358625E-16, 1.000000000000000000 ) ) ;
#2180 = AXIS2_PLACEMENT_3D ( 'NONE', #2847, #2222, #3384 ) ;
#2181 = CYLINDRICAL_SURFACE ( 'NONE', #14, 0.5000000000000004441 ) ;
#2182 = CARTESIAN_POINT ( 'NONE',  ( 25.12500000000000355, 14.49999999999999467, 17.08745638631583930 ) ) ;
#2183 = FACE_OUTER_BOUND ( 'NONE', #3115, .T. ) ;
#2184 = EDGE_CURVE ( 'NONE', #3442, #2394, #2795, .T. ) ;
#2185 = ORIENTED_EDGE ( 'NONE', *, *, #475, .T. ) ;
#2186 = APPROVAL_ROLE ( '' ) ;
#2187 = DIRECTION ( 'NONE',  ( -1.000000000000000000, 0.000000000000000000, 0.000000000000000000 ) ) ;
#2188 = CARTESIAN_POINT ( 'NONE',  ( 26.75000000000000355, 16.50000000000000000, 60.75000000000000000 ) ) ;
#2189 = DIRECTION ( 'NONE',  ( 1.000000000000000000, 0.000000000000000000, 0.000000000000000000 ) ) ;
#2190 = VERTEX_POINT ( 'NONE', #705 ) ;
#2191 = VECTOR ( 'NONE', #1465, 1000.000000000000000 ) ;
#2192 = VECTOR ( 'NONE', #957, 1000.000000000000000 ) ;
#2193 = VECTOR ( 'NONE', #2380, 1000.000000000000000 ) ;
#2194 = AXIS2_PLACEMENT_3D ( 'NONE', #1827, #3342, #2 ) ;
#2195 = AXIS2_PLACEMENT_3D ( 'NONE', #3799, #1054, #1347 ) ;
#2196 = ADVANCED_FACE ( 'NONE', ( #1586 ), #795, .T. ) ;
#2197 = FACE_OUTER_BOUND ( 'NONE', #870, .T. ) ;
#2198 = AXIS2_PLACEMENT_3D ( 'NONE', #1251, #275, #3373 ) ;
#2199 = VECTOR ( 'NONE', #379, 1000.000000000000000 ) ;
#2200 = EDGE_LOOP ( 'NONE', ( #1836, #190 ) ) ;
#2201 = CARTESIAN_POINT ( 'NONE',  ( 26.50000000000000355, 30.25000000000000000, 16.00000000000000000 ) ) ;
#2202 = VERTEX_POINT ( 'NONE', #1928 ) ;
#2203 = VECTOR ( 'NONE', #2077, 1000.000000000000000 ) ;
#2204 = EDGE_CURVE ( 'NONE', #1140, #551, #30, .T. ) ;
#2205 = DIRECTION ( 'NONE',  ( 0.000000000000000000, 0.000000000000000000, 1.000000000000000000 ) ) ;
#2206 = DIRECTION ( 'NONE',  ( -8.566535683836086715E-17, 1.000000000000000000, -1.204669080539449590E-16 ) ) ;
#2207 = CARTESIAN_POINT ( 'NONE',  ( 3.999999999999998224, -23.37500000000000711, 16.00000000000000000 ) ) ;
#2208 = CARTESIAN_POINT ( 'NONE',  ( 20.75000000000000355, 9.999999999999994671, 20.00000000000000355 ) ) ;
#2209 = ORIENTED_EDGE ( 'NONE', *, *, #1944, .T. ) ;
#2210 = LINE ( 'NONE', #1626, #3294 ) ;
#2211 = DIRECTION ( 'NONE',  ( 0.000000000000000000, -3.469446951953611033E-15, -1.000000000000000000 ) ) ;
#2212 = DIRECTION ( 'NONE',  ( 0.000000000000000000, 0.000000000000000000, 1.000000000000000000 ) ) ;
#2213 = ORIENTED_EDGE ( 'NONE', *, *, #3526, .T. ) ;
#2214 = LINE ( 'NONE', #1609, #2315 ) ;
#2215 = DIRECTION ( 'NONE',  ( 0.000000000000000000, -1.000000000000000000, 0.000000000000000000 ) ) ;
#2216 = ORIENTED_EDGE ( 'NONE', *, *, #1691, .F. ) ;
#2217 = CARTESIAN_POINT ( 'NONE',  ( 26.25000000000000355, -14.93301270189222230, 16.00000000000000000 ) ) ;
#2218 = ORIENTED_EDGE ( 'NONE', *, *, #510, .T. ) ;
#2219 = EDGE_CURVE ( 'NONE', #1829, #2372, #924, .T. ) ;
#2220 = CARTESIAN_POINT ( 'NONE',  ( 25.62500000000002132, 8.325224184261448594E-14, 24.99999999999999289 ) ) ;
#2221 = DIRECTION ( 'NONE',  ( -0.000000000000000000, -0.000000000000000000, 1.000000000000000000 ) ) ;
#2222 = DIRECTION ( 'NONE',  ( -1.000000000000000000, -1.176083712526648949E-16, 6.800600086113123653E-32 ) ) ;
#2223 = DIRECTION ( 'NONE',  ( -3.199150606353113054E-31, 3.734474149672293927E-15, 1.000000000000000000 ) ) ;
#2224 = ORIENTED_EDGE ( 'NONE', *, *, #461, .F. ) ;
#2225 = EDGE_CURVE ( 'NONE', #1925, #1105, #1369, .T. ) ;
#2226 = DIRECTION ( 'NONE',  ( -0.000000000000000000, -0.000000000000000000, 1.000000000000000000 ) ) ;
#2227 = CARTESIAN_POINT ( 'NONE',  ( 20.25000000000000355, -14.50000000000000178, 15.75000000000000000 ) ) ;
#2228 = CARTESIAN_POINT ( 'NONE',  ( 26.00000000000000355, 5.173852381020389031E-15, 24.50000000000000000 ) ) ;
#2229 = ORIENTED_EDGE ( 'NONE', *, *, #2762, .F. ) ;
#2230 = DIRECTION ( 'NONE',  ( -1.000000000000000000, -8.566535683836085482E-17, -5.473822126268816683E-48 ) ) ;
#2231 = EDGE_CURVE ( 'NONE', #2159, #63, #3613, .T. ) ;
#2232 = AXIS2_PLACEMENT_3D ( 'NONE', #570, #3326, #589 ) ;
#2233 = EDGE_CURVE ( 'NONE', #306, #1487, #687, .T. ) ;
#2234 = VECTOR ( 'NONE', #3769, 1000.000000000000000 ) ;
#2235 = DIRECTION ( 'NONE',  ( 1.000000000000000000, 0.000000000000000000, 0.000000000000000000 ) ) ;
#2236 = EDGE_LOOP ( 'NONE', ( #1860, #3048, #3701, #3485, #1449, #1504, #621, #2042 ) ) ;
#2237 = DIRECTION ( 'NONE',  ( 0.000000000000000000, -1.000000000000000000, 3.469446951953611033E-15 ) ) ;
#2238 = ORIENTED_EDGE ( 'NONE', *, *, #2305, .T. ) ;
#2239 = DIRECTION ( 'NONE',  ( 0.000000000000000000, 0.000000000000000000, -1.000000000000000000 ) ) ;
#2240 = CARTESIAN_POINT ( 'NONE',  ( 20.00000000000000711, -29.50000000000000711, 55.00000000000000000 ) ) ;
#2241 = ADVANCED_FACE ( 'NONE', ( #3768, #1604, #2830 ), #2536, .F. ) ;
#2242 = EDGE_CURVE ( 'NONE', #872, #63, #3741, .T. ) ;
#2243 = DIRECTION ( 'NONE',  ( 0.000000000000000000, -1.000000000000000000, 0.000000000000000000 ) ) ;
#2244 = CARTESIAN_POINT ( 'NONE',  ( 26.75000000000000355, 17.25000000000000000, 54.99999999999999289 ) ) ;
#2245 = VERTEX_POINT ( 'NONE', #1758 ) ;
#2246 = EDGE_CURVE ( 'NONE', #639, #3592, #1713, .T. ) ;
#2247 = VECTOR ( 'NONE', #119, 1000.000000000000000 ) ;
#2248 = CARTESIAN_POINT ( 'NONE',  ( -1.477727405461724949E-15, 17.24999999999999645, 60.75000000000000000 ) ) ;
#2249 = AXIS2_PLACEMENT_3D ( 'NONE', #3569, #1104, #1163 ) ;
#2250 = DIRECTION ( 'NONE',  ( 8.566535683836086715E-17, -1.000000000000000000, 3.734474149672293927E-15 ) ) ;
#2251 = DIRECTION ( 'NONE',  ( 1.000000000000000000, 0.000000000000000000, 0.000000000000000000 ) ) ;
#2252 = EDGE_LOOP ( 'NONE', ( #832, #36, #778, #882 ) ) ;
#2253 = CARTESIAN_POINT ( 'NONE',  ( 65.25000000000000000, -7.500000000000000000, 55.00000000000000000 ) ) ;
#2254 = EDGE_CURVE ( 'NONE', #2609, #593, #3258, .T. ) ;
#2255 = B_SPLINE_CURVE_WITH_KNOTS ( 'NONE', 3,
 ( #3051, #2093, #13, #1492, #912, #2495 ),
 .UNSPECIFIED., .F., .F.,
 ( 4, 2, 4 ),
 ( 0.000000000000000000, 0.0002926754238024136803, 0.0005853508476048273606 ),
 .UNSPECIFIED. ) ;
#2256 = AXIS2_PLACEMENT_3D ( 'NONE', #2669, #3544, #227 ) ;
#2257 = VECTOR ( 'NONE', #185, 1000.000000000000000 ) ;
#2258 = AXIS2_PLACEMENT_3D ( 'NONE', #2260, #3480, #2237 ) ;
#2259 = ORIENTED_EDGE ( 'NONE', *, *, #2300, .T. ) ;
#2260 = CARTESIAN_POINT ( 'NONE',  ( 26.25000000000000355, 7.249999999999787725, 6.000000000000071942 ) ) ;
#2261 = CARTESIAN_POINT ( 'NONE',  ( 15.25000000000000000, 26.74999999999999645, 58.24999999999999289 ) ) ;
#2262 = DIRECTION ( 'NONE',  ( 0.000000000000000000, 0.000000000000000000, 1.000000000000000000 ) ) ;
#2263 = DIRECTION ( 'NONE',  ( 0.000000000000000000, 5.782411586589358625E-16, 1.000000000000000000 ) ) ;
#2264 = VERTEX_POINT ( 'NONE', #3916 ) ;
#2265 = CIRCLE ( 'NONE', #1884, 0.5000000000000004441 ) ;
#2266 = FACE_OUTER_BOUND ( 'NONE', #965, .T. ) ;
#2267 = VERTEX_POINT ( 'NONE', #812 ) ;
#2268 = DIRECTION ( 'NONE',  ( -1.000000000000000000, -1.176083712526648949E-16, 6.800600086113123653E-32 ) ) ;
#2269 = LINE ( 'NONE', #3450, #261 ) ;
#2270 = EDGE_LOOP ( 'NONE', ( #1788, #331, #2745, #545 ) ) ;
#2271 = CARTESIAN_POINT ( 'NONE',  ( 20.25000000000000355, -9.999999999999998224, 24.50000000000001066 ) ) ;
#2272 = ORIENTED_EDGE ( 'NONE', *, *, #41, .T. ) ;
#2273 = ORIENTED_EDGE ( 'NONE', *, *, #245, .T. ) ;
#2274 = FACE_OUTER_BOUND ( 'NONE', #1900, .T. ) ;
#2275 = LINE ( 'NONE', #2644, #424 ) ;
#2276 = EDGE_CURVE ( 'NONE', #2394, #174, #3674, .T. ) ;
#2277 = CARTESIAN_POINT ( 'NONE',  ( 20.50000000000000355, 7.499999999999860556, 24.93301270189222052 ) ) ;
#2278 = DIRECTION ( 'NONE',  ( 8.566535683836085482E-17, -1.000000000000000000, -5.782411586589358625E-16 ) ) ;
#2279 = ORIENTED_EDGE ( 'NONE', *, *, #220, .F. ) ;
#2280 = DIRECTION ( 'NONE',  ( -1.000000000000000000, -0.000000000000000000, -0.000000000000000000 ) ) ;
#2281 = ORIENTED_EDGE ( 'NONE', *, *, #122, .F. ) ;
#2282 = PLANE ( 'NONE',  #1669 ) ;
#2283 = FACE_OUTER_BOUND ( 'NONE', #341, .T. ) ;
#2284 = CARTESIAN_POINT ( 'NONE',  ( 20.00000000000001066, -17.24999999999999289, 55.00000000000000711 ) ) ;
#2285 = ORIENTED_EDGE ( 'NONE', *, *, #2655, .F. ) ;
#2286 = CIRCLE ( 'NONE', #2423, 1.875000000000000000 ) ;
#2287 = FACE_BOUND ( 'NONE', #1540, .T. ) ;
#2288 = ORIENTED_EDGE ( 'NONE', *, *, #686, .T. ) ;
#2289 = EDGE_CURVE ( 'NONE', #629, #872, #894, .T. ) ;
#2290 = EDGE_CURVE ( 'NONE', #3391, #2504, #2980, .T. ) ;
#2291 = ORIENTED_EDGE ( 'NONE', *, *, #196, .F. ) ;
#2292 = DIRECTION ( 'NONE',  ( 0.000000000000000000, -1.000000000000000000, 0.000000000000000000 ) ) ;
#2293 = CARTESIAN_POINT ( 'NONE',  ( 1.500000000000001332, -20.25000000000000355, 6.000000000000000000 ) ) ;
#2294 = CIRCLE ( 'NONE', #1977, 0.2500000000000002220 ) ;
#2295 = ADVANCED_FACE ( 'NONE', ( #2334 ), #2933, .T. ) ;
#2296 = DIRECTION ( 'NONE',  ( 1.176083712526648949E-16, -1.000000000000000000, -7.998074996684972405E-48 ) ) ;
#2297 = FACE_OUTER_BOUND ( 'NONE', #3644, .T. ) ;
#2298 = ORIENTED_EDGE ( 'NONE', *, *, #1513, .T. ) ;
#2299 = CARTESIAN_POINT ( 'NONE',  ( 26.75000000000000355, -17.50000000000000000, 55.00000000000000711 ) ) ;
#2300 = EDGE_CURVE ( 'NONE', #2485, #2526, #1715, .T. ) ;
#2301 = ORIENTED_EDGE ( 'NONE', *, *, #2527, .F. ) ;
#2302 = CARTESIAN_POINT ( 'NONE',  ( 15.25000000000000711, -25.00000000000000000, 57.99999999999998579 ) ) ;
#2303 = FACE_OUTER_BOUND ( 'NONE', #2164, .T. ) ;
#2304 = VECTOR ( 'NONE', #2638, 1000.000000000000000 ) ;
#2305 = EDGE_CURVE ( 'NONE', #249, #2752, #1432, .T. ) ;
#2306 = DIRECTION ( 'NONE',  ( 0.000000000000000000, 0.000000000000000000, 1.000000000000000000 ) ) ;
#2307 = ORIENTED_EDGE ( 'NONE', *, *, #938, .T. ) ;
#2308 = CARTESIAN_POINT ( 'NONE',  ( 26.75000000000000711, -17.24999999999999289, 55.25000000000000711 ) ) ;
#2309 = AXIS2_PLACEMENT_3D ( 'NONE', #3386, #3348, #2452 ) ;
#2310 = ORIENTED_EDGE ( 'NONE', *, *, #2838, .T. ) ;
#2311 = CARTESIAN_POINT ( 'NONE',  ( 25.12500000000000355, 14.49999999999999467, 20.00000000000000355 ) ) ;
#2312 = VECTOR ( 'NONE', #2509, 1000.000000000000000 ) ;
#2313 = EDGE_LOOP ( 'NONE', ( #2004, #595, #1960, #3565, #2662, #221, #2707, #3946 ) ) ;
#2314 = LINE ( 'NONE', #1115, #1769 ) ;
#2315 = VECTOR ( 'NONE', #2095, 1000.000000000000000 ) ;
#2316 = VECTOR ( 'NONE', #742, 1000.000000000000000 ) ;
#2317 = CARTESIAN_POINT ( 'NONE',  ( 20.00000000000000711, -26.75000000000000355, 58.24999999999999289 ) ) ;
#2318 = FACE_OUTER_BOUND ( 'NONE', #3803, .T. ) ;
#2319 = ORIENTED_EDGE ( 'NONE', *, *, #2598, .F. ) ;
#2320 = DIRECTION ( 'NONE',  ( 0.000000000000000000, -1.204669080539449590E-16, -1.000000000000000000 ) ) ;
#2321 = EDGE_CURVE ( 'NONE', #1200, #1201, #242, .T. ) ;
#2322 = ORIENTED_EDGE ( 'NONE', *, *, #1985, .F. ) ;
#2323 = DIRECTION ( 'NONE',  ( 1.000000000000000000, -3.469446951953611033E-15, 0.000000000000000000 ) ) ;
#2324 = DIRECTION ( 'NONE',  ( -1.176083712526648949E-16, 1.000000000000000000, 0.000000000000000000 ) ) ;
#2325 = VECTOR ( 'NONE', #833, 1000.000000000000000 ) ;
#2326 = TOROIDAL_SURFACE ( 'NONE', #1856, 2.499999999999999556, 0.2500000000000000000 ) ;
#2327 = DIRECTION ( 'NONE',  ( -1.000000000000000000, -1.386719069154237324E-15, -1.972152263052529514E-31 ) ) ;
#2328 = VERTEX_POINT ( 'NONE', #2681 ) ;
#2329 = CARTESIAN_POINT ( 'NONE',  ( 1.500000000000002442, -28.25000000000000355, 6.000000000000000000 ) ) ;
#2330 = ORIENTED_EDGE ( 'NONE', *, *, #617, .T. ) ;
#2331 = ORIENTED_EDGE ( 'NONE', *, *, #1468, .F. ) ;
#2332 = EDGE_CURVE ( 'NONE', #494, #2446, #2955, .T. ) ;
#2333 = FACE_OUTER_BOUND ( 'NONE', #1164, .T. ) ;
#2334 = FACE_OUTER_BOUND ( 'NONE', #2601, .T. ) ;
#2335 = ORIENTED_EDGE ( 'NONE', *, *, #653, .T. ) ;
#2336 = DIRECTION ( 'NONE',  ( -1.000000000000000000, -1.176083712526648949E-16, 6.800600086113123653E-32 ) ) ;
#2337 = DIRECTION ( 'NONE',  ( 0.000000000000000000, 0.000000000000000000, -1.000000000000000000 ) ) ;
#2338 = DIRECTION ( 'NONE',  ( 0.000000000000000000, -1.000000000000000000, 0.000000000000000000 ) ) ;
#2339 = CARTESIAN_POINT ( 'NONE',  ( 25.87500000000000355, 23.37500000000000000, 16.00000000000000000 ) ) ;
#2340 = EDGE_CURVE ( 'NONE', #679, #3760, #2439, .T. ) ;
#2341 = ORIENTED_EDGE ( 'NONE', *, *, #1345, .T. ) ;
#2342 = FACE_OUTER_BOUND ( 'NONE', #2641, .T. ) ;
#2343 = ORIENTED_EDGE ( 'NONE', *, *, #1320, .T. ) ;
#2344 = ORIENTED_EDGE ( 'NONE', *, *, #1659, .F. ) ;
#2345 = CARTESIAN_POINT ( 'NONE',  ( 20.50000000000000711, -14.93301270189222407, 16.00000000000000000 ) ) ;
#2346 = DIRECTION ( 'NONE',  ( -1.000000000000000000, 0.000000000000000000, 0.000000000000000000 ) ) ;
#2347 = CARTESIAN_POINT ( 'NONE',  ( 15.50000000000000000, 29.50000000000000000, 57.74999999999998579 ) ) ;
#2348 = ORIENTED_EDGE ( 'NONE', *, *, #680, .F. ) ;
#2349 = DIRECTION ( 'NONE',  ( 0.000000000000000000, 5.782411586589358625E-16, 1.000000000000000000 ) ) ;
#2350 = EDGE_CURVE ( 'NONE', #3041, #2906, #840, .T. ) ;
#2351 = ORIENTED_EDGE ( 'NONE', *, *, #495, .T. ) ;
#2352 = DIRECTION ( 'NONE',  ( 0.000000000000000000, -1.000000000000000000, 0.000000000000000000 ) ) ;
#2353 = CARTESIAN_POINT ( 'NONE',  ( 26.33633614663849087, 7.499999999999858780, 24.88316650438969191 ) ) ;
#2354 = EDGE_CURVE ( 'NONE', #3447, #3760, #3573, .T. ) ;
#2355 = EDGE_CURVE ( 'NONE', #3785, #639, #132, .T. ) ;
#2356 = ORIENTED_EDGE ( 'NONE', *, *, #3832, .T. ) ;
#2357 = CARTESIAN_POINT ( 'NONE',  ( 20.25000000000000355, 13.12500000000000888, 10.99999999999999645 ) ) ;
#2358 = CARTESIAN_POINT ( 'NONE',  ( 14.00000000000000178, 41.75000000000000000, 10.99999999999999645 ) ) ;
#2359 = CARTESIAN_POINT ( 'NONE',  ( 20.50000000000000355, -20.25000000000000355, 16.00000000000000000 ) ) ;
#2360 = DIRECTION ( 'NONE',  ( -1.000000000000000000, -8.566535683836085482E-17, -0.000000000000000000 ) ) ;
#2361 = ORIENTED_EDGE ( 'NONE', *, *, #3307, .F. ) ;
#2362 = DIRECTION ( 'NONE',  ( -1.000000000000000000, -1.176083712526648949E-16, 6.800600086113123653E-32 ) ) ;
#2363 = ORIENTED_EDGE ( 'NONE', *, *, #754, .T. ) ;
#2364 = VECTOR ( 'NONE', #326, 1000.000000000000000 ) ;
#2365 = ORIENTED_EDGE ( 'NONE', *, *, #3675, .T. ) ;
#2366 = CARTESIAN_POINT ( 'NONE',  ( 15.50000000000000000, 26.74999999999999645, 58.24999999999999289 ) ) ;
#2367 = DIRECTION ( 'NONE',  ( -0.000000000000000000, -1.000000000000000000, -0.000000000000000000 ) ) ;
#2368 = EDGE_CURVE ( 'NONE', #2511, #2689, #3299, .T. ) ;
#2369 = ADVANCED_FACE ( 'NONE', ( #2697 ), #1174, .T. ) ;
#2370 = CARTESIAN_POINT ( 'NONE',  ( 21.12500000000000355, 14.99999999999999467, 16.47879918526321674 ) ) ;
#2371 = ORIENTED_EDGE ( 'NONE', *, *, #2031, .F. ) ;
#2372 = VERTEX_POINT ( 'NONE', #3695 ) ;
#2373 = CARTESIAN_POINT ( 'NONE',  ( 26.50000000000000355, -14.50000000000000178, 6.000000000000000000 ) ) ;
#2374 = CARTESIAN_POINT ( 'NONE',  ( 21.62500000000000711, -14.79289321881345565, 16.73091325277524533 ) ) ;
#2375 = AXIS2_PLACEMENT_3D ( 'NONE', #3095, #335, #970 ) ;
#2376 = ADVANCED_FACE ( 'NONE', ( #1284, #598, #1840 ), #913, .F. ) ;
#2377 = B_SPLINE_CURVE_WITH_KNOTS ( 'NONE', 3,
 ( #3687, #39, #1259, #2488, #961, #3398 ),
 .UNSPECIFIED., .F., .F.,
 ( 4, 2, 4 ),
 ( 0.000000000000000000, 0.0002926754238024156319, 0.0005853508476048312637 ),
 .UNSPECIFIED. ) ;
#2378 = AXIS2_PLACEMENT_3D ( 'NONE', #1725, #744, #1704 ) ;
#2379 = LINE ( 'NONE', #2404, #479 ) ;
#2380 = DIRECTION ( 'NONE',  ( -0.000000000000000000, 1.000000000000000000, -3.965082230804130713E-16 ) ) ;
#2381 = DIRECTION ( 'NONE',  ( 0.000000000000000000, 0.000000000000000000, 1.000000000000000000 ) ) ;
#2382 = ORIENTED_EDGE ( 'NONE', *, *, #1927, .T. ) ;
#2383 = CARTESIAN_POINT ( 'NONE',  ( 20.00000000000000000, 29.50000000000000000, 58.24999999999999289 ) ) ;
#2384 = TOROIDAL_SURFACE ( 'NONE', #2518, 4.500000000000000888, 0.5000000000000000000 ) ;
#2385 = AXIS2_PLACEMENT_3D ( 'NONE', #3623, #3639, #620 ) ;
#2386 = CIRCLE ( 'NONE', #3155, 4.500000000000000888 ) ;
#2387 = ORIENTED_EDGE ( 'NONE', *, *, #2401, .T. ) ;
#2388 = ORIENTED_EDGE ( 'NONE', *, *, #617, .F. ) ;
#2389 = CARTESIAN_POINT ( 'NONE',  ( 14.00000000000000178, 30.25000000000000000, 10.99999999999999645 ) ) ;
#2390 =( GEOMETRIC_REPRESENTATION_CONTEXT ( 3 ) GLOBAL_UNCERTAINTY_ASSIGNED_CONTEXT ( ( #2599 ) ) GLOBAL_UNIT_ASSIGNED_CONTEXT ( ( #2050, #1755, #3891 ) ) REPRESENTATION_CONTEXT ( 'NONE', 'WORKASPACE' ) );
#2391 = CIRCLE ( 'NONE', #661, 0.2500000000000002220 ) ;
#2392 = CARTESIAN_POINT ( 'NONE',  ( 15.50000000000000000, 29.49999999999999645, 58.24999999999999289 ) ) ;
#2393 = CARTESIAN_POINT ( 'NONE',  ( 26.00000000000000355, 9.999999999999994671, 20.00000000000000355 ) ) ;
#2394 = VERTEX_POINT ( 'NONE', #67 ) ;
#2395 = CARTESIAN_POINT ( 'NONE',  ( 25.87500000000000355, 23.37500000000000000, 6.000000000000000000 ) ) ;
#2396 = EDGE_LOOP ( 'NONE', ( #3291, #3479, #3287, #1951 ) ) ;
#2397 = CIRCLE ( 'NONE', #1363, 4.500000000000000888 ) ;
#2398 = PLANE ( 'NONE',  #3673 ) ;
#2399 = VECTOR ( 'NONE', #244, 1000.000000000000000 ) ;
#2400 = CARTESIAN_POINT ( 'NONE',  ( 20.75000000000000355, -9.999999999999998224, 25.00000000000000355 ) ) ;
#2401 = EDGE_CURVE ( 'NONE', #988, #3664, #391, .T. ) ;
#2402 = AXIS2_PLACEMENT_3D ( 'NONE', #1137, #2360, #2902 ) ;
#2403 = APPLICATION_CONTEXT ( 'configuration controlled 3d designs of mechanical parts and assemblies' ) ;
#2404 = CARTESIAN_POINT ( 'NONE',  ( 21.62500000000001421, -7.999999999999863221, 25.00000000000000000 ) ) ;
#2405 = CC_DESIGN_PERSON_AND_ORGANIZATION_ASSIGNMENT ( #966, #296, ( #3813 ) ) ;
#2406 = DIRECTION ( 'NONE',  ( -0.000000000000000000, -1.000000000000000000, -0.000000000000000000 ) ) ;
#2407 = ORIENTED_EDGE ( 'NONE', *, *, #634, .T. ) ;
#2408 = PLANE ( 'NONE',  #1102 ) ;
#2409 = ORIENTED_EDGE ( 'NONE', *, *, #2305, .F. ) ;
#2410 = EDGE_CURVE ( 'NONE', #1815, #1508, #3677, .T. ) ;
#2411 = VERTEX_POINT ( 'NONE', #3737 ) ;
#2412 = DIRECTION ( 'NONE',  ( -0.000000000000000000, 1.204669080539449590E-16, 1.000000000000000000 ) ) ;
#2413 = CARTESIAN_POINT ( 'NONE',  ( 20.25000000000000711, -23.00000000000000000, 57.99999999999998579 ) ) ;
#2414 = CARTESIAN_POINT ( 'NONE',  ( 26.00000000000000355, -15.00000000000000178, 20.00000000000001066 ) ) ;
#2415 = ORIENTED_EDGE ( 'NONE', *, *, #1999, .T. ) ;
#2416 = CARTESIAN_POINT ( 'NONE',  ( 15.50000000000000711, -29.50000000000000711, 57.75000000000000711 ) ) ;
#2417 = EDGE_LOOP ( 'NONE', ( #1723, #3624, #558, #788 ) ) ;
#2418 = CARTESIAN_POINT ( 'NONE',  ( 20.75000000000000355, -15.00000000000000178, 20.00000000000001066 ) ) ;
#2419 = DIRECTION ( 'NONE',  ( -1.000000000000000000, 1.386719069154237324E-15, -1.972152263052529514E-31 ) ) ;
#2420 = EDGE_CURVE ( 'NONE', #1140, #1689, #270, .T. ) ;
#2421 = ADVANCED_FACE ( 'NONE', ( #2135 ), #15, .F. ) ;
#2422 = DIRECTION ( 'NONE',  ( -1.000000000000000000, -8.566535683836085482E-17, -0.000000000000000000 ) ) ;
#2423 = AXIS2_PLACEMENT_3D ( 'NONE', #1188, #3027, #1203 ) ;
#2424 = FACE_OUTER_BOUND ( 'NONE', #3312, .T. ) ;
#2425 = ORIENTED_EDGE ( 'NONE', *, *, #2655, .T. ) ;
#2426 = CYLINDRICAL_SURFACE ( 'NONE', #403, 0.5000000000000004441 ) ;
#2427 = EDGE_LOOP ( 'NONE', ( #2460, #9, #3058, #2881 ) ) ;
#2428 = VERTEX_POINT ( 'NONE', #1820 ) ;
#2429 = EDGE_CURVE ( 'NONE', #1229, #433, #3955, .T. ) ;
#2430 = LINE ( 'NONE', #3947, #2614 ) ;
#2431 = DIRECTION ( 'NONE',  ( 0.000000000000000000, -1.000000000000000000, 0.000000000000000000 ) ) ;
#2432 = DIRECTION ( 'NONE',  ( 1.000000000000000000, 0.000000000000000000, -0.000000000000000000 ) ) ;
#2433 = ORIENTED_EDGE ( 'NONE', *, *, #1312, .F. ) ;
#2434 = CIRCLE ( 'NONE', #322, 2.499999999999998668 ) ;
#2435 = ORIENTED_EDGE ( 'NONE', *, *, #3039, .F. ) ;
#2436 = CARTESIAN_POINT ( 'NONE',  ( 20.00000000000001066, -17.24999999999999289, 55.00000000000000711 ) ) ;
#2437 = CARTESIAN_POINT ( 'NONE',  ( 20.25000000000000711, -25.00000000000000000, 57.99999999999998579 ) ) ;
#2438 = ORIENTED_EDGE ( 'NONE', *, *, #3076, .T. ) ;
#2439 = CIRCLE ( 'NONE', #1153, 0.7500000000000006661 ) ;
#2440 = AXIS2_PLACEMENT_3D ( 'NONE', #2413, #1204, #2431 ) ;
#2441 = LINE ( 'NONE', #3658, #3021 ) ;
#2442 = VECTOR ( 'NONE', #2089, 1000.000000000000000 ) ;
#2443 = CARTESIAN_POINT ( 'NONE',  ( 20.75000000000001776, 7.499999999999861444, 25.00000000000000000 ) ) ;
#2444 = ORIENTED_EDGE ( 'NONE', *, *, #1776, .T. ) ;
#2445 = CARTESIAN_POINT ( 'NONE',  ( 26.50000000000000355, -14.50000000000000355, 20.00000000000001066 ) ) ;
#2446 = VERTEX_POINT ( 'NONE', #3390 ) ;
#2447 = CARTESIAN_POINT ( 'NONE',  ( 1.500000000000001332, 20.24999999999999645, 6.000000000000000000 ) ) ;
#2448 = CARTESIAN_POINT ( 'NONE',  ( 26.25000000000000355, -20.25000000000000355, 15.75000000000000000 ) ) ;
#2449 = VECTOR ( 'NONE', #1946, 1000.000000000000227 ) ;
#2450 = EDGE_CURVE ( 'NONE', #2074, #2923, #356, .T. ) ;
#2451 = AXIS2_PLACEMENT_3D ( 'NONE', #2880, #383, #1924 ) ;
#2452 = DIRECTION ( 'NONE',  ( -1.000000000000000000, 0.000000000000000000, 0.000000000000000000 ) ) ;
#2453 = ORIENTED_EDGE ( 'NONE', *, *, #3037, .T. ) ;
#2454 = PERSON_AND_ORGANIZATION_ROLE ( 'design_owner' ) ;
#2455 = VERTEX_POINT ( 'NONE', #2437 ) ;
#2456 = CIRCLE ( 'NONE', #342, 4.999999999999999112 ) ;
#2457 = AXIS2_PLACEMENT_3D ( 'NONE', #56, #3759, #1942 ) ;
#2458 = FACE_OUTER_BOUND ( 'NONE', #38, .T. ) ;
#2459 = CARTESIAN_POINT ( 'NONE',  ( 15.25000000000000711, -23.00000000000000000, 57.99999999999998579 ) ) ;
#2460 = ORIENTED_EDGE ( 'NONE', *, *, #3360, .T. ) ;
#2461 = EDGE_CURVE ( 'NONE', #120, #2870, #3355, .T. ) ;
#2462 = AXIS2_PLACEMENT_3D ( 'NONE', #2477, #2719, #3334 ) ;
#2463 = AXIS2_PLACEMENT_3D ( 'NONE', #2248, #370, #2554 ) ;
#2464 = DIRECTION ( 'NONE',  ( 1.000000000000000000, -0.000000000000000000, -0.000000000000000000 ) ) ;
#2465 = ORIENTED_EDGE ( 'NONE', *, *, #1679, .T. ) ;
#2466 = CIRCLE ( 'NONE', #3165, 0.5000000000000004441 ) ;
#2467 = DIRECTION ( 'NONE',  ( -1.176083712526648949E-16, 1.000000000000000000, -3.965082230804130713E-16 ) ) ;
#2468 = ORIENTED_EDGE ( 'NONE', *, *, #586, .T. ) ;
#2469 =( BOUNDED_CURVE ( )  B_SPLINE_CURVE ( 3, ( #3634, #3094, #873, #1838 ),
 .UNSPECIFIED., .F., .F. ) 
 B_SPLINE_CURVE_WITH_KNOTS ( ( 4, 4 ),
 ( 4.712388980384689674, 6.283185307179586232 ),
 .UNSPECIFIED. ) 
 CURVE ( )  GEOMETRIC_REPRESENTATION_ITEM ( )  RATIONAL_B_SPLINE_CURVE ( ( 1.000000000000000000, 0.8047378541243649375, 0.8047378541243649375, 1.000000000000000000 ) ) 
 REPRESENTATION_ITEM ( '' )  );
#2470 = CARTESIAN_POINT ( 'NONE',  ( 20.25000000000000000, 29.25000000000002842, 1.691355389077388810E-14 ) ) ;
#2471 = CARTESIAN_POINT ( 'NONE',  ( 26.50000000000000355, 16.50000000000000000, 61.00000000000000000 ) ) ;
#2472 = EDGE_CURVE ( 'NONE', #3424, #3447, #956, .T. ) ;
#2473 = DIRECTION ( 'NONE',  ( 0.000000000000000000, -0.6347633656933757695, -0.7727065869873361859 ) ) ;
#2474 = EDGE_LOOP ( 'NONE', ( #1403, #3060, #3351, #458, #1079 ) ) ;
#2475 = ORIENTED_EDGE ( 'NONE', *, *, #208, .T. ) ;
#2476 = CIRCLE ( 'NONE', #3587, 1.875000000000000000 ) ;
#2477 = CARTESIAN_POINT ( 'NONE',  ( 25.75000000000000355, 16.50000000000000000, 60.75000000000000000 ) ) ;
#2478 = EDGE_CURVE ( 'NONE', #2731, #350, #3392, .T. ) ;
#2479 = DIRECTION ( 'NONE',  ( 0.000000000000000000, -0.000000000000000000, 1.000000000000000000 ) ) ;
#2480 = ORIENTED_EDGE ( 'NONE', *, *, #3550, .F. ) ;
#2481 = EDGE_CURVE ( 'NONE', #497, #3592, #3413, .T. ) ;
#2482 = EDGE_CURVE ( 'NONE', #3678, #3424, #32, .T. ) ;
#2483 = DIRECTION ( 'NONE',  ( -1.000000000000000000, -1.176083712526648949E-16, 6.800600086113123653E-32 ) ) ;
#2484 = EDGE_CURVE ( 'NONE', #3558, #1105, #2759, .T. ) ;
#2485 = VERTEX_POINT ( 'NONE', #651 ) ;
#2486 = DIRECTION ( 'NONE',  ( 3.396701841952797380E-32, -3.965082230804130713E-16, -1.000000000000000000 ) ) ;
#2487 = ORIENTED_EDGE ( 'NONE', *, *, #2332, .F. ) ;
#2488 = CARTESIAN_POINT ( 'NONE',  ( 20.26856560917443772, -14.66009508800163630, 15.86354124893104789 ) ) ;
#2489 = CARTESIAN_POINT ( 'NONE',  ( 21.12500000000000355, 14.99999999999999467, 16.47879918526321674 ) ) ;
#2490 = CARTESIAN_POINT ( 'NONE',  ( 26.75000000000000355, 26.75000000000000000, 57.74999999999998579 ) ) ;
#2491 = FACE_OUTER_BOUND ( 'NONE', #1742, .T. ) ;
#2492 = ORIENTED_EDGE ( 'NONE', *, *, #255, .F. ) ;
#2493 = APPROVAL_DATE_TIME ( #45, #3111 ) ;
#2494 = DIRECTION ( 'NONE',  ( -1.000000000000000000, 1.386719069154237324E-15, -1.972152263052529514E-31 ) ) ;
#2495 = CARTESIAN_POINT ( 'NONE',  ( 26.50000000000000355, 14.49999999999999467, 15.75000000000000000 ) ) ;
#2496 = EDGE_CURVE ( 'NONE', #1748, #481, #1588, .T. ) ;
#2497 = CARTESIAN_POINT ( 'NONE',  ( 23.37500000000000355, -23.37500000000000711, 6.000000000000000000 ) ) ;
#2498 = ORIENTED_EDGE ( 'NONE', *, *, #150, .T. ) ;
#2499 = VECTOR ( 'NONE', #2653, 1000.000000000000000 ) ;
#2500 = EDGE_CURVE ( 'NONE', #1730, #306, #2177, .T. ) ;
#2501 = DIRECTION ( 'NONE',  ( 0.000000000000000000, 1.000000000000000000, 0.000000000000000000 ) ) ;
#2502 = EDGE_LOOP ( 'NONE', ( #1660, #3205, #1107, #2425, #3305, #2066, #848, #781, #368, #685 ) ) ;
#2503 = CYLINDRICAL_SURFACE ( 'NONE', #1751, 0.2500000000000002220 ) ;
#2504 = VERTEX_POINT ( 'NONE', #373 ) ;
#2505 = VECTOR ( 'NONE', #3557, 1000.000000000000227 ) ;
#2506 = DIRECTION ( 'NONE',  ( 1.000000000000000000, 1.176083712526644758E-16, 0.000000000000000000 ) ) ;
#2507 = VECTOR ( 'NONE', #366, 1000.000000000000000 ) ;
#2508 = DIRECTION ( 'NONE',  ( 1.000000000000000000, 0.000000000000000000, 0.000000000000000000 ) ) ;
#2509 = DIRECTION ( 'NONE',  ( 0.000000000000000000, -1.000000000000000000, 0.000000000000000000 ) ) ;
#2510 = CARTESIAN_POINT ( 'NONE',  ( 1.500000000000001332, 30.25000000000000000, 6.000000000000000000 ) ) ;
#2511 = VERTEX_POINT ( 'NONE', #87 ) ;
#2512 = DATE_TIME_ROLE ( 'classification_date' ) ;
#2513 = DIRECTION ( 'NONE',  ( 1.000000000000000000, 0.000000000000000000, 0.000000000000000000 ) ) ;
#2514 = CARTESIAN_POINT ( 'NONE',  ( 25.62500000000002132, -4.977489073421624735E-14, 24.50000000000000000 ) ) ;
#2515 = CARTESIAN_POINT ( 'NONE',  ( 20.00000000000000355, 17.50000000000000355, 54.99999999999999289 ) ) ;
#2516 = VERTEX_POINT ( 'NONE', #1663 ) ;
#2517 = AXIS2_PLACEMENT_3D ( 'NONE', #3018, #563, #580 ) ;
#2518 = AXIS2_PLACEMENT_3D ( 'NONE', #359, #3682, #693 ) ;
#2519 = CIRCLE ( 'NONE', #3790, 0.2500000000000002220 ) ;
#2520 = EDGE_CURVE ( 'NONE', #749, #3631, #3472, .T. ) ;
#2521 = B_SPLINE_CURVE_WITH_KNOTS ( 'NONE', 3,
 ( #2277, #1698, #1057, #500, #1352, #3500 ),
 .UNSPECIFIED., .F., .F.,
 ( 4, 2, 4 ),
 ( 0.000000000000000000, 0.0002926754238024136803, 0.0005853508476048273606 ),
 .UNSPECIFIED. ) ;
#2522 = FACE_OUTER_BOUND ( 'NONE', #104, .T. ) ;
#2523 = AXIS2_PLACEMENT_3D ( 'NONE', #2680, #3894, #3157 ) ;
#2524 = AXIS2_PLACEMENT_3D ( 'NONE', #1597, #2825, #2605 ) ;
#2525 = CIRCLE ( 'NONE', #402, 0.5000000000000004441 ) ;
#2526 = VERTEX_POINT ( 'NONE', #127 ) ;
#2527 = EDGE_CURVE ( 'NONE', #2516, #1346, #1687, .T. ) ;
#2528 = CARTESIAN_POINT ( 'NONE',  ( 65.25000000000000000, -7.500000000000004441, 25.00000000000000000 ) ) ;
#2529 = ORIENTED_EDGE ( 'NONE', *, *, #2639, .T. ) ;
#2530 = CIRCLE ( 'NONE', #2904, 2.500000000000002220 ) ;
#2531 = LINE ( 'NONE', #3143, #2199 ) ;
#2532 = CARTESIAN_POINT ( 'NONE',  ( 26.50000000000000355, 14.49999999999999467, 6.000000000000000000 ) ) ;
#2533 = DIRECTION ( 'NONE',  ( -1.000000000000000000, -1.176083712526648949E-16, 6.800600086113123653E-32 ) ) ;
#2534 = DIRECTION ( 'NONE',  ( -3.396701841952797380E-32, 3.965082230804130713E-16, 1.000000000000000000 ) ) ;
#2535 = EDGE_LOOP ( 'NONE', ( #1785, #3190, #3460, #914 ) ) ;
#2536 = PLANE ( 'NONE',  #1693 ) ;
#2537 = FACE_OUTER_BOUND ( 'NONE', #1467, .T. ) ;
#2538 = DIRECTION ( 'NONE',  ( -1.000000000000000000, -1.176083712526648949E-16, 6.800600086113123653E-32 ) ) ;
#2539 = ORIENTED_EDGE ( 'NONE', *, *, #3746, .F. ) ;
#2540 = CARTESIAN_POINT ( 'NONE',  ( 15.50000000000000355, 2.388972415168064966E-14, 55.25000000000000000 ) ) ;
#2541 = EDGE_CURVE ( 'NONE', #2202, #1460, #2698, .T. ) ;
#2542 = DIRECTION ( 'NONE',  ( -1.000000000000000000, 1.386719069154237324E-15, -1.972152263052529514E-31 ) ) ;
#2543 = EDGE_CURVE ( 'NONE', #3849, #2857, #469, .T. ) ;
#2544 = EDGE_CURVE ( 'NONE', #433, #120, #3508, .T. ) ;
#2545 = ORIENTED_EDGE ( 'NONE', *, *, #3496, .T. ) ;
#2546 = CARTESIAN_POINT ( 'NONE',  ( 26.00000000000000355, -14.50000000000000178, 20.00000000000001066 ) ) ;
#2547 = ORIENTED_EDGE ( 'NONE', *, *, #2060, .F. ) ;
#2548 = CARTESIAN_POINT ( 'NONE',  ( 21.12500000000001066, -9.999999999999998224, 25.00000000000000000 ) ) ;
#2549 = LINE ( 'NONE', #2532, #1230 ) ;
#2550 = DIRECTION ( 'NONE',  ( 1.176083712526648949E-16, -1.000000000000000000, 1.176083712526648949E-16 ) ) ;
#2551 = CARTESIAN_POINT ( 'NONE',  ( 26.00000000000000355, 14.99999999999999645, 16.00000000000000000 ) ) ;
#2552 = ADVANCED_FACE ( 'NONE', ( #2910 ), #1922, .T. ) ;
#2553 = ORIENTED_EDGE ( 'NONE', *, *, #3602, .T. ) ;
#2554 = DIRECTION ( 'NONE',  ( 8.566535683836115064E-17, -1.000000000000000000, 0.000000000000000000 ) ) ;
#2555 = LINE ( 'NONE', #994, #2234 ) ;
#2556 = CARTESIAN_POINT ( 'NONE',  ( 6.500000000000001776, -23.37500000000000711, 6.000000000000000000 ) ) ;
#2557 = ORIENTED_EDGE ( 'NONE', *, *, #52, .F. ) ;
#2558 = DIRECTION ( 'NONE',  ( -0.000000000000000000, -0.000000000000000000, 1.000000000000000000 ) ) ;
#2559 = VECTOR ( 'NONE', #422, 1000.000000000000000 ) ;
#2560 = ORIENTED_EDGE ( 'NONE', *, *, #2639, .F. ) ;
#2561 = FACE_OUTER_BOUND ( 'NONE', #88, .T. ) ;
#2562 = DIRECTION ( 'NONE',  ( -1.000000000000000000, -8.566535683836085482E-17, -0.000000000000000000 ) ) ;
#2563 = CARTESIAN_POINT ( 'NONE',  ( 25.62500000000001066, 7.999999999999868550, 25.00000000000000000 ) ) ;
#2564 = CARTESIAN_POINT ( 'NONE',  ( 21.62500000000000711, 14.79289321881344854, 16.73091325277525243 ) ) ;
#2565 = AXIS2_PLACEMENT_3D ( 'NONE', #3311, #3295, #2677 ) ;
#2566 = EDGE_LOOP ( 'NONE', ( #3044, #820, #2136, #822 ) ) ;
#2567 = CYLINDRICAL_SURFACE ( 'NONE', #1351, 1.875000000000000000 ) ;
#2568 = ORIENTED_EDGE ( 'NONE', *, *, #1985, .T. ) ;
#2569 = AXIS2_PLACEMENT_3D ( 'NONE', #590, #3309, #3063 ) ;
#2570 = CARTESIAN_POINT ( 'NONE',  ( 3.999999999999996447, 23.37500000000000000, 6.000000000000000000 ) ) ;
#2571 = AXIS2_PLACEMENT_3D ( 'NONE', #1707, #2692, #1447 ) ;
#2572 = DIRECTION ( 'NONE',  ( -0.000000000000000000, -0.000000000000000000, 1.000000000000000000 ) ) ;
#2573 = CARTESIAN_POINT ( 'NONE',  ( 20.25000000000000000, 29.24999999999999645, 57.74999999999998579 ) ) ;
#2574 = EDGE_LOOP ( 'NONE', ( #2743, #274, #1031, #652 ) ) ;
#2575 = DIRECTION ( 'NONE',  ( 1.176083712526648949E-16, -1.000000000000000000, 0.000000000000000000 ) ) ;
#2576 = VECTOR ( 'NONE', #1558, 1000.000000000000000 ) ;
#2577 = AXIS2_PLACEMENT_3D ( 'NONE', #2968, #1420, #3564 ) ;
#2578 = ADVANCED_FACE ( 'NONE', ( #430 ), #1970, .T. ) ;
#2579 = VECTOR ( 'NONE', #678, 1000.000000000000000 ) ;
#2580 = ORIENTED_EDGE ( 'NONE', *, *, #3054, .T. ) ;
#2581 = CARTESIAN_POINT ( 'NONE',  ( 26.25000000000000355, 7.499999999999768185, -2.800855612254131541E-14 ) ) ;
#2582 = CARTESIAN_POINT ( 'NONE',  ( 20.75000000000000355, 14.49999999999999467, 16.00000000000000000 ) ) ;
#2583 = VECTOR ( 'NONE', #46, 1000.000000000000000 ) ;
#2584 = DIRECTION ( 'NONE',  ( 0.000000000000000000, 0.000000000000000000, 1.000000000000000000 ) ) ;
#2585 = CARTESIAN_POINT ( 'NONE',  ( 26.50000000000000355, -15.00000000000000533, 11.00000000000000000 ) ) ;
#2586 = EDGE_LOOP ( 'NONE', ( #3237, #3751, #1238, #837 ) ) ;
#2587 = VECTOR ( 'NONE', #2381, 1000.000000000000000 ) ;
#2588 = FACE_BOUND ( 'NONE', #1146, .T. ) ;
#2589 = EDGE_LOOP ( 'NONE', ( #3306, #1947, #1263, #677 ) ) ;
#2590 = EDGE_CURVE ( 'NONE', #929, #1201, #3189, .T. ) ;
#2591 = DIRECTION ( 'NONE',  ( 8.566535683836085482E-17, -1.000000000000000000, 0.000000000000000000 ) ) ;
#2592 = LINE ( 'NONE', #1103, #3070 ) ;
#2593 = DIRECTION ( 'NONE',  ( 0.000000000000000000, -1.000000000000000000, 0.000000000000000000 ) ) ;
#2594 = VERTEX_POINT ( 'NONE', #2612 ) ;
#2595 = CARTESIAN_POINT ( 'NONE',  ( 25.75000000000000355, -17.25000000000000000, 61.00000000000000000 ) ) ;
#2596 = VERTEX_POINT ( 'NONE', #2573 ) ;
#2597 = ADVANCED_FACE ( 'NONE', ( #147 ), #3771, .T. ) ;
#2598 = EDGE_CURVE ( 'NONE', #2485, #2264, #1646, .T. ) ;
#2599 = UNCERTAINTY_MEASURE_WITH_UNIT (LENGTH_MEASURE( 1.000000000000000082E-05 ), #2050, 'distance_accuracy_value', 'NONE');
#2600 = ADVANCED_FACE ( 'NONE', ( #3808 ), #3435, .T. ) ;
#2601 = EDGE_LOOP ( 'NONE', ( #1419, #954, #3834, #3371 ) ) ;
#2602 = DIRECTION ( 'NONE',  ( 1.176083712526648949E-16, -1.000000000000000000, -7.998074996684972405E-48 ) ) ;
#2603 = CARTESIAN_POINT ( 'NONE',  ( 14.00000000000000178, 41.75000000000000000, 9.124999999999996447 ) ) ;
#2604 = EDGE_CURVE ( 'NONE', #3277, #3071, #3520, .T. ) ;
#2605 = DIRECTION ( 'NONE',  ( 0.000000000000000000, 1.000000000000000000, 0.000000000000000000 ) ) ;
#2606 = DIRECTION ( 'NONE',  ( 1.176083712526648949E-16, -1.000000000000000000, -7.998074996684972405E-48 ) ) ;
#2607 = ORIENTED_EDGE ( 'NONE', *, *, #814, .T. ) ;
#2608 = CARTESIAN_POINT ( 'NONE',  ( 20.25000000000000711, -29.25000000000003908, 1.691355389077390072E-14 ) ) ;
#2609 = VERTEX_POINT ( 'NONE', #3209 ) ;
#2610 = LINE ( 'NONE', #232, #2096 ) ;
#2611 = DIRECTION ( 'NONE',  ( -1.000000000000000000, -1.176083712526648949E-16, 6.800600086113123653E-32 ) ) ;
#2612 = CARTESIAN_POINT ( 'NONE',  ( 26.00000000000001776, -7.500000000000007105, 25.00000000000000000 ) ) ;
#2613 = VERTEX_POINT ( 'NONE', #3171 ) ;
#2614 = VECTOR ( 'NONE', #608, 1000.000000000000000 ) ;
#2615 = LINE ( 'NONE', #1307, #2703 ) ;
#2616 = ORIENTED_EDGE ( 'NONE', *, *, #3796, .F. ) ;
#2617 = ORIENTED_EDGE ( 'NONE', *, *, #972, .F. ) ;
#2618 = CARTESIAN_POINT ( 'NONE',  ( 21.12500000000000355, -15.00000000000000178, 20.00000000000001066 ) ) ;
#2619 = ADVANCED_FACE ( 'NONE', ( #707 ), #1064, .F. ) ;
#2620 = ORIENTED_EDGE ( 'NONE', *, *, #2450, .F. ) ;
#2621 = CARTESIAN_POINT ( 'NONE',  ( 25.62500000000000711, -15.00000000000000000, 16.47879918526321674 ) ) ;
#2622 = CARTESIAN_POINT ( 'NONE',  ( 20.00000000000000000, 29.50000000000000000, 57.74999999999998579 ) ) ;
#2623 = VECTOR ( 'NONE', #2026, 1000.000000000000000 ) ;
#2624 = DIRECTION ( 'NONE',  ( -1.000000000000000000, -1.064603789369520613E-16, -6.162975822039153361E-33 ) ) ;
#2625 = CARTESIAN_POINT ( 'NONE',  ( 26.50000000000000355, -20.25000000000000355, 6.000000000000000000 ) ) ;
#2626 = ORIENTED_EDGE ( 'NONE', *, *, #711, .T. ) ;
#2627 = DIRECTION ( 'NONE',  ( 0.000000000000000000, -1.000000000000000000, 0.000000000000000000 ) ) ;
#2628 = ORIENTED_EDGE ( 'NONE', *, *, #413, .T. ) ;
#2629 = DIRECTION ( 'NONE',  ( 1.346820211686669677E-47, 1.000000000000000000, -3.965082230804130713E-16 ) ) ;
#2630 = CARTESIAN_POINT ( 'NONE',  ( 15.50000000000000000, 29.24999999999999645, 58.24999999999999289 ) ) ;
#2631 = AXIS2_PLACEMENT_3D ( 'NONE', #3688, #3629, #1849 ) ;
#2632 = CARTESIAN_POINT ( 'NONE',  ( 20.87500000000000711, -23.37500000000000711, 16.00000000000000000 ) ) ;
#2633 = ORIENTED_EDGE ( 'NONE', *, *, #2231, .T. ) ;
#2634 = CARTESIAN_POINT ( 'NONE',  ( 23.37500000000000000, 23.37500000000000000, 6.000000000000000000 ) ) ;
#2635 = ORIENTED_EDGE ( 'NONE', *, *, #297, .T. ) ;
#2636 = VERTEX_POINT ( 'NONE', #409 ) ;
#2637 = DIRECTION ( 'NONE',  ( -0.000000000000000000, -0.000000000000000000, 1.000000000000000000 ) ) ;
#2638 = DIRECTION ( 'NONE',  ( -1.972152263052529514E-31, -0.000000000000000000, 1.000000000000000000 ) ) ;
#2639 = EDGE_CURVE ( 'NONE', #1346, #3678, #1360, .T. ) ;
#2640 = AXIS2_PLACEMENT_3D ( 'NONE', #1546, #3046, #1506 ) ;
#2641 = EDGE_LOOP ( 'NONE', ( #2035, #2776, #55, #1151 ) ) ;
#2642 = CARTESIAN_POINT ( 'NONE',  ( 20.50000000000000355, 7.249999999999973355, 55.00000000000000000 ) ) ;
#2643 =( BOUNDED_CURVE ( )  B_SPLINE_CURVE ( 3, ( #3282, #774, #3576, #1114 ),
 .UNSPECIFIED., .F., .T. ) 
 B_SPLINE_CURVE_WITH_KNOTS ( ( 4, 4 ),
 ( 3.141592653589791784, 4.712388980384688786 ),
 .UNSPECIFIED. ) 
 CURVE ( )  GEOMETRIC_REPRESENTATION_ITEM ( )  RATIONAL_B_SPLINE_CURVE ( ( 1.000000000000000000, 0.8047378541243649375, 0.8047378541243649375, 1.000000000000000000 ) ) 
 REPRESENTATION_ITEM ( '' )  );
#2644 = CARTESIAN_POINT ( 'NONE',  ( 40.25000000000000711, -16.87500000000000000, 11.00000000000000000 ) ) ;
#2645 = CIRCLE ( 'NONE', #3154, 1.875000000000000000 ) ;
#2646 = CIRCLE ( 'NONE', #917, 0.5000000000000004441 ) ;
#2647 = DIRECTION ( 'NONE',  ( 3.396701841952797380E-32, -3.965082230804130713E-16, -1.000000000000000000 ) ) ;
#2648 = DIRECTION ( 'NONE',  ( 0.000000000000000000, -1.000000000000000000, 3.965082230804130713E-16 ) ) ;
#2649 = ORIENTED_EDGE ( 'NONE', *, *, #998, .F. ) ;
#2650 = DIRECTION ( 'NONE',  ( -1.000000000000000000, 1.386719069154237324E-15, -1.972152263052529514E-31 ) ) ;
#2651 = ORIENTED_EDGE ( 'NONE', *, *, #750, .T. ) ;
#2652 = DIRECTION ( 'NONE',  ( 0.000000000000000000, -0.000000000000000000, 1.000000000000000000 ) ) ;
#2653 = DIRECTION ( 'NONE',  ( -1.176083712526648949E-16, 1.000000000000000000, 0.000000000000000000 ) ) ;
#2654 = VECTOR ( 'NONE', #386, 1000.000000000000000 ) ;
#2655 = EDGE_CURVE ( 'NONE', #3322, #481, #2852, .T. ) ;
#2656 = CARTESIAN_POINT ( 'NONE',  ( 14.00000000000000178, -28.25000000000000355, 12.87499999999999645 ) ) ;
#2657 = ORIENTED_EDGE ( 'NONE', *, *, #2478, .F. ) ;
#2658 = DIRECTION ( 'NONE',  ( 1.000000000000000000, -1.386719069154237324E-15, 1.972152263052529514E-31 ) ) ;
#2659 = ORIENTED_EDGE ( 'NONE', *, *, #3716, .T. ) ;
#2660 = EDGE_CURVE ( 'NONE', #2728, #3584, #1753, .T. ) ;
#2661 = DIRECTION ( 'NONE',  ( 1.000000000000000000, 0.000000000000000000, 0.000000000000000000 ) ) ;
#2662 = ORIENTED_EDGE ( 'NONE', *, *, #2246, .F. ) ;
#2663 = CARTESIAN_POINT ( 'NONE',  ( 23.37500000000000000, 23.37500000000000000, 6.000000000000000000 ) ) ;
#2664 = CYLINDRICAL_SURFACE ( 'NONE', #932, 1.875000000000000000 ) ;
#2665 = ADVANCED_FACE ( 'NONE', ( #1792 ), #271, .F. ) ;
#2666 = ADVANCED_FACE ( 'NONE', ( #1463 ), #3007, .T. ) ;
#2667 = DIRECTION ( 'NONE',  ( -1.000000000000000000, -1.176083712526648949E-16, 6.800600086113123653E-32 ) ) ;
#2668 = EDGE_CURVE ( 'NONE', #3424, #229, #1127, .T. ) ;
#2669 = CARTESIAN_POINT ( 'NONE',  ( 23.37500000000000000, 23.37500000000000000, 16.00000000000000000 ) ) ;
#2670 = ORIENTED_EDGE ( 'NONE', *, *, #582, .F. ) ;
#2671 = CARTESIAN_POINT ( 'NONE',  ( 21.12500000000001421, -7.999999999999863221, 25.00000000000000000 ) ) ;
#2672 = ORIENTED_EDGE ( 'NONE', *, *, #3665, .T. ) ;
#2673 = VERTEX_POINT ( 'NONE', #2656 ) ;
#2674 = CARTESIAN_POINT ( 'NONE',  ( 20.50000000000000355, 14.99999999999999645, 16.00000000000000000 ) ) ;
#2675 = DIRECTION ( 'NONE',  ( -1.176083712526648949E-16, 1.000000000000000000, -3.965082230804130713E-16 ) ) ;
#2676 = EDGE_CURVE ( 'NONE', #158, #1108, #807, .T. ) ;
#2677 = DIRECTION ( 'NONE',  ( 1.000000000000000000, 0.000000000000000000, 1.972152263052529514E-31 ) ) ;
#2678 = ORIENTED_EDGE ( 'NONE', *, *, #1694, .F. ) ;
#2679 = DIRECTION ( 'NONE',  ( 0.000000000000000000, 1.000000000000000000, 0.000000000000000000 ) ) ;
#2680 = CARTESIAN_POINT ( 'NONE',  ( 26.00000000000000355, 9.999999999999994671, 20.00000000000000355 ) ) ;
#2681 = CARTESIAN_POINT ( 'NONE',  ( 15.50000000000000000, 29.50000000000000000, 58.24999999999999289 ) ) ;
#2682 = VERTEX_POINT ( 'NONE', #2632 ) ;
#2683 = CARTESIAN_POINT ( 'NONE',  ( 15.25000000000000000, 26.75000000000000000, 57.74999999999998579 ) ) ;
#2684 = LINE ( 'NONE', #2984, #3597 ) ;
#2685 = CARTESIAN_POINT ( 'NONE',  ( 21.12500000000001066, 9.999999999999994671, 20.00000000000000355 ) ) ;
#2686 = ORIENTED_EDGE ( 'NONE', *, *, #1940, .T. ) ;
#2687 = CYLINDRICAL_SURFACE ( 'NONE', #1231, 0.2500000000000002220 ) ;
#2688 = VERTEX_POINT ( 'NONE', #3527 ) ;
#2689 = VERTEX_POINT ( 'NONE', #557 ) ;
#2690 = CARTESIAN_POINT ( 'NONE',  ( 20.25000000000000000, 23.00000000000000000, 57.99999999999999289 ) ) ;
#2691 = DIRECTION ( 'NONE',  ( 0.000000000000000000, 0.000000000000000000, -1.000000000000000000 ) ) ;
#2692 = DIRECTION ( 'NONE',  ( -3.396701841952797380E-32, 3.965082230804130713E-16, 1.000000000000000000 ) ) ;
#2693 = ORIENTED_EDGE ( 'NONE', *, *, #3761, .T. ) ;
#2694 = FACE_OUTER_BOUND ( 'NONE', #637, .T. ) ;
#2695 = ORIENTED_EDGE ( 'NONE', *, *, #3372, .F. ) ;
#2696 = DIRECTION ( 'NONE',  ( 1.000000000000000000, 0.000000000000000000, -0.000000000000000000 ) ) ;
#2697 = FACE_OUTER_BOUND ( 'NONE', #2888, .T. ) ;
#2698 = CIRCLE ( 'NONE', #1989, 2.500000000000003109 ) ;
#2699 = EDGE_CURVE ( 'NONE', #1829, #1002, #3651, .T. ) ;
#2700 = CARTESIAN_POINT ( 'NONE',  ( 20.25000000000000355, -7.250000000000006217, 24.50000000000000000 ) ) ;
#2701 = DIRECTION ( 'NONE',  ( 1.000000000000000000, 0.000000000000000000, 0.000000000000000000 ) ) ;
#2702 = EDGE_LOOP ( 'NONE', ( #177, #725, #2842, #911 ) ) ;
#2703 = VECTOR ( 'NONE', #3235, 1000.000000000000000 ) ;
#2704 = CARTESIAN_POINT ( 'NONE',  ( 21.12500000000001066, -9.999999999999998224, 24.50000000000001066 ) ) ;
#2705 = VECTOR ( 'NONE', #977, 1000.000000000000000 ) ;
#2706 = VECTOR ( 'NONE', #3339, 1000.000000000000000 ) ;
#2707 = ORIENTED_EDGE ( 'NONE', *, *, #3873, .T. ) ;
#2708 = VERTEX_POINT ( 'NONE', #2712 ) ;
#2709 = CARTESIAN_POINT ( 'NONE',  ( 26.75000000000000355, 17.50000000000000000, 55.24999999999999289 ) ) ;
#2710 = AXIS2_PLACEMENT_3D ( 'NONE', #2873, #135, #3423 ) ;
#2711 = CARTESIAN_POINT ( 'NONE',  ( 20.75000000000000355, -14.50000000000000178, 16.00000000000000000 ) ) ;
#2712 = CARTESIAN_POINT ( 'NONE',  ( 20.25000000000000355, -7.249999999999992895, 55.00000000000000000 ) ) ;
#2713 = ORIENTED_EDGE ( 'NONE', *, *, #301, .T. ) ;
#2714 = DIRECTION ( 'NONE',  ( 0.000000000000000000, 0.000000000000000000, 1.000000000000000000 ) ) ;
#2715 = EDGE_CURVE ( 'NONE', #318, #1965, #520, .T. ) ;
#2716 = VERTEX_POINT ( 'NONE', #2347 ) ;
#2717 = EDGE_CURVE ( 'NONE', #306, #1730, #1605, .T. ) ;
#2718 = AXIS2_PLACEMENT_3D ( 'NONE', #3170, #2250, #2211 ) ;
#2719 = DIRECTION ( 'NONE',  ( -0.000000000000000000, -0.000000000000000000, -1.000000000000000000 ) ) ;
#2720 = AXIS2_PLACEMENT_3D ( 'NONE', #437, #3561, #1118 ) ;
#2721 = AXIS2_PLACEMENT_3D ( 'NONE', #482, #2917, #3498 ) ;
#2722 = CARTESIAN_POINT ( 'NONE',  ( 26.25000000000000355, 7.499999999999860556, 24.93301270189222052 ) ) ;
#2723 = AXIS2_PLACEMENT_3D ( 'NONE', #457, #162, #2039 ) ;
#2724 = EDGE_CURVE ( 'NONE', #593, #1229, #3781, .T. ) ;
#2725 = LINE ( 'NONE', #1933, #1816 ) ;
#2726 = ADVANCED_FACE ( 'NONE', ( #2992 ), #787, .F. ) ;
#2727 = LINE ( 'NONE', #3302, #2706 ) ;
#2728 = VERTEX_POINT ( 'NONE', #2370 ) ;
#2729 = CARTESIAN_POINT ( 'NONE',  ( 20.00000000000000000, 26.74999999999999645, 61.00000000000000000 ) ) ;
#2730 = ORIENTED_EDGE ( 'NONE', *, *, #1472, .F. ) ;
#2731 = VERTEX_POINT ( 'NONE', #2027 ) ;
#2732 = FACE_OUTER_BOUND ( 'NONE', #2916, .T. ) ;
#2733 = CARTESIAN_POINT ( 'NONE',  ( 20.87500000000000711, -23.37500000000000711, 6.000000000000000000 ) ) ;
#2734 = DIRECTION ( 'NONE',  ( -0.000000000000000000, -0.000000000000000000, 1.000000000000000000 ) ) ;
#2735 = ORIENTED_EDGE ( 'NONE', *, *, #2450, .T. ) ;
#2736 = APPROVAL_STATUS ( 'not_yet_approved' ) ;
#2737 = ORIENTED_EDGE ( 'NONE', *, *, #1691, .T. ) ;
#2738 = DIRECTION ( 'NONE',  ( -3.396701841952797380E-32, 3.965082230804130713E-16, 1.000000000000000000 ) ) ;
#2739 = DIRECTION ( 'NONE',  ( 1.000000000000000000, 0.000000000000000000, 0.000000000000000000 ) ) ;
#2740 = CARTESIAN_POINT ( 'NONE',  ( 65.25000000000000000, -7.500000000000007105, 9.035018104045886718E-16 ) ) ;
#2741 = EDGE_CURVE ( 'NONE', #802, #141, #1412, .T. ) ;
#2742 = CARTESIAN_POINT ( 'NONE',  ( 20.25000000000000711, -23.00000000000000000, 57.99999999999998579 ) ) ;
#2743 = ORIENTED_EDGE ( 'NONE', *, *, #1178, .F. ) ;
#2744 = DIRECTION ( 'NONE',  ( -1.541976423090494844E-15, -1.000000000000000000, 7.709882115452474222E-16 ) ) ;
#2745 = ORIENTED_EDGE ( 'NONE', *, *, #1898, .F. ) ;
#2746 = ORIENTED_EDGE ( 'NONE', *, *, #2811, .F. ) ;
#2747 = DIRECTION ( 'NONE',  ( -1.000000000000000000, -1.176083712526648949E-16, 6.800600086113123653E-32 ) ) ;
#2748 = DIRECTION ( 'NONE',  ( -0.000000000000000000, -1.000000000000000000, -0.000000000000000000 ) ) ;
#2749 = ADVANCED_FACE ( 'NONE', ( #3910 ), #3656, .T. ) ;
#2750 = VECTOR ( 'NONE', #849, 1000.000000000000000 ) ;
#2751 = FACE_OUTER_BOUND ( 'NONE', #3266, .T. ) ;
#2752 = VERTEX_POINT ( 'NONE', #3848 ) ;
#2753 = PERSON_AND_ORGANIZATION ( #1167, #1173 ) ;
#2754 = VECTOR ( 'NONE', #1400, 1000.000000000000000 ) ;
#2755 = ORIENTED_EDGE ( 'NONE', *, *, #1410, .T. ) ;
#2756 = FACE_OUTER_BOUND ( 'NONE', #2765, .T. ) ;
#2757 = CARTESIAN_POINT ( 'NONE',  ( 20.75000000000000355, -15.00000000000000355, 61.00000000000000000 ) ) ;
#2758 = ORIENTED_EDGE ( 'NONE', *, *, #3495, .T. ) ;
#2759 = CIRCLE ( 'NONE', #3456, 0.5000000000000004441 ) ;
#2760 = VECTOR ( 'NONE', #2221, 1000.000000000000000 ) ;
#2761 = DIRECTION ( 'NONE',  ( 0.000000000000000000, -1.000000000000000000, 0.000000000000000000 ) ) ;
#2762 = EDGE_CURVE ( 'NONE', #3391, #2074, #3078, .T. ) ;
#2763 = CIRCLE ( 'NONE', #2309, 0.2500000000000002220 ) ;
#2764 = CARTESIAN_POINT ( 'NONE',  ( 25.62500000000000711, 9.999999999999994671, 20.00000000000000355 ) ) ;
#2765 = EDGE_LOOP ( 'NONE', ( #1198, #446, #1004, #3340 ) ) ;
#2766 = CARTESIAN_POINT ( 'NONE',  ( 20.25000000000000355, -10.00000000000000355, 20.00000000000001066 ) ) ;
#2767 = VERTEX_POINT ( 'NONE', #507 ) ;
#2768 = CARTESIAN_POINT ( 'NONE',  ( 1.500000000000001332, 30.25000000000000000, 16.00000000000000000 ) ) ;
#2769 = EDGE_CURVE ( 'NONE', #1322, #186, #1727, .T. ) ;
#2770 = CARTESIAN_POINT ( 'NONE',  ( 26.50000000000000355, -20.25000000000000355, 16.00000000000000000 ) ) ;
#2771 = AXIS2_PLACEMENT_3D ( 'NONE', #1638, #365, #423 ) ;
#2772 = AXIS2_PLACEMENT_3D ( 'NONE', #2064, #1701, #2627 ) ;
#2773 = FACE_OUTER_BOUND ( 'NONE', #2969, .T. ) ;
#2774 = DIRECTION ( 'NONE',  ( 0.000000000000000000, -0.000000000000000000, 1.000000000000000000 ) ) ;
#2775 = ORIENTED_EDGE ( 'NONE', *, *, #3054, .F. ) ;
#2776 = ORIENTED_EDGE ( 'NONE', *, *, #2520, .T. ) ;
#2777 = APPROVAL_PERSON_ORGANIZATION ( #2753, #3111, #1280 ) ;
#2778 = VECTOR ( 'NONE', #3160, 1000.000000000000000 ) ;
#2779 = EDGE_CURVE ( 'NONE', #613, #3440, #1427, .T. ) ;
#2780 = CARTESIAN_POINT ( 'NONE',  ( 15.50000000000000355, 1.822929754416306302E-15, 61.00000000000000000 ) ) ;
#2781 = DIRECTION ( 'NONE',  ( 0.000000000000000000, -1.000000000000000000, 0.000000000000000000 ) ) ;
#2782 = ORIENTED_EDGE ( 'NONE', *, *, #1471, .F. ) ;
#2783 = EDGE_CURVE ( 'NONE', #3260, #323, #3630, .T. ) ;
#2784 = VECTOR ( 'NONE', #352, 1000.000000000000000 ) ;
#2785 = LINE ( 'NONE', #35, #2192 ) ;
#2786 = ORIENTED_EDGE ( 'NONE', *, *, #1052, .T. ) ;
#2787 = DIRECTION ( 'NONE',  ( 0.000000000000000000, 1.000000000000000000, 0.000000000000000000 ) ) ;
#2788 = VERTEX_POINT ( 'NONE', #1246 ) ;
#2789 = ADVANCED_FACE ( 'NONE', ( #2751 ), #349, .F. ) ;
#2790 = CYLINDRICAL_SURFACE ( 'NONE', #2841, 0.2500000000000002220 ) ;
#2791 = LINE ( 'NONE', #2240, #3653 ) ;
#2792 = CARTESIAN_POINT ( 'NONE',  ( 25.62500000000000711, 14.99999999999999645, 16.47879918526321674 ) ) ;
#2793 = FACE_OUTER_BOUND ( 'NONE', #751, .T. ) ;
#2794 = ORIENTED_EDGE ( 'NONE', *, *, #2420, .F. ) ;
#2795 = LINE ( 'NONE', #672, #1499 ) ;
#2796 = ADVANCED_FACE ( 'NONE', ( #2491 ), #8, .T. ) ;
#2797 = CARTESIAN_POINT ( 'NONE',  ( 25.12500000000001066, -8.410740232051090004, 24.50000000000000000 ) ) ;
#2798 = CARTESIAN_POINT ( 'NONE',  ( 25.62500000000000711, 14.49999999999999467, 20.00000000000000355 ) ) ;
#2799 = ORIENTED_EDGE ( 'NONE', *, *, #455, .T. ) ;
#2800 = DIRECTION ( 'NONE',  ( -8.566535683836086715E-17, 1.000000000000000000, -1.204669080539449590E-16 ) ) ;
#2801 = VECTOR ( 'NONE', #2747, 1000.000000000000000 ) ;
#2802 = ORIENTED_EDGE ( 'NONE', *, *, #1239, .T. ) ;
#2803 = CARTESIAN_POINT ( 'NONE',  ( 26.00000000000000355, 9.999999999999994671, 25.00000000000000000 ) ) ;
#2804 = ORIENTED_EDGE ( 'NONE', *, *, #3037, .F. ) ;
#2805 = LINE ( 'NONE', #2220, #2559 ) ;
#2806 = CARTESIAN_POINT ( 'NONE',  ( 26.50000000000001776, 14.99999999999999467, 20.00000000000000355 ) ) ;
#2807 = CYLINDRICAL_SURFACE ( 'NONE', #2180, 2.000000000000001776 ) ;
#2808 = CARTESIAN_POINT ( 'NONE',  ( 1.500000000000001332, -20.25000000000000355, 16.00000000000000000 ) ) ;
#2809 = ORIENTED_EDGE ( 'NONE', *, *, #2254, .F. ) ;
#2810 = PERSON_AND_ORGANIZATION_ROLE ( 'design_supplier' ) ;
#2811 = EDGE_CURVE ( 'NONE', #3812, #205, #1566, .T. ) ;
#2812 = CARTESIAN_POINT ( 'NONE',  ( 15.50000000000000711, -26.75000000000000711, 57.75000000000000711 ) ) ;
#2813 = CARTESIAN_POINT ( 'NONE',  ( 26.00000000000000355, -9.999999999999998224, 24.50000000000001066 ) ) ;
#2814 = DIRECTION ( 'NONE',  ( -1.000000000000000000, 0.000000000000000000, -0.000000000000000000 ) ) ;
#2815 = ORIENTED_EDGE ( 'NONE', *, *, #2461, .F. ) ;
#2816 = AXIS2_PLACEMENT_3D ( 'NONE', #1125, #1082, #1143 ) ;
#2817 = APPROVAL ( #3671, 'UNSPECIFIED' ) ;
#2818 = ADVANCED_FACE ( 'NONE', ( #2183 ), #947, .T. ) ;
#2819 = LINE ( 'NONE', #340, #2576 ) ;
#2820 = AXIS2_PLACEMENT_3D ( 'NONE', #3654, #2814, #302 ) ;
#2821 = ORIENTED_EDGE ( 'NONE', *, *, #3882, .T. ) ;
#2822 = DIRECTION ( 'NONE',  ( -0.000000000000000000, 0.000000000000000000, 1.000000000000000000 ) ) ;
#2823 = ORIENTED_EDGE ( 'NONE', *, *, #1166, .T. ) ;
#2824 = AXIS2_PLACEMENT_3D ( 'NONE', #2106, #592, #2432 ) ;
#2825 = DIRECTION ( 'NONE',  ( -3.396701841952797380E-32, 3.965082230804130713E-16, 1.000000000000000000 ) ) ;
#2826 = CARTESIAN_POINT ( 'NONE',  ( 20.75000000000000355, 1.777556154395988076E-15, 24.50000000000000000 ) ) ;
#2827 = FACE_OUTER_BOUND ( 'NONE', #2535, .T. ) ;
#2828 = DIRECTION ( 'NONE',  ( 1.000000000000000000, 8.566535683836089180E-17, -1.094764425253763580E-47 ) ) ;
#2829 = VERTEX_POINT ( 'NONE', #3406 ) ;
#2830 = FACE_BOUND ( 'NONE', #602, .T. ) ;
#2831 = DIRECTION ( 'NONE',  ( 1.000000000000000000, 8.566535683836085482E-17, 0.000000000000000000 ) ) ;
#2832 = CARTESIAN_POINT ( 'NONE',  ( 20.25000000000000000, 25.00000000000000000, 57.99999999999999289 ) ) ;
#2833 = VERTEX_POINT ( 'NONE', #2808 ) ;
#2834 = ADVANCED_FACE ( 'NONE', ( #908, #2793 ), #644, .T. ) ;
#2835 = FACE_OUTER_BOUND ( 'NONE', #1086, .T. ) ;
#2836 = VECTOR ( 'NONE', #709, 1000.000000000000000 ) ;
#2837 = EDGE_CURVE ( 'NONE', #44, #2596, #2763, .T. ) ;
#2838 = EDGE_CURVE ( 'NONE', #2862, #3785, #610, .T. ) ;
#2839 = DIRECTION ( 'NONE',  ( -1.386719069154237324E-15, -1.000000000000000000, 2.089912683781590277E-49 ) ) ;
#2840 = ADVANCED_FACE ( 'NONE', ( #3949 ), #3089, .T. ) ;
#2841 = AXIS2_PLACEMENT_3D ( 'NONE', #1295, #2860, #2205 ) ;
#2842 = ORIENTED_EDGE ( 'NONE', *, *, #1999, .F. ) ;
#2843 = LINE ( 'NONE', #2528, #1494 ) ;
#2844 = ORIENTED_EDGE ( 'NONE', *, *, #1944, .F. ) ;
#2845 = CARTESIAN_POINT ( 'NONE',  ( 1.500000000000001332, 20.24999999999999645, 6.000000000000000000 ) ) ;
#2846 = DIRECTION ( 'NONE',  ( -0.000000000000000000, 0.000000000000000000, 1.000000000000000000 ) ) ;
#2847 = CARTESIAN_POINT ( 'NONE',  ( 20.25000000000000000, 23.00000000000000000, 57.99999999999999289 ) ) ;
#2848 = CYLINDRICAL_SURFACE ( 'NONE', #718, 0.2500000000000002220 ) ;
#2849 = VERTEX_POINT ( 'NONE', #1866 ) ;
#2850 = FACE_OUTER_BOUND ( 'NONE', #3826, .T. ) ;
#2851 = LINE ( 'NONE', #826, #3321 ) ;
#2852 = LINE ( 'NONE', #1030, #901 ) ;
#2853 = ORIENTED_EDGE ( 'NONE', *, *, #358, .T. ) ;
#2854 = CARTESIAN_POINT ( 'NONE',  ( 23.37500000000000355, -23.37500000000000711, 6.000000000000000000 ) ) ;
#2855 = AXIS2_PLACEMENT_3D ( 'NONE', #1415, #3859, #3242 ) ;
#2856 = DIRECTION ( 'NONE',  ( 0.000000000000000000, 0.000000000000000000, -1.000000000000000000 ) ) ;
#2857 = VERTEX_POINT ( 'NONE', #668 ) ;
#2858 = DIRECTION ( 'NONE',  ( -0.000000000000000000, 1.000000000000000000, -0.000000000000000000 ) ) ;
#2859 = DIRECTION ( 'NONE',  ( -1.000000000000000000, -1.176083712526648949E-16, 6.800600086113123653E-32 ) ) ;
#2860 = DIRECTION ( 'NONE',  ( 0.000000000000000000, 1.000000000000000000, -3.965082230804130713E-16 ) ) ;
#2861 = LINE ( 'NONE', #524, #1926 ) ;
#2862 = VERTEX_POINT ( 'NONE', #1812 ) ;
#2863 = DIRECTION ( 'NONE',  ( 0.000000000000000000, -1.000000000000000000, 0.000000000000000000 ) ) ;
#2864 = ORIENTED_EDGE ( 'NONE', *, *, #1176, .T. ) ;
#2865 = ORIENTED_EDGE ( 'NONE', *, *, #2999, .F. ) ;
#2866 = DIRECTION ( 'NONE',  ( -1.000000000000000000, -1.386719069154237324E-15, -1.972152263052529514E-31 ) ) ;
#2867 = PLANE ( 'NONE',  #3927 ) ;
#2868 = EDGE_CURVE ( 'NONE', #205, #2708, #27, .T. ) ;
#2869 = CARTESIAN_POINT ( 'NONE',  ( 20.00000000000000355, 17.50000000000000000, 55.24999999999999289 ) ) ;
#2870 = VERTEX_POINT ( 'NONE', #2414 ) ;
#2871 = DIRECTION ( 'NONE',  ( -1.000000000000000000, 0.000000000000000000, 0.000000000000000000 ) ) ;
#2872 = EDGE_LOOP ( 'NONE', ( #3032, #2141, #3121, #410 ) ) ;
#2873 = CARTESIAN_POINT ( 'NONE',  ( 15.50000000000000711, -29.25000000000003553, 1.691355389077389757E-14 ) ) ;
#2874 = LINE ( 'NONE', #3816, #733 ) ;
#2875 = ADVANCED_FACE ( 'NONE', ( #43 ), #3669, .T. ) ;
#2876 = CARTESIAN_POINT ( 'NONE',  ( 25.12500000000001066, 8.410740232051090004, 24.50000000000000000 ) ) ;
#2877 = CARTESIAN_POINT ( 'NONE',  ( 20.00000000000000711, -26.75000000000000000, 60.75000000000000000 ) ) ;
#2878 = VECTOR ( 'NONE', #1268, 1000.000000000000000 ) ;
#2879 = ORIENTED_EDGE ( 'NONE', *, *, #1957, .T. ) ;
#2880 = CARTESIAN_POINT ( 'NONE',  ( 14.00000000000000178, -28.25000000000000355, 10.99999999999999645 ) ) ;
#2881 = ORIENTED_EDGE ( 'NONE', *, *, #3482, .F. ) ;
#2882 = AXIS2_PLACEMENT_3D ( 'NONE', #329, #2533, #683 ) ;
#2883 = DIRECTION ( 'NONE',  ( 0.000000000000000000, -1.000000000000000000, 0.000000000000000000 ) ) ;
#2884 = DIRECTION ( 'NONE',  ( -0.000000000000000000, 0.000000000000000000, 1.000000000000000000 ) ) ;
#2885 = CARTESIAN_POINT ( 'NONE',  ( 20.25000000000000355, 1.734723475976807489E-15, 6.000000000000000000 ) ) ;
#2886 = ORIENTED_EDGE ( 'NONE', *, *, #3015, .T. ) ;
#2887 = LINE ( 'NONE', #2253, #2009 ) ;
#2888 = EDGE_LOOP ( 'NONE', ( #808, #3174, #3905, #2273 ) ) ;
#2889 = ADVANCED_FACE ( 'NONE', ( #3647 ), #2127, .T. ) ;
#2890 = VECTOR ( 'NONE', #191, 1000.000000000000000 ) ;
#2891 = CIRCLE ( 'NONE', #1997, 0.2500000000000002220 ) ;
#2892 = CIRCLE ( 'NONE', #1170, 1.875000000000000000 ) ;
#2893 = CIRCLE ( 'NONE', #1171, 1.000000000000000888 ) ;
#2894 = EDGE_CURVE ( 'NONE', #163, #3664, #1091, .T. ) ;
#2895 = VECTOR ( 'NONE', #2036, 1000.000000000000000 ) ;
#2896 = ORIENTED_EDGE ( 'NONE', *, *, #2321, .F. ) ;
#2897 = CARTESIAN_POINT ( 'NONE',  ( 25.75000000000000355, 17.50000000000000000, 60.75000000000000000 ) ) ;
#2898 = CARTESIAN_POINT ( 'NONE',  ( 40.25000000000000711, 13.12500000000001066, 10.99999999999999645 ) ) ;
#2899 = VECTOR ( 'NONE', #2166, 1000.000000000000000 ) ;
#2900 = CARTESIAN_POINT ( 'NONE',  ( 20.87499999999999645, 23.37500000000000000, 6.000000000000000000 ) ) ;
#2901 = VECTOR ( 'NONE', #2871, 1000.000000000000000 ) ;
#2902 = DIRECTION ( 'NONE',  ( 0.000000000000000000, -1.000000000000000000, 0.000000000000000000 ) ) ;
#2903 = ORIENTED_EDGE ( 'NONE', *, *, #3666, .T. ) ;
#2904 = AXIS2_PLACEMENT_3D ( 'NONE', #1155, #3169, #428 ) ;
#2905 = DIRECTION ( 'NONE',  ( -1.386719069154237324E-15, -1.000000000000000000, 2.089912683781590277E-49 ) ) ;
#2906 = VERTEX_POINT ( 'NONE', #1850 ) ;
#2907 = EDGE_CURVE ( 'NONE', #772, #1201, #3066, .T. ) ;
#2908 = CARTESIAN_POINT ( 'NONE',  ( 21.62500000000000355, 17.03874960282693607, 13.99699993145565635 ) ) ;
#2909 = DIRECTION ( 'NONE',  ( 0.000000000000000000, 0.000000000000000000, 1.000000000000000000 ) ) ;
#2910 = FACE_OUTER_BOUND ( 'NONE', #1485, .T. ) ;
#2911 = ORIENTED_EDGE ( 'NONE', *, *, #2219, .T. ) ;
#2912 = DIRECTION ( 'NONE',  ( 0.000000000000000000, 1.000000000000000000, 0.000000000000000000 ) ) ;
#2913 = ORIENTED_EDGE ( 'NONE', *, *, #3731, .F. ) ;
#2914 = EDGE_CURVE ( 'NONE', #3010, #2190, #1357, .T. ) ;
#2915 = DESIGN_CONTEXT ( 'detailed design', #2403, 'design' ) ;
#2916 = EDGE_LOOP ( 'NONE', ( #3902, #2480, #3296, #3407 ) ) ;
#2917 = DIRECTION ( 'NONE',  ( -1.000000000000000000, -1.064603789369520613E-16, -6.162975822039153361E-33 ) ) ;
#2918 = CARTESIAN_POINT ( 'NONE',  ( 20.25000000000000355, 17.50000000000000000, 55.24999999999999289 ) ) ;
#2919 = CARTESIAN_POINT ( 'NONE',  ( 14.00000000000000178, -20.25000000000000355, 10.99999999999999645 ) ) ;
#2920 = PLANE ( 'NONE',  #293 ) ;
#2921 = ORIENTED_EDGE ( 'NONE', *, *, #3811, .T. ) ;
#2922 = DIRECTION ( 'NONE',  ( 0.000000000000000000, 1.000000000000000000, 0.000000000000000000 ) ) ;
#2923 = VERTEX_POINT ( 'NONE', #2551 ) ;
#2924 = DIRECTION ( 'NONE',  ( 3.396701841952797380E-32, -3.965082230804130713E-16, -1.000000000000000000 ) ) ;
#2925 = CARTESIAN_POINT ( 'NONE',  ( 26.00000000000000355, 14.49999999999999467, 61.00000000000000000 ) ) ;
#2926 = DIRECTION ( 'NONE',  ( -1.000000000000000000, -8.566535683836085482E-17, -0.000000000000000000 ) ) ;
#2927 = ORIENTED_EDGE ( 'NONE', *, *, #461, .T. ) ;
#2928 = AXIS2_PLACEMENT_3D ( 'NONE', #1505, #1809, #310 ) ;
#2929 = CARTESIAN_POINT ( 'NONE',  ( 26.00000000000000355, 9.999999999999994671, 25.00000000000000000 ) ) ;
#2930 = EDGE_CURVE ( 'NONE', #2328, #3343, #204, .T. ) ;
#2931 = ORIENTED_EDGE ( 'NONE', *, *, #3124, .F. ) ;
#2932 = CARTESIAN_POINT ( 'NONE',  ( 20.25000000000000000, 14.99999999999999645, 16.00000000000000000 ) ) ;
#2933 = CYLINDRICAL_SURFACE ( 'NONE', #200, 0.2500000000000002220 ) ;
#2934 = ORIENTED_EDGE ( 'NONE', *, *, #3541, .T. ) ;
#2935 = CARTESIAN_POINT ( 'NONE',  ( 26.00000000000000355, -10.00000000000000355, 20.00000000000001066 ) ) ;
#2936 = CARTESIAN_POINT ( 'NONE',  ( 15.25000000000000000, 26.74999999999999645, 58.24999999999999289 ) ) ;
#2937 = VECTOR ( 'NONE', #2611, 1000.000000000000000 ) ;
#2938 = DIRECTION ( 'NONE',  ( -1.000000000000000000, 0.000000000000000000, 0.000000000000000000 ) ) ;
#2939 = CARTESIAN_POINT ( 'NONE',  ( 15.50000000000000711, -26.75000000000000355, 58.24999999999999289 ) ) ;
#2940 = ORIENTED_EDGE ( 'NONE', *, *, #3638, .T. ) ;
#2941 = PLANE ( 'NONE',  #538 ) ;
#2942 = ORIENTED_EDGE ( 'NONE', *, *, #3194, .T. ) ;
#2943 = EDGE_CURVE ( 'NONE', #323, #1748, #62, .T. ) ;
#2944 = CARTESIAN_POINT ( 'NONE',  ( 26.50000000000000355, 30.25000000000000000, 6.000000000000000000 ) ) ;
#2945 = DIRECTION ( 'NONE',  ( 1.972152263052529514E-31, 0.000000000000000000, -1.000000000000000000 ) ) ;
#2946 = AXIS2_PLACEMENT_3D ( 'NONE', #3274, #2327, #829 ) ;
#2947 = AXIS2_PLACEMENT_3D ( 'NONE', #2448, #2748, #945 ) ;
#2948 = DIRECTION ( 'NONE',  ( -1.000000000000000000, 0.000000000000000000, 0.000000000000000000 ) ) ;
#2949 = ORIENTED_EDGE ( 'NONE', *, *, #1010, .T. ) ;
#2950 = DIRECTION ( 'NONE',  ( -1.000000000000000000, -8.566535683836087947E-17, 0.000000000000000000 ) ) ;
#2951 = AXIS2_PLACEMENT_3D ( 'NONE', #1190, #3329, #294 ) ;
#2952 = EDGE_LOOP ( 'NONE', ( #2348, #2635, #1826, #1855 ) ) ;
#2953 = CARTESIAN_POINT ( 'NONE',  ( 20.00000000000000000, 26.74999999999999645, 61.00000000000000000 ) ) ;
#2954 = EDGE_CURVE ( 'NONE', #1002, #568, #3280, .T. ) ;
#2955 = LINE ( 'NONE', #2054, #1218 ) ;
#2956 = ADVANCED_FACE ( 'NONE', ( #3428 ), #2848, .T. ) ;
#2957 = ADVANCED_FACE ( 'NONE', ( #2588, #2266 ), #1950, .F. ) ;
#2958 = CIRCLE ( 'NONE', #2640, 0.2500000000000002220 ) ;
#2959 = VECTOR ( 'NONE', #3465, 1000.000000000000000 ) ;
#2960 = EDGE_LOOP ( 'NONE', ( #2040, #1932, #207, #2886 ) ) ;
#2961 = CARTESIAN_POINT ( 'NONE',  ( 15.50000000000000711, -26.75000000000000000, 60.75000000000000000 ) ) ;
#2962 = DIRECTION ( 'NONE',  ( -0.000000000000000000, -1.000000000000000000, -0.000000000000000000 ) ) ;
#2963 = VECTOR ( 'NONE', #1273, 1000.000000000000000 ) ;
#2964 = ADVANCED_FACE ( 'NONE', ( #3504 ), #1278, .T. ) ;
#2965 = CARTESIAN_POINT ( 'NONE',  ( 20.75000000000000355, 14.99999999999999467, 20.00000000000000355 ) ) ;
#2966 = CARTESIAN_POINT ( 'NONE',  ( 1.500000000000001332, -20.25000000000000355, 16.00000000000000000 ) ) ;
#2967 = ORIENTED_EDGE ( 'NONE', *, *, #1187, .T. ) ;
#2968 = CARTESIAN_POINT ( 'NONE',  ( 1.500000000000001332, 0.000000000000000000, 6.000000000000000000 ) ) ;
#2969 = EDGE_LOOP ( 'NONE', ( #2678, #3381, #2067, #1907 ) ) ;
#2970 = EDGE_LOOP ( 'NONE', ( #889, #2657 ) ) ;
#2971 = CARTESIAN_POINT ( 'NONE',  ( 1.500000000000001332, 30.25000000000000000, 6.000000000000000000 ) ) ;
#2972 = LINE ( 'NONE', #3293, #2998 ) ;
#2973 = VECTOR ( 'NONE', #193, 1000.000000000000000 ) ;
#2974 = AXIS2_PLACEMENT_3D ( 'NONE', #1281, #3432, #992 ) ;
#2975 = CARTESIAN_POINT ( 'NONE',  ( 20.75000000000000355, -10.00000000000000355, 20.00000000000001066 ) ) ;
#2976 = ORIENTED_EDGE ( 'NONE', *, *, #876, .F. ) ;
#2977 = ORIENTED_EDGE ( 'NONE', *, *, #2184, .F. ) ;
#2978 = CYLINDRICAL_SURFACE ( 'NONE', #287, 2.749999999999999112 ) ;
#2979 = AXIS2_PLACEMENT_3D ( 'NONE', #1636, #117, #436 ) ;
#2980 = LINE ( 'NONE', #1470, #131 ) ;
#2981 = ORIENTED_EDGE ( 'NONE', *, *, #1649, .T. ) ;
#2982 = CARTESIAN_POINT ( 'NONE',  ( 25.62500000000000711, 14.99999999999999645, 16.47879918526321674 ) ) ;
#2983 = AXIS2_PLACEMENT_3D ( 'NONE', #2936, #775, #3560 ) ;
#2984 = CARTESIAN_POINT ( 'NONE',  ( 26.75000000000000355, 17.50000000000000000, 60.75000000000000000 ) ) ;
#2985 = DIRECTION ( 'NONE',  ( -1.000000000000000000, -1.176083712526648949E-16, 6.800600086113123653E-32 ) ) ;
#2986 = EDGE_LOOP ( 'NONE', ( #1159, #3743 ) ) ;
#2987 = CARTESIAN_POINT ( 'NONE',  ( 26.33634259273322797, -7.500000000000007105, 24.88316278273515891 ) ) ;
#2988 = ORIENTED_EDGE ( 'NONE', *, *, #2527, .T. ) ;
#2989 = VERTEX_POINT ( 'NONE', #1981 ) ;
#2990 = FACE_OUTER_BOUND ( 'NONE', #554, .T. ) ;
#2991 = CARTESIAN_POINT ( 'NONE',  ( 20.25000000000000711, -25.00000000000000000, 57.99999999999998579 ) ) ;
#2992 = FACE_OUTER_BOUND ( 'NONE', #2252, .T. ) ;
#2993 = VERTEX_POINT ( 'NONE', #3203 ) ;
#2994 = ORIENTED_EDGE ( 'NONE', *, *, #765, .T. ) ;
#2995 = ADVANCED_FACE ( 'NONE', ( #1640 ), #2567, .F. ) ;
#2996 = DIRECTION ( 'NONE',  ( -1.000000000000000000, -8.566535683836085482E-17, 0.000000000000000000 ) ) ;
#2997 = DIRECTION ( 'NONE',  ( 1.000000000000000000, -1.396285398062517084E-15, 0.000000000000000000 ) ) ;
#2998 = VECTOR ( 'NONE', #3824, 1000.000000000000000 ) ;
#2999 = EDGE_CURVE ( 'NONE', #1773, #3275, #987, .T. ) ;
#3000 = ORIENTED_EDGE ( 'NONE', *, *, #175, .F. ) ;
#3001 = CARTESIAN_POINT ( 'NONE',  ( 20.75000000000000355, 7.249999999999861444, 25.00000000000000000 ) ) ;
#3002 = EDGE_LOOP ( 'NONE', ( #1711, #604, #1309, #2356, #3683, #627 ) ) ;
#3003 = EDGE_CURVE ( 'NONE', #3866, #3575, #3533, .T. ) ;
#3004 = EDGE_LOOP ( 'NONE', ( #1385, #3414 ) ) ;
#3005 = LINE ( 'NONE', #624, #2801 ) ;
#3006 = LINE ( 'NONE', #2145, #523 ) ;
#3007 = CYLINDRICAL_SURFACE ( 'NONE', #2565, 0.5000000000000004441 ) ;
#3008 = ORIENTED_EDGE ( 'NONE', *, *, #1957, .F. ) ;
#3009 = EDGE_CURVE ( 'NONE', #772, #1443, #440, .T. ) ;
#3010 = VERTEX_POINT ( 'NONE', #1658 ) ;
#3011 = EDGE_CURVE ( 'NONE', #714, #2767, #3216, .T. ) ;
#3012 = CARTESIAN_POINT ( 'NONE',  ( 25.33210678118656034, -7.999999999999859668, 25.00000000000000355 ) ) ;
#3013 = DIRECTION ( 'NONE',  ( -1.000000000000000000, -1.176083712526648949E-16, 6.800600086113123653E-32 ) ) ;
#3014 = VECTOR ( 'NONE', #2251, 1000.000000000000000 ) ;
#3015 = EDGE_CURVE ( 'NONE', #1616, #2673, #1936, .T. ) ;
#3016 = AXIS2_PLACEMENT_3D ( 'NONE', #3764, #2243, #3464 ) ;
#3017 = EDGE_CURVE ( 'NONE', #1508, #2636, #405, .T. ) ;
#3018 = CARTESIAN_POINT ( 'NONE',  ( 6.499999999999999112, 23.37500000000000000, 6.000000000000000000 ) ) ;
#3019 = CARTESIAN_POINT ( 'NONE',  ( 20.25000000000000355, -15.00000000000000355, 61.00000000000000000 ) ) ;
#3020 = ORIENTED_EDGE ( 'NONE', *, *, #3039, .T. ) ;
#3021 = VECTOR ( 'NONE', #3959, 1000.000000000000000 ) ;
#3022 = FACE_OUTER_BOUND ( 'NONE', #2502, .T. ) ;
#3023 = CIRCLE ( 'NONE', #144, 0.2500000000000002220 ) ;
#3024 = AXIS2_PLACEMENT_3D ( 'NONE', #2299, #2023, #3522 ) ;
#3025 = ORIENTED_EDGE ( 'NONE', *, *, #3429, .T. ) ;
#3026 = ORIENTED_EDGE ( 'NONE', *, *, #1714, .F. ) ;
#3027 = DIRECTION ( 'NONE',  ( 0.000000000000000000, 1.000000000000000000, 0.000000000000000000 ) ) ;
#3028 = DIRECTION ( 'NONE',  ( -1.000000000000000000, -8.566535683836085482E-17, 0.000000000000000000 ) ) ;
#3029 = DIRECTION ( 'NONE',  ( 1.031984066565520283E-32, -1.204669080539449590E-16, -1.000000000000000000 ) ) ;
#3030 = ORIENTED_EDGE ( 'NONE', *, *, #1450, .T. ) ;
#3031 = DATE_AND_TIME ( #369, #1556 ) ;
#3032 = ORIENTED_EDGE ( 'NONE', *, *, #2350, .F. ) ;
#3033 = CARTESIAN_POINT ( 'NONE',  ( 20.25000000000000355, 14.49999999999999467, 15.75000000000000000 ) ) ;
#3034 = AXIS2_PLACEMENT_3D ( 'NONE', #755, #3540, #3243 ) ;
#3035 = CIRCLE ( 'NONE', #1996, 0.2500000000000002220 ) ;
#3036 = DIRECTION ( 'NONE',  ( 0.000000000000000000, -1.000000000000000000, 0.000000000000000000 ) ) ;
#3037 = EDGE_CURVE ( 'NONE', #2264, #1680, #2519, .T. ) ;
#3038 = DIRECTION ( 'NONE',  ( -8.566535683836085482E-17, 1.000000000000000000, -1.204669080539449590E-16 ) ) ;
#3039 = EDGE_CURVE ( 'NONE', #1236, #1247, #1007, .T. ) ;
#3040 = DIRECTION ( 'NONE',  ( 0.000000000000000000, 0.000000000000000000, 1.000000000000000000 ) ) ;
#3041 = VERTEX_POINT ( 'NONE', #1316 ) ;
#3042 = DIRECTION ( 'NONE',  ( 0.000000000000000000, 1.000000000000000000, 0.000000000000000000 ) ) ;
#3043 = ORIENTED_EDGE ( 'NONE', *, *, #2340, .F. ) ;
#3044 = ORIENTED_EDGE ( 'NONE', *, *, #998, .T. ) ;
#3045 = CARTESIAN_POINT ( 'NONE',  ( 20.50000000000000711, -20.25000000000000355, 15.75000000000000000 ) ) ;
#3046 = DIRECTION ( 'NONE',  ( 0.000000000000000000, 1.000000000000000000, 0.000000000000000000 ) ) ;
#3047 = DIRECTION ( 'NONE',  ( -0.000000000000000000, -1.000000000000000000, -0.000000000000000000 ) ) ;
#3048 = ORIENTED_EDGE ( 'NONE', *, *, #3776, .T. ) ;
#3049 = DATE_TIME_ROLE ( 'creation_date' ) ;
#3050 = ORIENTED_EDGE ( 'NONE', *, *, #824, .F. ) ;
#3051 = CARTESIAN_POINT ( 'NONE',  ( 26.25000000000000355, 14.93301270189221519, 16.00000000000000000 ) ) ;
#3052 = CARTESIAN_POINT ( 'NONE',  ( 26.00000000000000355, 14.99999999999999645, 61.00000000000000000 ) ) ;
#3053 = ORIENTED_EDGE ( 'NONE', *, *, #2225, .F. ) ;
#3054 = EDGE_CURVE ( 'NONE', #996, #3617, #724, .T. ) ;
#3055 = CARTESIAN_POINT ( 'NONE',  ( 26.50000000000000355, -17.50000000000000000, 55.00000000000000711 ) ) ;
#3056 = CC_DESIGN_DATE_AND_TIME_ASSIGNMENT ( #3031, #3049, ( #3813 ) ) ;
#3057 = CARTESIAN_POINT ( 'NONE',  ( 21.62500000000001066, -9.999999999999998224, 24.50000000000000355 ) ) ;
#3058 = ORIENTED_EDGE ( 'NONE', *, *, #1515, .F. ) ;
#3059 = CARTESIAN_POINT ( 'NONE',  ( 20.25000000000000000, 20.99999999999999645, 57.99999999999999289 ) ) ;
#3060 = ORIENTED_EDGE ( 'NONE', *, *, #2122, .F. ) ;
#3061 = ADVANCED_FACE ( 'NONE', ( #1078 ), #1938, .T. ) ;
#3062 = LINE ( 'NONE', #291, #375 ) ;
#3063 = DIRECTION ( 'NONE',  ( 1.000000000000000000, 0.000000000000000000, 0.000000000000000000 ) ) ;
#3064 = CARTESIAN_POINT ( 'NONE',  ( 15.25000000000000711, -26.75000000000000000, 60.75000000000000000 ) ) ;
#3065 = VECTOR ( 'NONE', #2179, 1000.000000000000000 ) ;
#3066 = LINE ( 'NONE', #330, #1929 ) ;
#3067 = EDGE_CURVE ( 'NONE', #2090, #1796, #3267, .T. ) ;
#3068 = ORIENTED_EDGE ( 'NONE', *, *, #2496, .T. ) ;
#3069 = SECURITY_CLASSIFICATION_LEVEL ( 'unclassified' ) ;
#3070 = VECTOR ( 'NONE', #210, 1000.000000000000000 ) ;
#3071 = VERTEX_POINT ( 'NONE', #2383 ) ;
#3072 = DIRECTION ( 'NONE',  ( 3.199150606353112616E-31, -3.734474149672293927E-15, -1.000000000000000000 ) ) ;
#3073 = DIRECTION ( 'NONE',  ( -0.000000000000000000, 0.000000000000000000, -1.000000000000000000 ) ) ;
#3074 = ORIENTED_EDGE ( 'NONE', *, *, #3011, .T. ) ;
#3075 = EDGE_CURVE ( 'NONE', #2516, #1477, #339, .T. ) ;
#3076 = EDGE_CURVE ( 'NONE', #3523, #2862, #1779, .T. ) ;
#3077 = CIRCLE ( 'NONE', #1411, 0.2500000000000002220 ) ;
#3078 = CIRCLE ( 'NONE', #2116, 5.000000000000000888 ) ;
#3079 = CARTESIAN_POINT ( 'NONE',  ( 25.62500000000001066, -10.00000000000000355, 20.00000000000001066 ) ) ;
#3080 = ORIENTED_EDGE ( 'NONE', *, *, #1456, .T. ) ;
#3081 = CARTESIAN_POINT ( 'NONE',  ( 21.12500000000002487, -6.615429005317658192E-15, 24.49999999999999289 ) ) ;
#3082 = ORIENTED_EDGE ( 'NONE', *, *, #711, .F. ) ;
#3083 = EDGE_CURVE ( 'NONE', #33, #3010, #785, .T. ) ;
#3084 = FACE_OUTER_BOUND ( 'NONE', #758, .T. ) ;
#3085 = CARTESIAN_POINT ( 'NONE',  ( 20.50000000000000355, 14.93301270189221519, 16.00000000000000000 ) ) ;
#3086 = AXIS2_PLACEMENT_3D ( 'NONE', #1255, #2483, #2172 ) ;
#3087 = AXIS2_PLACEMENT_3D ( 'NONE', #283, #3960, #1500 ) ;
#3088 = DIRECTION ( 'NONE',  ( 0.000000000000000000, 0.000000000000000000, -1.000000000000000000 ) ) ;
#3089 = CYLINDRICAL_SURFACE ( 'NONE', #2951, 0.2500000000000002220 ) ;
#3090 = EDGE_LOOP ( 'NONE', ( #866, #2934 ) ) ;
#3091 = SECURITY_CLASSIFICATION ( '', '', #3069 ) ;
#3092 = TOROIDAL_SURFACE ( 'NONE', #1355, 2.499999999999999556, 0.2500000000000000000 ) ;
#3093 = PLANE ( 'NONE',  #3797 ) ;
#3094 = CARTESIAN_POINT ( 'NONE',  ( 20.14644660940672338, 17.39644660940673049, 54.99999999999999289 ) ) ;
#3095 = CARTESIAN_POINT ( 'NONE',  ( 21.12500000000000355, -14.50000000000000178, 20.00000000000001066 ) ) ;
#3096 = ORIENTED_EDGE ( 'NONE', *, *, #1226, .T. ) ;
#3097 = VECTOR ( 'NONE', #1511, 1000.000000000000000 ) ;
#3098 = CIRCLE ( 'NONE', #1302, 0.2500000000000002220 ) ;
#3099 = AXIS2_PLACEMENT_3D ( 'NONE', #2812, #3752, #1303 ) ;
#3100 = DIRECTION ( 'NONE',  ( 0.000000000000000000, -1.000000000000000000, 0.000000000000000000 ) ) ;
#3101 = EDGE_LOOP ( 'NONE', ( #3139, #1133, #1503 ) ) ;
#3102 = DIRECTION ( 'NONE',  ( -0.000000000000000000, -3.734474149672293927E-15, -1.000000000000000000 ) ) ;
#3103 = VERTEX_POINT ( 'NONE', #1458 ) ;
#3104 = ADVANCED_FACE ( 'NONE', ( #2003 ), #2687, .T. ) ;
#3105 = DIRECTION ( 'NONE',  ( 1.000000000000000000, -0.000000000000000000, 7.925637631223200456E-32 ) ) ;
#3106 = FACE_OUTER_BOUND ( 'NONE', #3615, .T. ) ;
#3107 = CARTESIAN_POINT ( 'NONE',  ( 20.25000000000000355, -7.250000000000006217, 24.50000000000000000 ) ) ;
#3108 = DIRECTION ( 'NONE',  ( -0.000000000000000000, 1.000000000000000000, -0.000000000000000000 ) ) ;
#3109 = VERTEX_POINT ( 'NONE', #487 ) ;
#3110 = COORDINATED_UNIVERSAL_TIME_OFFSET ( 1, 0, .AHEAD. ) ;
#3111 = APPROVAL ( #2736, 'UNSPECIFIED' ) ;
#3112 = CARTESIAN_POINT ( 'NONE',  ( 21.62500000000001421, 7.999999999999863221, 25.00000000000000000 ) ) ;
#3113 = DIRECTION ( 'NONE',  ( 0.000000000000000000, 1.000000000000000000, -0.000000000000000000 ) ) ;
#3114 = CARTESIAN_POINT ( 'NONE',  ( 20.00000000000000711, -17.25000000000000000, 61.00000000000000000 ) ) ;
#3115 = EDGE_LOOP ( 'NONE', ( #3643, #1141, #2553, #1193 ) ) ;
#3116 = ADVANCED_FACE ( 'NONE', ( #2084 ), #2941, .F. ) ;
#3117 = CYLINDRICAL_SURFACE ( 'NONE', #3352, 2.749999999999999112 ) ;
#3118 = TOROIDAL_SURFACE ( 'NONE', #2928, 2.499999999999999556, 0.2500000000000000000 ) ;
#3119 = ORIENTED_EDGE ( 'NONE', *, *, #150, .F. ) ;
#3120 = CARTESIAN_POINT ( 'NONE',  ( 20.25000000000000355, -17.50000000000000000, 60.75000000000000000 ) ) ;
#3121 = ORIENTED_EDGE ( 'NONE', *, *, #3135, .T. ) ;
#3122 = CARTESIAN_POINT ( 'NONE',  ( 26.50000000000000355, 15.00000000000000888, 10.99999999999999645 ) ) ;
#3123 = LINE ( 'NONE', #2806, #717 ) ;
#3124 = EDGE_CURVE ( 'NONE', #2849, #3755, #566, .T. ) ;
#3125 = ADVANCED_FACE ( 'NONE', ( #2342 ), #3864, .F. ) ;
#3126 = CARTESIAN_POINT ( 'NONE',  ( 25.33210678118654968, 14.99999999999999645, 16.47879918526321674 ) ) ;
#3127 = DIRECTION ( 'NONE',  ( 1.000000000000000000, 8.566535683836085482E-17, -0.000000000000000000 ) ) ;
#3128 = ORIENTED_EDGE ( 'NONE', *, *, #892, .F. ) ;
#3129 = CARTESIAN_POINT ( 'NONE',  ( 25.87500000000000000, -23.37500000000000711, 6.000000000000000000 ) ) ;
#3130 = CARTESIAN_POINT ( 'NONE',  ( 20.50000000000000355, -7.500000000000009770, 9.035018104045886718E-16 ) ) ;
#3131 = DIRECTION ( 'NONE',  ( 0.000000000000000000, -1.000000000000000000, 0.000000000000000000 ) ) ;
#3132 = ORIENTED_EDGE ( 'NONE', *, *, #1287, .T. ) ;
#3133 = AXIS2_PLACEMENT_3D ( 'NONE', #3507, #786, #1984 ) ;
#3134 = CARTESIAN_POINT ( 'NONE',  ( 26.25000000000000355, 0.000000000000000000, 15.75000000000000000 ) ) ;
#3135 = EDGE_CURVE ( 'NONE', #192, #3491, #2115, .T. ) ;
#3136 = CARTESIAN_POINT ( 'NONE',  ( 21.12500000000000355, -15.00000000000000355, 61.00000000000000000 ) ) ;
#3137 = VECTOR ( 'NONE', #3869, 1000.000000000000000 ) ;
#3138 = CIRCLE ( 'NONE', #3149, 0.5000000000000004441 ) ;
#3139 = ORIENTED_EDGE ( 'NONE', *, *, #2081, .F. ) ;
#3140 = CARTESIAN_POINT ( 'NONE',  ( 65.25000000000000000, 7.499999999999976907, 55.00000000000000000 ) ) ;
#3141 = ORIENTED_EDGE ( 'NONE', *, *, #1927, .F. ) ;
#3142 = AXIS2_PLACEMENT_3D ( 'NONE', #3367, #3047, #626 ) ;
#3143 = CARTESIAN_POINT ( 'NONE',  ( 26.75000000000000355, -17.50000000000000000, 60.75000000000000000 ) ) ;
#3144 = CARTESIAN_POINT ( 'NONE',  ( 21.12500000000002487, 2.928248242474795228E-14, 24.50000000000000000 ) ) ;
#3145 = CARTESIAN_POINT ( 'NONE',  ( 20.25000000000000711, -26.75000000000000000, 60.75000000000000000 ) ) ;
#3146 = CARTESIAN_POINT ( 'NONE',  ( 20.25000000000000355, 14.49999999999999467, 16.00000000000000000 ) ) ;
#3147 = ORIENTED_EDGE ( 'NONE', *, *, #1028, .T. ) ;
#3148 = CYLINDRICAL_SURFACE ( 'NONE', #2463, 0.2500000000000002220 ) ;
#3149 = AXIS2_PLACEMENT_3D ( 'NONE', #983, #2206, #3426 ) ;
#3150 = FACE_OUTER_BOUND ( 'NONE', #1764, .T. ) ;
#3151 = DIRECTION ( 'NONE',  ( 0.000000000000000000, -1.000000000000000000, 0.000000000000000000 ) ) ;
#3152 = ORIENTED_EDGE ( 'NONE', *, *, #103, .T. ) ;
#3153 = DIRECTION ( 'NONE',  ( 0.000000000000000000, -1.000000000000000000, 0.000000000000000000 ) ) ;
#3154 = AXIS2_PLACEMENT_3D ( 'NONE', #110, #1015, #3810 ) ;
#3155 = AXIS2_PLACEMENT_3D ( 'NONE', #2766, #3625, #921 ) ;
#3156 = ADVANCED_FACE ( 'NONE', ( #803 ), #1377, .T. ) ;
#3157 = DIRECTION ( 'NONE',  ( 0.000000000000000000, 0.000000000000000000, 1.000000000000000000 ) ) ;
#3158 = CIRCLE ( 'NONE', #3539, 0.2500000000000002220 ) ;
#3159 = EDGE_LOOP ( 'NONE', ( #1183, #2086, #3857, #1550, #611 ) ) ;
#3160 = DIRECTION ( 'NONE',  ( -0.000000000000000000, -0.000000000000000000, 1.000000000000000000 ) ) ;
#3161 = ORIENTED_EDGE ( 'NONE', *, *, #883, .F. ) ;
#3162 = EDGE_CURVE ( 'NONE', #229, #996, #1289, .T. ) ;
#3163 = CARTESIAN_POINT ( 'NONE',  ( 20.00000000000000355, 2.352167425053298390E-15, 60.75000000000000000 ) ) ;
#3164 = LINE ( 'NONE', #1022, #2449 ) ;
#3165 = AXIS2_PLACEMENT_3D ( 'NONE', #3405, #1245, #1297 ) ;
#3166 = ORIENTED_EDGE ( 'NONE', *, *, #96, .T. ) ;
#3167 = DIRECTION ( 'NONE',  ( 1.176083712526648949E-16, -1.000000000000000000, 0.000000000000000000 ) ) ;
#3168 = ORIENTED_EDGE ( 'NONE', *, *, #3882, .F. ) ;
#3169 = DIRECTION ( 'NONE',  ( -0.000000000000000000, 0.000000000000000000, 1.000000000000000000 ) ) ;
#3170 = CARTESIAN_POINT ( 'NONE',  ( 20.75000000000000355, 7.499999999999858780, 24.50000000000000000 ) ) ;
#3171 = CARTESIAN_POINT ( 'NONE',  ( 25.62500000000001066, 7.999999999999868550, 25.00000000000000000 ) ) ;
#3172 = ORIENTED_EDGE ( 'NONE', *, *, #828, .F. ) ;
#3173 = FACE_OUTER_BOUND ( 'NONE', #431, .T. ) ;
#3174 = ORIENTED_EDGE ( 'NONE', *, *, #1525, .F. ) ;
#3175 = ADVANCED_FACE ( 'NONE', ( #3844 ), #503, .F. ) ;
#3176 = ORIENTED_EDGE ( 'NONE', *, *, #907, .T. ) ;
#3177 = EDGE_CURVE ( 'NONE', #1639, #33, #3288, .T. ) ;
#3178 = CARTESIAN_POINT ( 'NONE',  ( 25.75000000000000355, -16.50000000000000000, 60.75000000000000000 ) ) ;
#3179 = CARTESIAN_POINT ( 'NONE',  ( 20.00000000000000711, -26.75000000000000711, 57.75000000000000711 ) ) ;
#3180 = CARTESIAN_POINT ( 'NONE',  ( 26.75000000000000355, 17.50000000000000000, 54.99999999999999289 ) ) ;
#3181 = CARTESIAN_POINT ( 'NONE',  ( 26.50000000000000355, -20.25000000000000355, 15.75000000000000000 ) ) ;
#3182 = ORIENTED_EDGE ( 'NONE', *, *, #1617, .T. ) ;
#3183 = CARTESIAN_POINT ( 'NONE',  ( 20.25000000000000355, 15.00000000000000888, 10.99999999999999645 ) ) ;
#3184 = EDGE_CURVE ( 'NONE', #551, #1881, #1874, .T. ) ;
#3185 = EDGE_LOOP ( 'NONE', ( #2529, #1520, #16, #448 ) ) ;
#3186 = DIRECTION ( 'NONE',  ( 1.386719069154237324E-15, 1.000000000000000000, 0.000000000000000000 ) ) ;
#3187 = LINE ( 'NONE', #3130, #514 ) ;
#3188 = ADVANCED_FACE ( 'NONE', ( #2120 ), #2408, .T. ) ;
#3189 = LINE ( 'NONE', #2885, #2055 ) ;
#3190 = ORIENTED_EDGE ( 'NONE', *, *, #1286, .F. ) ;
#3191 = DIRECTION ( 'NONE',  ( -0.000000000000000000, -0.000000000000000000, -1.000000000000000000 ) ) ;
#3192 = ORIENTED_EDGE ( 'NONE', *, *, #255, .T. ) ;
#3193 = VERTEX_POINT ( 'NONE', #3059 ) ;
#3194 = EDGE_CURVE ( 'NONE', #716, #3812, #2386, .T. ) ;
#3195 = VERTEX_POINT ( 'NONE', #2445 ) ;
#3196 = DIRECTION ( 'NONE',  ( 0.000000000000000000, -1.000000000000000000, 9.251858538542979716E-16 ) ) ;
#3197 = PLANE ( 'NONE',  #2979 ) ;
#3198 = DIRECTION ( 'NONE',  ( 0.000000000000000000, 1.000000000000000000, 0.000000000000000000 ) ) ;
#3199 = PRODUCT_RELATED_PRODUCT_CATEGORY ( 'detail', '', ( #2152 ) ) ;
#3200 = CYLINDRICAL_SURFACE ( 'NONE', #2723, 1.875000000000000000 ) ;
#3201 = AXIS2_PLACEMENT_3D ( 'NONE', #1512, #1571, #2739 ) ;
#3202 = ORIENTED_EDGE ( 'NONE', *, *, #1591, .T. ) ;
#3203 = CARTESIAN_POINT ( 'NONE',  ( 20.50000000000000355, -7.500000000000007105, 24.93301270189222052 ) ) ;
#3204 = ADVANCED_FACE ( 'NONE', ( #880 ), #3685, .T. ) ;
#3205 = ORIENTED_EDGE ( 'NONE', *, *, #444, .T. ) ;
#3206 = AXIS2_PLACEMENT_3D ( 'NONE', #1749, #3867, #3186 ) ;
#3207 = DIRECTION ( 'NONE',  ( 0.000000000000000000, 0.6347633656933757695, -0.7727065869873361859 ) ) ;
#3208 = LINE ( 'NONE', #506, #194 ) ;
#3209 = CARTESIAN_POINT ( 'NONE',  ( 20.75000000000001776, -7.500000000000007105, 25.00000000000000000 ) ) ;
#3210 = EDGE_LOOP ( 'NONE', ( #2301, #2363, #1867, #2560 ) ) ;
#3211 = CYLINDRICAL_SURFACE ( 'NONE', #92, 0.5000000000000004441 ) ;
#3212 = VERTEX_POINT ( 'NONE', #23 ) ;
#3213 = AXIS2_PLACEMENT_3D ( 'NONE', #18, #2464, #3621 ) ;
#3214 = TOROIDAL_SURFACE ( 'NONE', #1489, 4.500000000000000888, 0.5000000000000000000 ) ;
#3215 = TOROIDAL_SURFACE ( 'NONE', #3920, 4.500000000000000888, 0.5000000000000000000 ) ;
#3216 = CIRCLE ( 'NONE', #3598, 5.000000000000000888 ) ;
#3217 = AXIS2_PLACEMENT_3D ( 'NONE', #1037, #116, #715 ) ;
#3218 = ORIENTED_EDGE ( 'NONE', *, *, #1359, .T. ) ;
#3219 = CARTESIAN_POINT ( 'NONE',  ( 21.12500000000000355, 14.49999999999999467, 61.00000000000000000 ) ) ;
#3220 = DIRECTION ( 'NONE',  ( -1.000000000000000000, -1.176083712526648949E-16, 6.800600086113123653E-32 ) ) ;
#3221 = CIRCLE ( 'NONE', #3773, 2.500000000000003109 ) ;
#3222 = DIRECTION ( 'NONE',  ( 0.000000000000000000, -0.000000000000000000, -1.000000000000000000 ) ) ;
#3223 = AXIS2_PLACEMENT_3D ( 'NONE', #2020, #3222, #1393 ) ;
#3224 = AXIS2_PLACEMENT_3D ( 'NONE', #2740, #3038, #918 ) ;
#3225 = CARTESIAN_POINT ( 'NONE',  ( 26.00000000000000355, 14.99999999999999467, 20.00000000000000355 ) ) ;
#3226 = ADVANCED_FACE ( 'NONE', ( #1237, #1478, #3022 ), #2100, .T. ) ;
#3227 = ORIENTED_EDGE ( 'NONE', *, *, #3184, .F. ) ;
#3228 = AXIS2_PLACEMENT_3D ( 'NONE', #1266, #2494, #3709 ) ;
#3229 = CARTESIAN_POINT ( 'NONE',  ( 9.000000000000001776, 23.37500000000000000, 6.000000000000000000 ) ) ;
#3230 = EDGE_LOOP ( 'NONE', ( #3238, #3870 ) ) ;
#3231 = FACE_OUTER_BOUND ( 'NONE', #3583, .T. ) ;
#3232 = CYLINDRICAL_SURFACE ( 'NONE', #1211, 0.2500000000000002220 ) ;
#3233 = CARTESIAN_POINT ( 'NONE',  ( 15.25000000000000711, -29.50000000000000711, 55.00000000000000000 ) ) ;
#3234 = ORIENTED_EDGE ( 'NONE', *, *, #3514, .F. ) ;
#3235 = DIRECTION ( 'NONE',  ( 1.386719069154237916E-15, 1.000000000000000000, -9.251858538542979716E-16 ) ) ;
#3236 = EDGE_CURVE ( 'NONE', #3755, #1236, #657, .T. ) ;
#3237 = ORIENTED_EDGE ( 'NONE', *, *, #3716, .F. ) ;
#3238 = ORIENTED_EDGE ( 'NONE', *, *, #3939, .T. ) ;
#3239 = CARTESIAN_POINT ( 'NONE',  ( 21.62500000000000711, 14.49999999999999467, 17.08745638631582864 ) ) ;
#3240 = EDGE_LOOP ( 'NONE', ( #3349, #2468, #1138, #2279 ) ) ;
#3241 = DIRECTION ( 'NONE',  ( 0.000000000000000000, -9.251858538542991549E-16, -1.000000000000000000 ) ) ;
#3242 = DIRECTION ( 'NONE',  ( 0.000000000000000000, -1.000000000000000000, 0.000000000000000000 ) ) ;
#3243 = DIRECTION ( 'NONE',  ( 0.000000000000000000, -1.000000000000000000, 0.000000000000000000 ) ) ;
#3244 = PLANE ( 'NONE',  #3477 ) ;
#3245 = EDGE_LOOP ( 'NONE', ( #3928, #153 ) ) ;
#3246 = DIRECTION ( 'NONE',  ( -3.396701841952797380E-32, 3.965082230804130713E-16, 1.000000000000000000 ) ) ;
#3247 = ORIENTED_EDGE ( 'NONE', *, *, #754, .F. ) ;
#3248 = ADVANCED_FACE ( 'NONE', ( #3700 ), #2426, .T. ) ;
#3249 = DIRECTION ( 'NONE',  ( -1.000000000000000000, 0.000000000000000000, 0.000000000000000000 ) ) ;
#3250 = LINE ( 'NONE', #1863, #3831 ) ;
#3251 = EDGE_CURVE ( 'NONE', #3664, #3655, #942, .T. ) ;
#3252 = EDGE_CURVE ( 'NONE', #3391, #3571, #2646, .T. ) ;
#3253 = DIRECTION ( 'NONE',  ( 0.000000000000000000, 0.000000000000000000, 1.000000000000000000 ) ) ;
#3254 = ORIENTED_EDGE ( 'NONE', *, *, #1573, .T. ) ;
#3255 = DIRECTION ( 'NONE',  ( 0.000000000000000000, -1.000000000000000000, 0.000000000000000000 ) ) ;
#3256 = ORIENTED_EDGE ( 'NONE', *, *, #1116, .T. ) ;
#3257 = DIRECTION ( 'NONE',  ( 1.000000000000000000, 0.000000000000000000, 0.000000000000000000 ) ) ;
#3258 = LINE ( 'NONE', #2400, #2138 ) ;
#3259 = ADVANCED_FACE ( 'NONE', ( #638 ), #2142, .T. ) ;
#3260 = VERTEX_POINT ( 'NONE', #1560 ) ;
#3261 = FACE_OUTER_BOUND ( 'NONE', #1990, .T. ) ;
#3262 = DIRECTION ( 'NONE',  ( 1.000000000000000000, 1.176083712526648949E-16, -6.800600086113123653E-32 ) ) ;
#3263 = CIRCLE ( 'NONE', #762, 0.5000000000000004441 ) ;
#3264 = FACE_OUTER_BOUND ( 'NONE', #1366, .T. ) ;
#3265 = LINE ( 'NONE', #2625, #2587 ) ;
#3266 = EDGE_LOOP ( 'NONE', ( #1428, #1413, #1596, #3793 ) ) ;
#3267 = LINE ( 'NONE', #3229, #280 ) ;
#3268 = EDGE_LOOP ( 'NONE', ( #1145, #1464, #22, #2977 ) ) ;
#3269 = ORIENTED_EDGE ( 'NONE', *, *, #3746, .T. ) ;
#3270 = DIRECTION ( 'NONE',  ( 1.000000000000000000, 0.000000000000000000, 0.000000000000000000 ) ) ;
#3271 = CYLINDRICAL_SURFACE ( 'NONE', #2816, 0.2500000000000002220 ) ;
#3272 = VECTOR ( 'NONE', #1252, 1000.000000000000000 ) ;
#3273 = AXIS2_PLACEMENT_3D ( 'NONE', #1041, #2846, #380 ) ;
#3274 = CARTESIAN_POINT ( 'NONE',  ( 21.12500000000001066, 9.999999999999994671, 20.00000000000000355 ) ) ;
#3275 = VERTEX_POINT ( 'NONE', #1502 ) ;
#3276 = AXIS2_PLACEMENT_3D ( 'NONE', #2163, #964, #2774 ) ;
#3277 = VERTEX_POINT ( 'NONE', #2729 ) ;
#3278 = CARTESIAN_POINT ( 'NONE',  ( 20.25000000000000711, -23.00000000000000000, 57.99999999999998579 ) ) ;
#3279 = CARTESIAN_POINT ( 'NONE',  ( 21.62500000000000711, -14.99999999999999467, 16.47879918526321674 ) ) ;
#3280 = CIRCLE ( 'NONE', #3470, 0.5000000000000004441 ) ;
#3281 = ORIENTED_EDGE ( 'NONE', *, *, #2225, .T. ) ;
#3282 = CARTESIAN_POINT ( 'NONE',  ( 25.62500000000000711, -15.00000000000000000, 16.47879918526321674 ) ) ;
#3283 = AXIS2_PLACEMENT_3D ( 'NONE', #3178, #1901, #1325 ) ;
#3284 = CARTESIAN_POINT ( 'NONE',  ( 20.75000000000000355, -10.00000000000000355, 20.00000000000001066 ) ) ;
#3285 =( BOUNDED_CURVE ( )  B_SPLINE_CURVE ( 3, ( #2489, #3399, #2564, #40 ),
 .UNSPECIFIED., .F., .F. ) 
 B_SPLINE_CURVE_WITH_KNOTS ( ( 4, 4 ),
 ( 1.396285398062521423E-15, 1.570796326794897224 ),
 .UNSPECIFIED. ) 
 CURVE ( )  GEOMETRIC_REPRESENTATION_ITEM ( )  RATIONAL_B_SPLINE_CURVE ( ( 1.000000000000000000, 0.8047378541243652705, 0.8047378541243652705, 1.000000000000000000 ) ) 
 REPRESENTATION_ITEM ( '' )  );
#3286 = FACE_OUTER_BOUND ( 'NONE', #2566, .T. ) ;
#3287 = ORIENTED_EDGE ( 'NONE', *, *, #1320, .F. ) ;
#3288 = LINE ( 'NONE', #552, #1817 ) ;
#3289 = ORIENTED_EDGE ( 'NONE', *, *, #1771, .F. ) ;
#3290 = EDGE_CURVE ( 'NONE', #1881, #1689, #219, .T. ) ;
#3291 = ORIENTED_EDGE ( 'NONE', *, *, #619, .F. ) ;
#3292 = LINE ( 'NONE', #555, #636 ) ;
#3293 = CARTESIAN_POINT ( 'NONE',  ( 26.75000000000000355, -17.50000000000000000, 60.75000000000000000 ) ) ;
#3294 = VECTOR ( 'NONE', #3789, 1000.000000000000000 ) ;
#3295 = DIRECTION ( 'NONE',  ( -1.972152263052529514E-31, 0.000000000000000000, 1.000000000000000000 ) ) ;
#3296 = ORIENTED_EDGE ( 'NONE', *, *, #1776, .F. ) ;
#3297 = EDGE_LOOP ( 'NONE', ( #3325, #1871 ) ) ;
#3298 = CARTESIAN_POINT ( 'NONE',  ( 25.75000000000000355, 17.25000000000000000, 55.24999999999999289 ) ) ;
#3299 = LINE ( 'NONE', #562, #12 ) ;
#3300 = EDGE_CURVE ( 'NONE', #3473, #647, #2893, .T. ) ;
#3301 = FACE_OUTER_BOUND ( 'NONE', #2109, .T. ) ;
#3302 = CARTESIAN_POINT ( 'NONE',  ( 1.500000000000001332, 0.000000000000000000, 6.000000000000000000 ) ) ;
#3303 = ORIENTED_EDGE ( 'NONE', *, *, #2543, .T. ) ;
#3304 = CARTESIAN_POINT ( 'NONE',  ( 21.62500000000002487, 2.997584195932506917E-14, 4.511298301732666867E-30 ) ) ;
#3305 = ORIENTED_EDGE ( 'NONE', *, *, #1525, .T. ) ;
#3306 = ORIENTED_EDGE ( 'NONE', *, *, #653, .F. ) ;
#3307 = EDGE_CURVE ( 'NONE', #2767, #830, #899, .T. ) ;
#3308 = CYLINDRICAL_SURFACE ( 'NONE', #2232, 1.874999999999998224 ) ;
#3309 = DIRECTION ( 'NONE',  ( 0.000000000000000000, 0.000000000000000000, 1.000000000000000000 ) ) ;
#3310 = EDGE_CURVE ( 'NONE', #1130, #2090, #3921, .T. ) ;
#3311 = CARTESIAN_POINT ( 'NONE',  ( 25.62500000000000711, 14.49999999999999467, 4.609905914885289139E-30 ) ) ;
#3312 = EDGE_LOOP ( 'NONE', ( #473, #3289, #761, #1702 ) ) ;
#3313 = DIRECTION ( 'NONE',  ( 1.176083712526648949E-16, -1.000000000000000000, -0.000000000000000000 ) ) ;
#3314 = ORIENTED_EDGE ( 'NONE', *, *, #876, .T. ) ;
#3315 = ADVANCED_FACE ( 'NONE', ( #1216 ), #3663, .T. ) ;
#3316 = CARTESIAN_POINT ( 'NONE',  ( 26.50000000000001776, -9.999999999999998224, 25.00000000000000000 ) ) ;
#3317 = CIRCLE ( 'NONE', #1265, 1.875000000000000000 ) ;
#3318 = CARTESIAN_POINT ( 'NONE',  ( 26.25000000000000355, -7.249999999999997335, 55.00000000000000000 ) ) ;
#3319 = DIRECTION ( 'NONE',  ( -0.000000000000000000, 1.000000000000000000, -0.000000000000000000 ) ) ;
#3320 = FACE_OUTER_BOUND ( 'NONE', #2174, .T. ) ;
#3321 = VECTOR ( 'NONE', #3586, 1000.000000000000000 ) ;
#3322 = VERTEX_POINT ( 'NONE', #2201 ) ;
#3323 = DIRECTION ( 'NONE',  ( -0.000000000000000000, 0.000000000000000000, 1.000000000000000000 ) ) ;
#3324 = ORIENTED_EDGE ( 'NONE', *, *, #3194, .F. ) ;
#3325 = ORIENTED_EDGE ( 'NONE', *, *, #3015, .F. ) ;
#3326 = DIRECTION ( 'NONE',  ( -1.000000000000000000, -8.566535683836085482E-17, -0.000000000000000000 ) ) ;
#3327 = FACE_OUTER_BOUND ( 'NONE', #3845, .T. ) ;
#3328 = EDGE_CURVE ( 'NONE', #1044, #1680, #1918, .T. ) ;
#3329 = DIRECTION ( 'NONE',  ( 1.176083712526648949E-16, -1.000000000000000000, 0.000000000000000000 ) ) ;
#3330 = ORIENTED_EDGE ( 'NONE', *, *, #1714, .T. ) ;
#3331 = DIRECTION ( 'NONE',  ( 1.346820211686669677E-47, 1.000000000000000000, -3.965082230804130713E-16 ) ) ;
#3332 = ORIENTED_EDGE ( 'NONE', *, *, #1045, .F. ) ;
#3333 = AXIS2_PLACEMENT_3D ( 'NONE', #1628, #445, #1013 ) ;
#3334 = DIRECTION ( 'NONE',  ( 1.000000000000000000, 0.000000000000000000, 0.000000000000000000 ) ) ;
#3335 = CIRCLE ( 'NONE', #1603, 0.2500000000000002220 ) ;
#3336 = DIRECTION ( 'NONE',  ( 8.566535683836089180E-17, -1.000000000000000000, 9.251858538542979716E-16 ) ) ;
#3337 = AXIS2_PLACEMENT_3D ( 'NONE', #3551, #2306, #236 ) ;
#3338 = CARTESIAN_POINT ( 'NONE',  ( 20.25000000000000000, -7.306876992404996329, 24.58043675029653841 ) ) ;
#3339 = DIRECTION ( 'NONE',  ( 0.000000000000000000, 1.000000000000000000, -0.000000000000000000 ) ) ;
#3340 = ORIENTED_EDGE ( 'NONE', *, *, #1287, .F. ) ;
#3341 = CIRCLE ( 'NONE', #277, 2.749999999999999112 ) ;
#3342 = DIRECTION ( 'NONE',  ( -0.000000000000000000, 0.000000000000000000, 1.000000000000000000 ) ) ;
#3343 = VERTEX_POINT ( 'NONE', #1003 ) ;
#3344 = ORIENTED_EDGE ( 'NONE', *, *, #93, .T. ) ;
#3345 = DIRECTION ( 'NONE',  ( 0.000000000000000000, -1.204669080539449590E-16, -1.000000000000000000 ) ) ;
#3346 = DIRECTION ( 'NONE',  ( 0.000000000000000000, -1.000000000000000000, 0.000000000000000000 ) ) ;
#3347 = EDGE_CURVE ( 'NONE', #1680, #2526, #420, .T. ) ;
#3348 = DIRECTION ( 'NONE',  ( 0.000000000000000000, 0.000000000000000000, -1.000000000000000000 ) ) ;
#3349 = ORIENTED_EDGE ( 'NONE', *, *, #780, .T. ) ;
#3350 = MECHANICAL_CONTEXT ( 'NONE', #1421, 'mechanical' ) ;
#3351 = ORIENTED_EDGE ( 'NONE', *, *, #3252, .F. ) ;
#3352 = AXIS2_PLACEMENT_3D ( 'NONE', #74, #999, #2215 ) ;
#3353 = DIRECTION ( 'NONE',  ( -1.000000000000000000, -1.176083712526648949E-16, 6.800600086113123653E-32 ) ) ;
#3354 = AXIS2_PLACEMENT_3D ( 'NONE', #3801, #1040, #2262 ) ;
#3355 = LINE ( 'NONE', #1228, #1088 ) ;
#3356 = ORIENTED_EDGE ( 'NONE', *, *, #3017, .F. ) ;
#3357 = ADVANCED_FACE ( 'NONE', ( #1652 ), #361, .T. ) ;
#3358 = CARTESIAN_POINT ( 'NONE',  ( 1.500000000000002442, -28.25000000000000355, 16.00000000000000000 ) ) ;
#3359 = LINE ( 'NONE', #3880, #1490 ) ;
#3360 = EDGE_CURVE ( 'NONE', #2870, #3195, #472, .T. ) ;
#3361 = ORIENTED_EDGE ( 'NONE', *, *, #2420, .T. ) ;
#3362 = AXIS2_PLACEMENT_3D ( 'NONE', #2582, #2337, #736 ) ;
#3363 = CARTESIAN_POINT ( 'NONE',  ( 20.50000000000000355, 1.756139815186397783E-15, 15.75000000000000000 ) ) ;
#3364 = ORIENTED_EDGE ( 'NONE', *, *, #1819, .F. ) ;
#3365 = LINE ( 'NONE', #3930, #2750 ) ;
#3366 = DIRECTION ( 'NONE',  ( 1.360120017222624731E-31, -5.782411586589358625E-16, 1.000000000000000000 ) ) ;
#3367 = CARTESIAN_POINT ( 'NONE',  ( 15.50000000000000711, -26.75000000000000711, 55.25000000000001421 ) ) ;
#3368 = EDGE_LOOP ( 'NONE', ( #3828, #1629, #109, #2351 ) ) ;
#3369 = APPROVAL_ROLE ( '' ) ;
#3370 = ADVANCED_FACE ( 'NONE', ( #1293 ), #3720, .T. ) ;
#3371 = ORIENTED_EDGE ( 'NONE', *, *, #1736, .F. ) ;
#3372 = EDGE_CURVE ( 'NONE', #1730, #2682, #3459, .T. ) ;
#3373 = DIRECTION ( 'NONE',  ( 1.000000000000000000, 0.000000000000000000, 0.000000000000000000 ) ) ;
#3374 = ADVANCED_FACE ( 'NONE', ( #2274 ), #396, .T. ) ;
#3375 = DIRECTION ( 'NONE',  ( 1.972152263052529514E-31, 0.000000000000000000, -1.000000000000000000 ) ) ;
#3376 = ORIENTED_EDGE ( 'NONE', *, *, #107, .F. ) ;
#3377 = EDGE_CURVE ( 'NONE', #2083, #1651, #1635, .T. ) ;
#3378 = FACE_BOUND ( 'NONE', #1851, .T. ) ;
#3379 = ORIENTED_EDGE ( 'NONE', *, *, #169, .T. ) ;
#3380 = CARTESIAN_POINT ( 'NONE',  ( 25.12500000000002487, -3.486284085254388133E-14, 4.511298301732666867E-30 ) ) ;
#3381 = ORIENTED_EDGE ( 'NONE', *, *, #1649, .F. ) ;
#3382 = CARTESIAN_POINT ( 'NONE',  ( 20.25000000000000355, -10.00000000000000355, 20.00000000000001066 ) ) ;
#3383 = CARTESIAN_POINT ( 'NONE',  ( 25.62500000000000711, 9.999999999999994671, 24.50000000000000355 ) ) ;
#3384 = DIRECTION ( 'NONE',  ( 0.000000000000000000, -1.000000000000000000, 0.000000000000000000 ) ) ;
#3385 = AXIS2_PLACEMENT_3D ( 'NONE', #3747, #3462, #1619 ) ;
#3386 = CARTESIAN_POINT ( 'NONE',  ( 20.00000000000000000, 29.25000000000000000, 57.74999999999998579 ) ) ;
#3387 = ORIENTED_EDGE ( 'NONE', *, *, #1384, .F. ) ;
#3388 = ORIENTED_EDGE ( 'NONE', *, *, #814, .F. ) ;
#3389 = DIRECTION ( 'NONE',  ( 1.000000000000000000, 0.000000000000000000, 0.000000000000000000 ) ) ;
#3390 = CARTESIAN_POINT ( 'NONE',  ( 1.500000000000001332, 20.24999999999999645, 16.00000000000000000 ) ) ;
#3391 = VERTEX_POINT ( 'NONE', #2803 ) ;
#3392 = CIRCLE ( 'NONE', #1474, 2.000000000000001776 ) ;
#3393 = VECTOR ( 'NONE', #1683, 1000.000000000000000 ) ;
#3394 = DIRECTION ( 'NONE',  ( -1.972152263052529514E-31, -0.000000000000000000, 1.000000000000000000 ) ) ;
#3395 = ORIENTED_EDGE ( 'NONE', *, *, #582, .T. ) ;
#3396 = CARTESIAN_POINT ( 'NONE',  ( 20.25000000000000355, 9.999999999999994671, 20.00000000000000355 ) ) ;
#3397 = ORIENTED_EDGE ( 'NONE', *, *, #2133, .F. ) ;
#3398 = CARTESIAN_POINT ( 'NONE',  ( 20.25000000000000355, -14.50000000000000178, 15.75000000000000000 ) ) ;
#3399 = CARTESIAN_POINT ( 'NONE',  ( 21.41789321881345742, 14.99999999999999645, 16.47879918526320964 ) ) ;
#3400 = CIRCLE ( 'NONE', #217, 1.875000000000000000 ) ;
#3401 = TOROIDAL_SURFACE ( 'NONE', #1673, 4.500000000000000888, 0.5000000000000000000 ) ;
#3402 = CIRCLE ( 'NONE', #465, 1.000000000000000888 ) ;
#3403 = AXIS2_PLACEMENT_3D ( 'NONE', #250, #1098, #846 ) ;
#3404 = EDGE_CURVE ( 'NONE', #2594, #2609, #2843, .T. ) ;
#3405 = CARTESIAN_POINT ( 'NONE',  ( 20.75000000000000355, -9.999999999999998224, 24.50000000000000355 ) ) ;
#3406 = CARTESIAN_POINT ( 'NONE',  ( 15.25000000000000000, 26.74999999999999645, 60.75000000000000000 ) ) ;
#3407 = ORIENTED_EDGE ( 'NONE', *, *, #3478, .F. ) ;
#3408 = PERSON_AND_ORGANIZATION_ROLE ( 'classification_officer' ) ;
#3409 = APPROVAL_PERSON_ORGANIZATION ( #989, #70, #3369 ) ;
#3410 = AXIS2_PLACEMENT_3D ( 'NONE', #2546, #2822, #1961 ) ;
#3411 = DIRECTION ( 'NONE',  ( -1.000000000000000000, -1.386719069154237324E-15, -1.972152263052529514E-31 ) ) ;
#3412 = CARTESIAN_POINT ( 'NONE',  ( 25.87500000000000000, -23.37500000000000711, 16.00000000000000000 ) ) ;
#3413 = LINE ( 'NONE', #2153, #3715 ) ;
#3414 = ORIENTED_EDGE ( 'NONE', *, *, #1408, .T. ) ;
#3415 = AXIS2_PLACEMENT_3D ( 'NONE', #3652, #2738, #3954 ) ;
#3416 = AXIS2_PLACEMENT_3D ( 'NONE', #1075, #137, #1963 ) ;
#3417 = AXIS2_PLACEMENT_3D ( 'NONE', #3134, #3599, #1212 ) ;
#3418 = AXIS2_PLACEMENT_3D ( 'NONE', #3735, #3411, #1893 ) ;
#3419 = ADVANCED_FACE ( 'NONE', ( #1882 ), #3734, .T. ) ;
#3420 = FACE_BOUND ( 'NONE', #3090, .T. ) ;
#3421 = EDGE_CURVE ( 'NONE', #3440, #120, #1557, .T. ) ;
#3422 = ORIENTED_EDGE ( 'NONE', *, *, #2943, .T. ) ;
#3423 = DIRECTION ( 'NONE',  ( 0.000000000000000000, 1.000000000000000000, -5.782411586589393137E-16 ) ) ;
#3424 = VERTEX_POINT ( 'NONE', #3120 ) ;
#3425 = CARTESIAN_POINT ( 'NONE',  ( 26.50000000000000355, -16.50000000000000000, 61.00000000000000000 ) ) ;
#3426 = DIRECTION ( 'NONE',  ( 0.000000000000000000, 0.000000000000000000, 1.000000000000000000 ) ) ;
#3427 = CYLINDRICAL_SURFACE ( 'NONE', #233, 2.500000000000003109 ) ;
#3428 = FACE_OUTER_BOUND ( 'NONE', #1561, .T. ) ;
#3429 = EDGE_CURVE ( 'NONE', #3924, #1965, #97, .T. ) ;
#3430 = ORIENTED_EDGE ( 'NONE', *, *, #1591, .F. ) ;
#3431 = COORDINATED_UNIVERSAL_TIME_OFFSET ( 1, 0, .AHEAD. ) ;
#3432 = DIRECTION ( 'NONE',  ( 0.000000000000000000, -1.000000000000000000, 0.000000000000000000 ) ) ;
#3433 = ADVANCED_FACE ( 'NONE', ( #2561 ), #2503, .T. ) ;
#3434 = DIRECTION ( 'NONE',  ( 0.000000000000000000, -1.000000000000000000, 0.000000000000000000 ) ) ;
#3435 = CYLINDRICAL_SURFACE ( 'NONE', #1802, 0.2500000000000002220 ) ;
#3436 = ORIENTED_EDGE ( 'NONE', *, *, #1178, .T. ) ;
#3437 = CARTESIAN_POINT ( 'NONE',  ( 20.50000000000000355, 20.24999999999999645, 15.75000000000000000 ) ) ;
#3438 = CARTESIAN_POINT ( 'NONE',  ( 26.75000000000000355, 16.50000000000000000, 60.75000000000000000 ) ) ;
#3439 = AXIS2_PLACEMENT_3D ( 'NONE', #3045, #253, #3667 ) ;
#3440 = VERTEX_POINT ( 'NONE', #2217 ) ;
#3441 = CARTESIAN_POINT ( 'NONE',  ( 15.25000000000000711, -29.25000000000000355, 57.75000000000000711 ) ) ;
#3442 = VERTEX_POINT ( 'NONE', #3441 ) ;
#3443 = LINE ( 'NONE', #78, #1654 ) ;
#3444 = CARTESIAN_POINT ( 'NONE',  ( 26.50000000000000355, -10.00000000000000355, 20.00000000000001066 ) ) ;
#3445 = FACE_OUTER_BOUND ( 'NONE', #267, .T. ) ;
#3446 = CARTESIAN_POINT ( 'NONE',  ( 20.25000000000000355, 2.381569517866464398E-15, -1.377121517437907833E-30 ) ) ;
#3447 = VERTEX_POINT ( 'NONE', #1615 ) ;
#3448 = LINE ( 'NONE', #3112, #2078 ) ;
#3449 = ADVANCED_FACE ( 'NONE', ( #3779 ), #1310, .T. ) ;
#3450 = CARTESIAN_POINT ( 'NONE',  ( 26.50000000000000355, 17.50000000000000000, 61.00000000000000000 ) ) ;
#3451 = DIRECTION ( 'NONE',  ( -1.176083712526648949E-16, 1.000000000000000000, -3.965082230804130713E-16 ) ) ;
#3452 = ORIENTED_EDGE ( 'NONE', *, *, #1337, .F. ) ;
#3453 = DIRECTION ( 'NONE',  ( 1.972152263052529514E-31, 0.000000000000000000, -1.000000000000000000 ) ) ;
#3454 = ADVANCED_FACE ( 'NONE', ( #735 ), #695, .T. ) ;
#3455 = DIRECTION ( 'NONE',  ( 0.000000000000000000, 0.000000000000000000, -1.000000000000000000 ) ) ;
#3456 = AXIS2_PLACEMENT_3D ( 'NONE', #2798, #2479, #2167 ) ;
#3457 = CIRCLE ( 'NONE', #2113, 2.500000000000002220 ) ;
#3458 = ORIENTED_EDGE ( 'NONE', *, *, #2838, .F. ) ;
#3459 = LINE ( 'NONE', #1018, #2778 ) ;
#3460 = ORIENTED_EDGE ( 'NONE', *, *, #1590, .T. ) ;
#3461 = VECTOR ( 'NONE', #121, 1000.000000000000000 ) ;
#3462 = DIRECTION ( 'NONE',  ( 1.000000000000000000, 1.176083712526648949E-16, -6.800600086113123653E-32 ) ) ;
#3463 = CARTESIAN_POINT ( 'NONE',  ( 26.00000000000000355, -7.249999999999999112, 25.00000000000000000 ) ) ;
#3464 = DIRECTION ( 'NONE',  ( 0.000000000000000000, 0.000000000000000000, -1.000000000000000000 ) ) ;
#3465 = DIRECTION ( 'NONE',  ( 0.000000000000000000, 0.000000000000000000, -1.000000000000000000 ) ) ;
#3466 = VERTEX_POINT ( 'NONE', #1696 ) ;
#3467 = ADVANCED_FACE ( 'NONE', ( #1435 ), #3092, .T. ) ;
#3468 = DIRECTION ( 'NONE',  ( 0.000000000000000000, 0.000000000000000000, 1.000000000000000000 ) ) ;
#3469 = CIRCLE ( 'NONE', #3840, 0.5000000000000004441 ) ;
#3470 = AXIS2_PLACEMENT_3D ( 'NONE', #759, #3765, #140 ) ;
#3471 = CARTESIAN_POINT ( 'NONE',  ( 6.500000000000001776, -23.37500000000000711, 16.00000000000000000 ) ) ;
#3472 = LINE ( 'NONE', #3792, #449 ) ;
#3473 = VERTEX_POINT ( 'NONE', #2018 ) ;
#3474 = DIRECTION ( 'NONE',  ( 0.000000000000000000, 0.000000000000000000, -1.000000000000000000 ) ) ;
#3475 = CC_DESIGN_APPROVAL ( #3111, ( #3813 ) ) ;
#3476 = ORIENTED_EDGE ( 'NONE', *, *, #1747, .F. ) ;
#3477 = AXIS2_PLACEMENT_3D ( 'NONE', #777, #1394, #2001 ) ;
#3478 = EDGE_CURVE ( 'NONE', #186, #1708, #3795, .T. ) ;
#3479 = ORIENTED_EDGE ( 'NONE', *, *, #3482, .T. ) ;
#3480 = DIRECTION ( 'NONE',  ( 0.000000000000000000, 3.734474149672293927E-15, 1.000000000000000000 ) ) ;
#3481 = CYLINDRICAL_SURFACE ( 'NONE', #2855, 0.2500000000000002220 ) ;
#3482 = EDGE_CURVE ( 'NONE', #2870, #2245, #344, .T. ) ;
#3483 = CYLINDRICAL_SURFACE ( 'NONE', #2720, 2.500000000000002220 ) ;
#3484 = DIRECTION ( 'NONE',  ( 0.000000000000000000, 0.000000000000000000, -1.000000000000000000 ) ) ;
#3485 = ORIENTED_EDGE ( 'NONE', *, *, #1706, .T. ) ;
#3486 = CARTESIAN_POINT ( 'NONE',  ( 15.50000000000000000, 26.74999999999999645, 58.24999999999999289 ) ) ;
#3487 = ORIENTED_EDGE ( 'NONE', *, *, #50, .F. ) ;
#3488 = DIRECTION ( 'NONE',  ( 0.000000000000000000, -0.000000000000000000, 1.000000000000000000 ) ) ;
#3489 = CARTESIAN_POINT ( 'NONE',  ( 65.25000000000000000, 7.499999999999771738, -2.800855612254132803E-14 ) ) ;
#3490 = CARTESIAN_POINT ( 'NONE',  ( 20.25000000000000355, -17.50000000000000000, 55.25000000000000711 ) ) ;
#3491 = VERTEX_POINT ( 'NONE', #3516 ) ;
#3492 = DIRECTION ( 'NONE',  ( 1.386719069154237324E-15, 1.000000000000000000, -9.251858538542979716E-16 ) ) ;
#3493 = CLOSED_SHELL ( 'NONE', ( #2995, #1117, #3788, #700, #3892, #166, #3175, #530, #2665, #2015, #3538, #1090, #699, #2241, #2376, #934, #2619, #363, #3865, #3226, #2834, #544, #3697, #2369, #3125, #1000, #3661, #2875, #1370, #3156, #2889, #113, #2169, #2034, #2726, #3838, #2957, #228, #827, #269, #47, #1056, #1119, #596, #2097, #2178, #3433, #1837, #2749, #54, #2600, #2840, #1610, #801, #640, #3958, #3775, #3467, #1533, #468, #3817, #2295, #2196, #385, #3370, #1270, #2056, #3104, #2818, #2956, #3449, #3315, #247, #3657, #2578, #1703, #3357, #3957, #399, #3374, #3419, #303, #3116, #2068, #2796, #281, #3188, #3204, #952, #2964, #633, #836, #950, #3537, #176, #1008, #1327, #1521, #875, #3248, #3784, #3061, #3259, #2597, #1126, #1535, #2666, #984, #1416, #1877, #2104, #3454, #5, #2552, #1894, #34, #3898, #663, #371, #1197, #1645, #2789, #2421, #154, #2051 ) ) ;
#3494 = ORIENTED_EDGE ( 'NONE', *, *, #1811, .F. ) ;
#3495 = EDGE_CURVE ( 'NONE', #1044, #3772, #1876, .T. ) ;
#3496 = EDGE_CURVE ( 'NONE', #2511, #174, #2391, .T. ) ;
#3497 = ORIENTED_EDGE ( 'NONE', *, *, #2246, .T. ) ;
#3498 = DIRECTION ( 'NONE',  ( 0.000000000000000000, -1.000000000000000000, 0.000000000000000000 ) ) ;
#3499 = DIRECTION ( 'NONE',  ( 0.000000000000000000, -1.000000000000000000, 0.000000000000000000 ) ) ;
#3500 = CARTESIAN_POINT ( 'NONE',  ( 20.25000000000000355, 7.249999999999859668, 24.50000000000000000 ) ) ;
#3501 = CARTESIAN_POINT ( 'NONE',  ( 26.50000000000000355, 20.24999999999999645, 16.00000000000000000 ) ) ;
#3502 = AXIS2_PLACEMENT_3D ( 'NONE', #142, #3806, #763 ) ;
#3503 = ORIENTED_EDGE ( 'NONE', *, *, #750, .F. ) ;
#3504 = FACE_OUTER_BOUND ( 'NONE', #2396, .T. ) ;
#3505 = VERTEX_POINT ( 'NONE', #816 ) ;
#3506 = PLANE ( 'NONE',  #569 ) ;
#3507 = CARTESIAN_POINT ( 'NONE',  ( 23.37500000000000000, 23.37500000000000000, 6.000000000000000000 ) ) ;
#3508 = LINE ( 'NONE', #1381, #3014 ) ;
#3509 = ORIENTED_EDGE ( 'NONE', *, *, #1472, .T. ) ;
#3510 = FACE_BOUND ( 'NONE', #3230, .T. ) ;
#3511 = ORIENTED_EDGE ( 'NONE', *, *, #1069, .F. ) ;
#3512 = ORIENTED_EDGE ( 'NONE', *, *, #299, .F. ) ;
#3513 = CIRCLE ( 'NONE', #1466, 0.2500000000000002220 ) ;
#3514 = EDGE_CURVE ( 'NONE', #3877, #1044, #3815, .T. ) ;
#3515 = ORIENTED_EDGE ( 'NONE', *, *, #3252, .T. ) ;
#3516 = CARTESIAN_POINT ( 'NONE',  ( 26.50000000000000355, -7.250000000000000000, 24.50000000000000000 ) ) ;
#3517 = FACE_OUTER_BOUND ( 'NONE', #3101, .T. ) ;
#3518 = AXIS2_PLACEMENT_3D ( 'NONE', #1083, #689, #3131 ) ;
#3519 = CARTESIAN_POINT ( 'NONE',  ( 20.00000000000000000, 26.75000000000000000, 57.74999999999998579 ) ) ;
#3520 = CIRCLE ( 'NONE', #3518, 2.749999999999999112 ) ;
#3521 = VERTEX_POINT ( 'NONE', #3858 ) ;
#3522 = DIRECTION ( 'NONE',  ( 1.000000000000000000, 8.566535683836087947E-17, 0.000000000000000000 ) ) ;
#3523 = VERTEX_POINT ( 'NONE', #452 ) ;
#3524 = CIRCLE ( 'NONE', #2882, 2.000000000000001776 ) ;
#3525 = CARTESIAN_POINT ( 'NONE',  ( 26.75000000000000355, -17.50000000000000000, 55.25000000000000711 ) ) ;
#3526 = EDGE_CURVE ( 'NONE', #3592, #629, #2643, .T. ) ;
#3527 = CARTESIAN_POINT ( 'NONE',  ( 26.50000000000000355, 13.12500000000000888, 10.99999999999999645 ) ) ;
#3528 = ORIENTED_EDGE ( 'NONE', *, *, #2124, .T. ) ;
#3529 = CARTESIAN_POINT ( 'NONE',  ( 20.25000000000000355, 9.999999999999994671, 24.50000000000000355 ) ) ;
#3530 = EDGE_LOOP ( 'NONE', ( #2415, #1982, #3388, #3686 ) ) ;
#3531 = CARTESIAN_POINT ( 'NONE',  ( 15.50000000000000711, -29.50000000000000711, 58.24999999999999289 ) ) ;
#3532 = AXIS2_PLACEMENT_3D ( 'NONE', #1690, #2912, #172 ) ;
#3533 = CIRCLE ( 'NONE', #81, 1.875000000000000000 ) ;
#3534 = ORIENTED_EDGE ( 'NONE', *, *, #3622, .F. ) ;
#3535 = LINE ( 'NONE', #797, #463 ) ;
#3536 = DIRECTION ( 'NONE',  ( -1.000000000000000000, -1.176083712526648949E-16, 6.800600086113123653E-32 ) ) ;
#3537 = ADVANCED_FACE ( 'NONE', ( #198 ), #752, .T. ) ;
#3538 = ADVANCED_FACE ( 'NONE', ( #3261 ), #1993, .T. ) ;
#3539 = AXIS2_PLACEMENT_3D ( 'NONE', #3298, #417, #1172 ) ;
#3540 = DIRECTION ( 'NONE',  ( -1.000000000000000000, -1.176083712526648949E-16, 6.800600086113123653E-32 ) ) ;
#3541 = EDGE_CURVE ( 'NONE', #810, #3924, #973, .T. ) ;
#3542 = AXIS2_PLACEMENT_3D ( 'NONE', #3180, #2647, #3861 ) ;
#3543 = CIRCLE ( 'NONE', #3725, 0.5000000000000004441 ) ;
#3544 = DIRECTION ( 'NONE',  ( -0.000000000000000000, 0.000000000000000000, 1.000000000000000000 ) ) ;
#3545 = VERTEX_POINT ( 'NONE', #2897 ) ;
#3546 = CARTESIAN_POINT ( 'NONE',  ( 21.12500000000001066, -10.00000000000000355, 20.00000000000001066 ) ) ;
#3547 = ORIENTED_EDGE ( 'NONE', *, *, #196, .T. ) ;
#3548 = FACE_BOUND ( 'NONE', #583, .T. ) ;
#3549 = LINE ( 'NONE', #467, #1724 ) ;
#3550 = EDGE_CURVE ( 'NONE', #3655, #2716, #3341, .T. ) ;
#3551 = CARTESIAN_POINT ( 'NONE',  ( 23.37500000000000355, -23.37500000000000711, 6.000000000000000000 ) ) ;
#3552 = ORIENTED_EDGE ( 'NONE', *, *, #892, .T. ) ;
#3553 = LINE ( 'NONE', #213, #1365 ) ;
#3554 = ORIENTED_EDGE ( 'NONE', *, *, #1534, .T. ) ;
#3555 = ORIENTED_EDGE ( 'NONE', *, *, #3009, .T. ) ;
#3556 = CYLINDRICAL_SURFACE ( 'NONE', #731, 2.500000000000003109 ) ;
#3557 = DIRECTION ( 'NONE',  ( -8.802384636075285274E-16, 0.6347633656933757695, -0.7727065869873361859 ) ) ;
#3558 = VERTEX_POINT ( 'NONE', #1372 ) ;
#3559 = DIRECTION ( 'NONE',  ( -3.396701841952797380E-32, 3.965082230804130713E-16, 1.000000000000000000 ) ) ;
#3560 = DIRECTION ( 'NONE',  ( 0.000000000000000000, -1.000000000000000000, 0.000000000000000000 ) ) ;
#3561 = DIRECTION ( 'NONE',  ( -0.000000000000000000, -0.000000000000000000, 1.000000000000000000 ) ) ;
#3562 = CARTESIAN_POINT ( 'NONE',  ( 21.41789321881346808, 7.999999999999859668, 25.00000000000000000 ) ) ;
#3563 = ORIENTED_EDGE ( 'NONE', *, *, #3003, .F. ) ;
#3564 = DIRECTION ( 'NONE',  ( 0.000000000000000000, 0.000000000000000000, -1.000000000000000000 ) ) ;
#3565 = ORIENTED_EDGE ( 'NONE', *, *, #2481, .T. ) ;
#3566 = ORIENTED_EDGE ( 'NONE', *, *, #3347, .T. ) ;
#3567 = CARTESIAN_POINT ( 'NONE',  ( 25.87500000000000000, -23.37500000000000711, 6.000000000000000000 ) ) ;
#3568 = CARTESIAN_POINT ( 'NONE',  ( 20.00000000000000711, -17.50000000000000000, 61.00000000000000000 ) ) ;
#3569 = CARTESIAN_POINT ( 'NONE',  ( 20.00000000000000000, 26.75000000000000000, 57.74999999999998579 ) ) ;
#3570 = ORIENTED_EDGE ( 'NONE', *, *, #338, .F. ) ;
#3571 = VERTEX_POINT ( 'NONE', #222 ) ;
#3572 = DIRECTION ( 'NONE',  ( 1.000000000000000000, 8.566535683836089180E-17, -1.094764425253763580E-47 ) ) ;
#3573 = LINE ( 'NONE', #835, #1033 ) ;
#3574 = EDGE_CURVE ( 'NONE', #24, #1342, #3835, .T. ) ;
#3575 = VERTEX_POINT ( 'NONE', #2357 ) ;
#3576 = CARTESIAN_POINT ( 'NONE',  ( 25.12500000000000711, -14.79289321881345565, 16.73091325277525243 ) ) ;
#3577 = CARTESIAN_POINT ( 'NONE',  ( 26.75000000000000355, -16.50000000000000000, 55.25000000000000711 ) ) ;
#3578 = VECTOR ( 'NONE', #2572, 1000.000000000000000 ) ;
#3579 = DIRECTION ( 'NONE',  ( 0.000000000000000000, 1.000000000000000000, 0.000000000000000000 ) ) ;
#3580 = DIRECTION ( 'NONE',  ( -1.000000000000000000, 0.000000000000000000, 0.000000000000000000 ) ) ;
#3581 = ORIENTED_EDGE ( 'NONE', *, *, #3939, .F. ) ;
#3582 = DIRECTION ( 'NONE',  ( 0.000000000000000000, -1.000000000000000000, 0.000000000000000000 ) ) ;
#3583 = EDGE_LOOP ( 'NONE', ( #2218, #2272, #815, #1317, #1256, #2407, #11, #1728, #441, #1401 ) ) ;
#3584 = VERTEX_POINT ( 'NONE', #2982 ) ;
#3585 = CARTESIAN_POINT ( 'NONE',  ( 20.00000000000000000, 17.25000000000000000, 61.00000000000000000 ) ) ;
#3586 = DIRECTION ( 'NONE',  ( -0.000000000000000000, -1.000000000000000000, -0.000000000000000000 ) ) ;
#3587 = AXIS2_PLACEMENT_3D ( 'NONE', #1392, #798, #2019 ) ;
#3588 = DIRECTION ( 'NONE',  ( -0.000000000000000000, 0.000000000000000000, 1.000000000000000000 ) ) ;
#3589 = ORIENTED_EDGE ( 'NONE', *, *, #813, .F. ) ;
#3590 = LINE ( 'NONE', #3632, #2191 ) ;
#3591 = EDGE_CURVE ( 'NONE', #3275, #1897, #1488, .T. ) ;
#3592 = VERTEX_POINT ( 'NONE', #2621 ) ;
#3593 = CYLINDRICAL_SURFACE ( 'NONE', #3739, 1.875000000000000000 ) ;
#3594 = CARTESIAN_POINT ( 'NONE',  ( 21.41789321881345742, -15.00000000000000533, 16.47879918526320253 ) ) ;
#3595 = EDGE_CURVE ( 'NONE', #3071, #44, #3535, .T. ) ;
#3596 = VECTOR ( 'NONE', #1182, 1000.000000000000000 ) ;
#3597 = VECTOR ( 'NONE', #246, 1000.000000000000000 ) ;
#3598 = AXIS2_PLACEMENT_3D ( 'NONE', #2208, #3127, #83 ) ;
#3599 = DIRECTION ( 'NONE',  ( 0.000000000000000000, -1.000000000000000000, 0.000000000000000000 ) ) ;
#3600 = CC_DESIGN_APPROVAL ( #70, ( #3091 ) ) ;
#3601 = AXIS2_PLACEMENT_3D ( 'NONE', #2935, #546, #1975 ) ;
#3602 = EDGE_CURVE ( 'NONE', #205, #2993, #1780, .T. ) ;
#3603 = CARTESIAN_POINT ( 'NONE',  ( 20.00000000000000711, -26.75000000000000711, 55.25000000000000711 ) ) ;
#3604 = CARTESIAN_POINT ( 'NONE',  ( 9.000000000000001776, 23.37500000000000000, 6.000000000000000000 ) ) ;
#3605 = ORIENTED_EDGE ( 'NONE', *, *, #2133, .T. ) ;
#3606 = CARTESIAN_POINT ( 'NONE',  ( 20.25000000000000355, 9.999999999999994671, 24.50000000000000000 ) ) ;
#3607 = ORIENTED_EDGE ( 'NONE', *, *, #3495, .F. ) ;
#3608 = ORIENTED_EDGE ( 'NONE', *, *, #41, .F. ) ;
#3609 = EDGE_CURVE ( 'NONE', #2526, #1084, #3543, .T. ) ;
#3610 = AXIS2_PLACEMENT_3D ( 'NONE', #2329, #3255, #1814 ) ;
#3611 = DIRECTION ( 'NONE',  ( 0.000000000000000000, 1.000000000000000000, 0.000000000000000000 ) ) ;
#3612 = DIRECTION ( 'NONE',  ( 0.000000000000000000, 0.000000000000000000, 1.000000000000000000 ) ) ;
#3613 = CIRCLE ( 'NONE', #2974, 0.5000000000000004441 ) ;
#3614 = CARTESIAN_POINT ( 'NONE',  ( 15.25000000000000000, 29.24999999999999645, 57.74999999999998579 ) ) ;
#3615 = EDGE_LOOP ( 'NONE', ( #3890, #3397, #1442, #3387 ) ) ;
#3616 = DIRECTION ( 'NONE',  ( 1.000000000000000000, 0.000000000000000000, 0.000000000000000000 ) ) ;
#3617 = VERTEX_POINT ( 'NONE', #691 ) ;
#3618 = FACE_OUTER_BOUND ( 'NONE', #853, .T. ) ;
#3619 = CARTESIAN_POINT ( 'NONE',  ( 25.75000000000000355, -16.50000000000000000, 61.00000000000000000 ) ) ;
#3620 = EDGE_CURVE ( 'NONE', #3260, #2083, #2441, .T. ) ;
#3621 = DIRECTION ( 'NONE',  ( 0.000000000000000000, 0.000000000000000000, 1.000000000000000000 ) ) ;
#3622 = EDGE_CURVE ( 'NONE', #243, #929, #304, .T. ) ;
#3623 = CARTESIAN_POINT ( 'NONE',  ( 26.00000000000000355, -14.50000000000000178, 6.000000000000000000 ) ) ;
#3624 = ORIENTED_EDGE ( 'NONE', *, *, #3372, .T. ) ;
#3625 = DIRECTION ( 'NONE',  ( -1.000000000000000000, -8.566535683836085482E-17, 0.000000000000000000 ) ) ;
#3626 = ORIENTED_EDGE ( 'NONE', *, *, #2184, .T. ) ;
#3627 = ORIENTED_EDGE ( 'NONE', *, *, #1886, .F. ) ;
#3628 = DIRECTION ( 'NONE',  ( 1.000000000000000000, 0.000000000000000000, 0.000000000000000000 ) ) ;
#3629 = DIRECTION ( 'NONE',  ( 1.000000000000000000, 1.386719069154237324E-15, 1.972152263052529514E-31 ) ) ;
#3630 = LINE ( 'NONE', #1262, #1222 ) ;
#3631 = VERTEX_POINT ( 'NONE', #3358 ) ;
#3632 = CARTESIAN_POINT ( 'NONE',  ( 20.25000000000000355, -15.00000000000000178, 20.00000000000001066 ) ) ;
#3633 = ORIENTED_EDGE ( 'NONE', *, *, #1934, .T. ) ;
#3634 = CARTESIAN_POINT ( 'NONE',  ( 20.00000000000000355, 17.25000000000000000, 54.99999999999999289 ) ) ;
#3635 = AXIS2_PLACEMENT_3D ( 'NONE', #489, #2924, #2629 ) ;
#3636 = CARTESIAN_POINT ( 'NONE',  ( 15.25000000000000711, -26.75000000000000355, 58.24999999999999289 ) ) ;
#3637 = CARTESIAN_POINT ( 'NONE',  ( 15.50000000000000711, -26.75000000000000711, 55.00000000000001421 ) ) ;
#3638 = EDGE_CURVE ( 'NONE', #3523, #75, #2379, .T. ) ;
#3639 = DIRECTION ( 'NONE',  ( 0.000000000000000000, 0.000000000000000000, -1.000000000000000000 ) ) ;
#3640 = AXIS2_PLACEMENT_3D ( 'NONE', #3383, #311, #2088 ) ;
#3641 = ORIENTED_EDGE ( 'NONE', *, *, #2837, .T. ) ;
#3642 = DIRECTION ( 'NONE',  ( 1.000000000000000000, -1.386719069154237324E-15, 1.972152263052529514E-31 ) ) ;
#3643 = ORIENTED_EDGE ( 'NONE', *, *, #686, .F. ) ;
#3644 = EDGE_LOOP ( 'NONE', ( #2371, #284, #960, #2092 ) ) ;
#3645 = LINE ( 'NONE', #2144, #692 ) ;
#3646 = DIRECTION ( 'NONE',  ( -0.000000000000000000, -1.000000000000000000, -0.000000000000000000 ) ) ;
#3647 = FACE_OUTER_BOUND ( 'NONE', #1049, .T. ) ;
#3648 = EDGE_LOOP ( 'NONE', ( #703, #1594, #3025, #2568 ) ) ;
#3649 = DATE_AND_TIME ( #10, #856 ) ;
#3650 = ORIENTED_EDGE ( 'NONE', *, *, #1641, .F. ) ;
#3651 = CIRCLE ( 'NONE', #2946, 5.000000000000000000 ) ;
#3652 = CARTESIAN_POINT ( 'NONE',  ( 25.75000000000000355, 16.50000000000000000, 54.99999999999999289 ) ) ;
#3653 = VECTOR ( 'NONE', #2263, 1000.000000000000000 ) ;
#3654 = CARTESIAN_POINT ( 'NONE',  ( 1.500000000000001332, 0.000000000000000000, 6.000000000000000000 ) ) ;
#3655 = VERTEX_POINT ( 'NONE', #1914 ) ;
#3656 = TOROIDAL_SURFACE ( 'NONE', #2249, 2.499999999999999556, 0.2500000000000000000 ) ;
#3657 = ADVANCED_FACE ( 'NONE', ( #2835 ), #1234, .T. ) ;
#3658 = CARTESIAN_POINT ( 'NONE',  ( 26.50000000000000355, -28.25000000000000355, 6.000000000000000000 ) ) ;
#3659 = AXIS2_PLACEMENT_3D ( 'NONE', #905, #3346, #3484 ) ;
#3660 = DIRECTION ( 'NONE',  ( 1.000000000000000000, 8.566535683836085482E-17, -0.000000000000000000 ) ) ;
#3661 = ADVANCED_FACE ( 'NONE', ( #1823 ), #600, .F. ) ;
#3662 = ORIENTED_EDGE ( 'NONE', *, *, #2783, .F. ) ;
#3663 = CYLINDRICAL_SURFACE ( 'NONE', #722, 0.2500000000000002220 ) ;
#3664 = VERTEX_POINT ( 'NONE', #3637 ) ;
#3665 = EDGE_CURVE ( 'NONE', #2074, #3109, #2525, .T. ) ;
#3666 = EDGE_CURVE ( 'NONE', #2394, #1108, #3854, .T. ) ;
#3667 = DIRECTION ( 'NONE',  ( -1.387778780781444413E-14, 0.000000000000000000, 1.000000000000000000 ) ) ;
#3668 = CARTESIAN_POINT ( 'NONE',  ( 25.75000000000000355, 16.50000000000000000, 60.75000000000000000 ) ) ;
#3669 = PLANE ( 'NONE',  #2824 ) ;
#3670 = ORIENTED_EDGE ( 'NONE', *, *, #3811, .F. ) ;
#3671 = APPROVAL_STATUS ( 'not_yet_approved' ) ;
#3672 = ORIENTED_EDGE ( 'NONE', *, *, #2943, .F. ) ;
#3673 = AXIS2_PLACEMENT_3D ( 'NONE', #3874, #791, #2696 ) ;
#3674 = CIRCLE ( 'NONE', #480, 2.499999999999998668 ) ;
#3675 = EDGE_CURVE ( 'NONE', #3103, #2264, #1179, .T. ) ;
#3676 = CARTESIAN_POINT ( 'NONE',  ( 25.12500000000001066, -8.170134174727747833, 24.79289321881345032 ) ) ;
#3677 = LINE ( 'NONE', #2515, #1341 ) ;
#3678 = VERTEX_POINT ( 'NONE', #2080 ) ;
#3679 = B_SPLINE_CURVE_WITH_KNOTS ( 'NONE', 3,
 ( #2161, #327, #571, #3907, #1790, #3931 ),
 .UNSPECIFIED., .F., .F.,
 ( 4, 2, 4 ),
 ( -4.472155831845549484E-06, 0.0002910693660293015147, 0.0005866108878904486602 ),
 .UNSPECIFIED. ) ;
#3680 = CIRCLE ( 'NONE', #1762, 2.499999999999998668 ) ;
#3681 = DIRECTION ( 'NONE',  ( 1.000000000000000000, 0.000000000000000000, 0.000000000000000000 ) ) ;
#3682 = DIRECTION ( 'NONE',  ( -1.000000000000000000, 0.000000000000000000, 0.000000000000000000 ) ) ;
#3683 = ORIENTED_EDGE ( 'NONE', *, *, #1495, .T. ) ;
#3684 = CIRCLE ( 'NONE', #2150, 2.000000000000001776 ) ;
#3685 = CYLINDRICAL_SURFACE ( 'NONE', #1612, 5.000000000000000888 ) ;
#3686 = ORIENTED_EDGE ( 'NONE', *, *, #3162, .F. ) ;
#3687 = CARTESIAN_POINT ( 'NONE',  ( 20.50000000000000711, -14.93301270189222407, 16.00000000000000000 ) ) ;
#3688 = CARTESIAN_POINT ( 'NONE',  ( 25.62500000000000711, 9.999999999999994671, 20.00000000000000355 ) ) ;
#3689 = CARTESIAN_POINT ( 'NONE',  ( 26.25000000000000355, 0.000000000000000000, 15.75000000000000000 ) ) ;
#3690 = DIRECTION ( 'NONE',  ( -8.566535683836085482E-17, 1.000000000000000000, -9.251858538542979716E-16 ) ) ;
#3691 = EDGE_LOOP ( 'NONE', ( #3670, #728, #3256, #2737, #3132, #3934, #3254, #1121, #3043, #979 ) ) ;
#3692 = ORIENTED_EDGE ( 'NONE', *, *, #1010, .F. ) ;
#3693 = DIRECTION ( 'NONE',  ( 0.000000000000000000, -0.000000000000000000, 1.000000000000000000 ) ) ;
#3694 =( BOUNDED_CURVE ( )  B_SPLINE_CURVE ( 3, ( #1096, #203, #3562, #819 ),
 .UNSPECIFIED., .F., .F. ) 
 B_SPLINE_CURVE_WITH_KNOTS ( ( 4, 4 ),
 ( 1.570796326794897224, 3.141592653589794004 ),
 .UNSPECIFIED. ) 
 CURVE ( )  GEOMETRIC_REPRESENTATION_ITEM ( )  RATIONAL_B_SPLINE_CURVE ( ( 1.000000000000000000, 0.8047378541243649375, 0.8047378541243649375, 1.000000000000000000 ) ) 
 REPRESENTATION_ITEM ( '' )  );
#3695 = CARTESIAN_POINT ( 'NONE',  ( 21.62500000000001066, 9.999999999999994671, 24.50000000000000355 ) ) ;
#3696 = ORIENTED_EDGE ( 'NONE', *, *, #2289, .T. ) ;
#3697 = ADVANCED_FACE ( 'NONE', ( #3301 ), #1536, .F. ) ;
#3698 = DIRECTION ( 'NONE',  ( 0.000000000000000000, 0.000000000000000000, 1.000000000000000000 ) ) ;
#3699 = ORIENTED_EDGE ( 'NONE', *, *, #824, .T. ) ;
#3700 = FACE_OUTER_BOUND ( 'NONE', #1122, .T. ) ;
#3701 = ORIENTED_EDGE ( 'NONE', *, *, #2290, .T. ) ;
#3702 = FACE_OUTER_BOUND ( 'NONE', #616, .T. ) ;
#3703 = CYLINDRICAL_SURFACE ( 'NONE', #1935, 0.5000000000000004441 ) ;
#3704 = VECTOR ( 'NONE', #1895, 1000.000000000000000 ) ;
#3705 = DIRECTION ( 'NONE',  ( -0.000000000000000000, -0.000000000000000000, 1.000000000000000000 ) ) ;
#3706 = CARTESIAN_POINT ( 'NONE',  ( 21.62500000000000355, -17.03874960282693607, 13.99699993145565635 ) ) ;
#3707 = EDGE_LOOP ( 'NONE', ( #3458, #1805, #941, #3554 ) ) ;
#3708 = CALENDAR_DATE ( 2026, 11, 8 ) ;
#3709 = DIRECTION ( 'NONE',  ( -1.387778780781445873E-15, -1.000000000000000000, 0.000000000000000000 ) ) ;
#3710 = DIRECTION ( 'NONE',  ( 8.566535683836085482E-17, -1.000000000000000000, 3.734474149672293927E-15 ) ) ;
#3711 = DIRECTION ( 'NONE',  ( 0.000000000000000000, 0.000000000000000000, 1.000000000000000000 ) ) ;
#3712 = ORIENTED_EDGE ( 'NONE', *, *, #2171, .T. ) ;
#3713 = EDGE_CURVE ( 'NONE', #3109, #3571, #1880, .T. ) ;
#3714 = EDGE_CURVE ( 'NONE', #488, #3678, #2214, .T. ) ;
#3715 = VECTOR ( 'NONE', #3375, 1000.000000000000000 ) ;
#3716 = EDGE_CURVE ( 'NONE', #243, #2788, #3035, .T. ) ;
#3717 = DIRECTION ( 'NONE',  ( -0.000000000000000000, 0.000000000000000000, 1.000000000000000000 ) ) ;
#3718 = EDGE_CURVE ( 'NONE', #2090, #1130, #1169, .T. ) ;
#3719 = ORIENTED_EDGE ( 'NONE', *, *, #3328, .F. ) ;
#3720 = CYLINDRICAL_SURFACE ( 'NONE', #2710, 0.2500000000000002220 ) ;
#3721 = ORIENTED_EDGE ( 'NONE', *, *, #2715, .T. ) ;
#3722 = EDGE_CURVE ( 'NONE', #323, #3322, #1800, .T. ) ;
#3723 = LINE ( 'NONE', #2470, #3065 ) ;
#3724 = DIRECTION ( 'NONE',  ( -1.000000000000000000, 0.000000000000000000, 0.000000000000000000 ) ) ;
#3725 = AXIS2_PLACEMENT_3D ( 'NONE', #390, #877, #319 ) ;
#3726 = AXIS2_PLACEMENT_3D ( 'NONE', #1016, #2235, #3757 ) ;
#3727 = CIRCLE ( 'NONE', #3087, 2.500000000000003109 ) ;
#3728 = AXIS2_PLACEMENT_3D ( 'NONE', #206, #3246, #2922 ) ;
#3729 = LINE ( 'NONE', #1565, #969 ) ;
#3730 = DIRECTION ( 'NONE',  ( -1.000000000000000000, -1.064603789369520613E-16, -6.162975822039153361E-33 ) ) ;
#3731 = EDGE_CURVE ( 'NONE', #63, #1682, #2725, .T. ) ;
#3732 = ORIENTED_EDGE ( 'NONE', *, *, #2350, .T. ) ;
#3733 = COORDINATED_UNIVERSAL_TIME_OFFSET ( 1, 0, .AHEAD. ) ;
#3734 = TOROIDAL_SURFACE ( 'NONE', #3283, 0.7500000000000000000, 0.2500000000000000000 ) ;
#3735 = CARTESIAN_POINT ( 'NONE',  ( 25.12500000000001066, 9.999999999999994671, 20.00000000000000355 ) ) ;
#3736 = DIRECTION ( 'NONE',  ( 1.000000000000000000, 0.000000000000000000, 0.000000000000000000 ) ) ;
#3737 = CARTESIAN_POINT ( 'NONE',  ( 26.50000000000000355, -16.87500000000000355, 11.00000000000000000 ) ) ;
#3738 = ORIENTED_EDGE ( 'NONE', *, *, #2715, .F. ) ;
#3739 = AXIS2_PLACEMENT_3D ( 'NONE', #1732, #3853, #1451 ) ;
#3740 = CIRCLE ( 'NONE', #3223, 0.5000000000000004441 ) ;
#3741 = CIRCLE ( 'NONE', #1241, 4.500000000000000888 ) ;
#3742 = CARTESIAN_POINT ( 'NONE',  ( 15.25000000000000000, 20.99999999999999645, 57.99999999999999289 ) ) ;
#3743 = ORIENTED_EDGE ( 'NONE', *, *, #2031, .T. ) ;
#3744 = CARTESIAN_POINT ( 'NONE',  ( 25.87500000000000355, 23.37500000000000000, 6.000000000000000000 ) ) ;
#3745 = ORIENTED_EDGE ( 'NONE', *, *, #1590, .F. ) ;
#3746 = EDGE_CURVE ( 'NONE', #551, #3523, #2615, .T. ) ;
#3747 = CARTESIAN_POINT ( 'NONE',  ( 15.50000000000000711, -26.75000000000000355, 58.24999999999999289 ) ) ;
#3748 = CARTESIAN_POINT ( 'NONE',  ( 1.500000000000001332, -20.25000000000000355, 6.000000000000000000 ) ) ;
#3749 = DIRECTION ( 'NONE',  ( 1.972152263052529514E-31, 0.000000000000000000, -1.000000000000000000 ) ) ;
#3750 = DIRECTION ( 'NONE',  ( 0.000000000000000000, 1.000000000000000000, 0.000000000000000000 ) ) ;
#3751 = ORIENTED_EDGE ( 'NONE', *, *, #1650, .F. ) ;
#3752 = DIRECTION ( 'NONE',  ( -1.000000000000000000, -1.176083712526648949E-16, 6.800600086113123653E-32 ) ) ;
#3753 = CYLINDRICAL_SURFACE ( 'NONE', #834, 0.5000000000000004441 ) ;
#3754 = DIRECTION ( 'NONE',  ( -1.000000000000000000, -8.566535683836089180E-17, 1.094764425253763580E-47 ) ) ;
#3755 = VERTEX_POINT ( 'NONE', #3529 ) ;
#3756 = DIRECTION ( 'NONE',  ( -1.000000000000000000, -8.566535683836086715E-17, 1.215432671457254510E-63 ) ) ;
#3757 = DIRECTION ( 'NONE',  ( 0.000000000000000000, 0.000000000000000000, -1.000000000000000000 ) ) ;
#3758 = EDGE_LOOP ( 'NONE', ( #2695, #184, #741, #1306 ) ) ;
#3759 = DIRECTION ( 'NONE',  ( 0.000000000000000000, -0.000000000000000000, -1.000000000000000000 ) ) ;
#3760 = VERTEX_POINT ( 'NONE', #2595 ) ;
#3761 = EDGE_CURVE ( 'NONE', #3575, #3866, #2645, .T. ) ;
#3762 = CARTESIAN_POINT ( 'NONE',  ( 20.75000000000000355, -9.999999999999998224, 25.00000000000000000 ) ) ;
#3763 = LINE ( 'NONE', #3463, #2247 ) ;
#3764 = CARTESIAN_POINT ( 'NONE',  ( 14.00000000000000178, -28.25000000000000355, 10.99999999999999645 ) ) ;
#3765 = DIRECTION ( 'NONE',  ( 0.000000000000000000, 0.000000000000000000, -1.000000000000000000 ) ) ;
#3766 = ORIENTED_EDGE ( 'NONE', *, *, #72, .T. ) ;
#3767 = CC_DESIGN_DATE_AND_TIME_ASSIGNMENT ( #2148, #2512, ( #3091 ) ) ;
#3768 = FACE_OUTER_BOUND ( 'NONE', #1274, .T. ) ;
#3769 = DIRECTION ( 'NONE',  ( -0.000000000000000000, -0.000000000000000000, 1.000000000000000000 ) ) ;
#3770 = VECTOR ( 'NONE', #1275, 1000.000000000000000 ) ;
#3771 = CYLINDRICAL_SURFACE ( 'NONE', #770, 0.5000000000000004441 ) ;
#3772 = VERTEX_POINT ( 'NONE', #1050 ) ;
#3773 = AXIS2_PLACEMENT_3D ( 'NONE', #1283, #1662, #1362 ) ;
#3774 = LINE ( 'NONE', #1665, #2901 ) ;
#3775 = ADVANCED_FACE ( 'NONE', ( #1648 ), #748, .T. ) ;
#3776 = EDGE_CURVE ( 'NONE', #1084, #3391, #1709, .T. ) ;
#3777 = VECTOR ( 'NONE', #2538, 1000.000000000000000 ) ;
#3778 = ORIENTED_EDGE ( 'NONE', *, *, #2598, .T. ) ;
#3779 = FACE_OUTER_BOUND ( 'NONE', #1793, .T. ) ;
#3780 = CARTESIAN_POINT ( 'NONE',  ( 1.500000000000001332, 20.24999999999999645, 16.00000000000000000 ) ) ;
#3781 = CIRCLE ( 'NONE', #1344, 5.000000000000000000 ) ;
#3782 = CARTESIAN_POINT ( 'NONE',  ( 1.500000000000002442, -28.25000000000000355, 6.000000000000000000 ) ) ;
#3783 = CARTESIAN_POINT ( 'NONE',  ( 25.75000000000000355, 17.25000000000000000, 60.75000000000000000 ) ) ;
#3784 = ADVANCED_FACE ( 'NONE', ( #1323 ), #3211, .T. ) ;
#3785 = VERTEX_POINT ( 'NONE', #1630 ) ;
#3786 = CARTESIAN_POINT ( 'NONE',  ( 40.25000000000000711, -13.12500000000000355, 11.00000000000000000 ) ) ;
#3787 = VERTEX_POINT ( 'NONE', #3827 ) ;
#3788 = ADVANCED_FACE ( 'NONE', ( #447 ), #3794, .F. ) ;
#3789 = DIRECTION ( 'NONE',  ( 1.386719069154237324E-15, -1.000000000000000000, -3.889384548663213567E-62 ) ) ;
#3790 = AXIS2_PLACEMENT_3D ( 'NONE', #1299, #2534, #3750 ) ;
#3791 = CARTESIAN_POINT ( 'NONE',  ( 20.25000000000000355, 17.50000000000000000, 60.75000000000000000 ) ) ;
#3792 = CARTESIAN_POINT ( 'NONE',  ( 1.500000000000002442, -28.25000000000000355, 6.000000000000000000 ) ) ;
#3793 = ORIENTED_EDGE ( 'NONE', *, *, #2118, .T. ) ;
#3794 = CYLINDRICAL_SURFACE ( 'NONE', #860, 2.499999999999995115 ) ;
#3795 = CIRCLE ( 'NONE', #2071, 2.499999999999998668 ) ;
#3796 = EDGE_CURVE ( 'NONE', #1829, #2767, #3774, .T. ) ;
#3797 = AXIS2_PLACEMENT_3D ( 'NONE', #85, #2268, #1011 ) ;
#3798 = ORIENTED_EDGE ( 'NONE', *, *, #3083, .F. ) ;
#3799 = CARTESIAN_POINT ( 'NONE',  ( 25.75000000000000355, 16.50000000000000000, 54.99999999999999289 ) ) ;
#3800 = CARTESIAN_POINT ( 'NONE',  ( 26.75000000000000355, -16.50000000000000000, 55.25000000000000711 ) ) ;
#3801 = CARTESIAN_POINT ( 'NONE',  ( 25.75000000000000355, -17.24999999999999289, 55.25000000000000711 ) ) ;
#3802 = FACE_OUTER_BOUND ( 'NONE', #862, .T. ) ;
#3803 = EDGE_LOOP ( 'NONE', ( #2409, #3192, #3281, #3547 ) ) ;
#3804 = DIRECTION ( 'NONE',  ( -1.000000000000000000, -1.176083712526648949E-16, 6.800600086113123653E-32 ) ) ;
#3805 = ORIENTED_EDGE ( 'NONE', *, *, #2060, .T. ) ;
#3806 = DIRECTION ( 'NONE',  ( 0.000000000000000000, 0.000000000000000000, 1.000000000000000000 ) ) ;
#3807 = CARTESIAN_POINT ( 'NONE',  ( 26.25000000000000355, 14.93301270189221519, 16.00000000000000000 ) ) ;
#3808 = FACE_OUTER_BOUND ( 'NONE', #1253, .T. ) ;
#3809 = ORIENTED_EDGE ( 'NONE', *, *, #1291, .F. ) ;
#3810 = DIRECTION ( 'NONE',  ( 0.000000000000000000, -1.000000000000000000, 0.000000000000000000 ) ) ;
#3811 = EDGE_CURVE ( 'NONE', #931, #1657, #1688, .T. ) ;
#3812 = VERTEX_POINT ( 'NONE', #2271 ) ;
#3813 = PRODUCT_DEFINITION ( 'UNKNOWN', '', #151, #2915 ) ;
#3814 = ORIENTED_EDGE ( 'NONE', *, *, #1617, .F. ) ;
#3815 = LINE ( 'NONE', #518, #2895 ) ;
#3816 = CARTESIAN_POINT ( 'NONE',  ( 20.25000000000000711, -29.50000000000000355, 57.75000000000000711 ) ) ;
#3817 = ADVANCED_FACE ( 'NONE', ( #1032 ), #1085, .T. ) ;
#3818 = LINE ( 'NONE', #1076, #157 ) ;
#3819 = VECTOR ( 'NONE', #1768, 1000.000000000000000 ) ;
#3820 = EDGE_LOOP ( 'NONE', ( #3566, #389, #2713, #1430, #536, #3943 ) ) ;
#3821 = DIRECTION ( 'NONE',  ( 0.000000000000000000, 1.000000000000000000, 0.000000000000000000 ) ) ;
#3822 = ORIENTED_EDGE ( 'NONE', *, *, #2741, .F. ) ;
#3823 = CARTESIAN_POINT ( 'NONE',  ( 14.00000000000000178, 30.25000000000000000, 10.99999999999999645 ) ) ;
#3824 = DIRECTION ( 'NONE',  ( -0.000000000000000000, -1.000000000000000000, -0.000000000000000000 ) ) ;
#3825 = DIRECTION ( 'NONE',  ( 0.000000000000000000, 3.734474149672293927E-15, 1.000000000000000000 ) ) ;
#3826 = EDGE_LOOP ( 'NONE', ( #1423, #1808, #133, #2063, #2030, #2580 ) ) ;
#3827 = CARTESIAN_POINT ( 'NONE',  ( 25.75000000000000355, -17.50000000000000000, 60.75000000000000000 ) ) ;
#3828 = ORIENTED_EDGE ( 'NONE', *, *, #3896, .F. ) ;
#3829 = ORIENTED_EDGE ( 'NONE', *, *, #2894, .F. ) ;
#3830 = LINE ( 'NONE', #2953, #2325 ) ;
#3831 = VECTOR ( 'NONE', #886, 1000.000000000000000 ) ;
#3832 = EDGE_CURVE ( 'NONE', #3041, #474, #2887, .T. ) ;
#3833 = EDGE_CURVE ( 'NONE', #3071, #3899, #3098, .T. ) ;
#3834 = ORIENTED_EDGE ( 'NONE', *, *, #1580, .F. ) ;
#3835 = LINE ( 'NONE', #1134, #2399 ) ;
#3836 = PLANE ( 'NONE',  #740 ) ;
#3837 = VECTOR ( 'NONE', #189, 1000.000000000000000 ) ;
#3838 = ADVANCED_FACE ( 'NONE', ( #3173, #2287, #432 ), #130, .T. ) ;
#3839 = CARTESIAN_POINT ( 'NONE',  ( 20.25000000000000711, -20.25000000000000355, 15.75000000000000000 ) ) ;
#3840 = AXIS2_PLACEMENT_3D ( 'NONE', #3862, #1741, #3841 ) ;
#3841 = DIRECTION ( 'NONE',  ( 1.000000000000000000, 0.000000000000000000, 0.000000000000000000 ) ) ;
#3842 = VECTOR ( 'NONE', #211, 1000.000000000000000 ) ;
#3843 = ORIENTED_EDGE ( 'NONE', *, *, #455, .F. ) ;
#3844 = FACE_OUTER_BOUND ( 'NONE', #2574, .T. ) ;
#3845 = EDGE_LOOP ( 'NONE', ( #2921, #2013, #3452, #357 ) ) ;
#3846 = DIRECTION ( 'NONE',  ( 1.078918924397141633E-15, -0.7727065869873361859, -0.6347633656933757695 ) ) ;
#3847 = DIRECTION ( 'NONE',  ( 0.000000000000000000, -0.000000000000000000, 1.000000000000000000 ) ) ;
#3848 = CARTESIAN_POINT ( 'NONE',  ( 25.12500000000000355, 14.49999999999999467, 17.08745638631583930 ) ) ;
#3849 = VERTEX_POINT ( 'NONE', #1367 ) ;
#3850 = LINE ( 'NONE', #1106, #1824 ) ;
#3851 = ORIENTED_EDGE ( 'NONE', *, *, #2171, .F. ) ;
#3852 = ORIENTED_EDGE ( 'NONE', *, *, #416, .F. ) ;
#3853 = DIRECTION ( 'NONE',  ( -0.000000000000000000, -1.000000000000000000, -0.000000000000000000 ) ) ;
#3854 = CIRCLE ( 'NONE', #2131, 0.2500000000000002220 ) ;
#3855 = CARTESIAN_POINT ( 'NONE',  ( 26.48142581948082963, 7.363556854710938460, 24.66011813017171761 ) ) ;
#3856 = AXIS2_PLACEMENT_3D ( 'NONE', #307, #3323, #584 ) ;
#3857 = ORIENTED_EDGE ( 'NONE', *, *, #3135, .F. ) ;
#3858 = CARTESIAN_POINT ( 'NONE',  ( 20.00000000000000000, 17.25000000000000000, 61.00000000000000000 ) ) ;
#3859 = DIRECTION ( 'NONE',  ( -1.000000000000000000, -8.566535683836087947E-17, 0.000000000000000000 ) ) ;
#3860 = CIRCLE ( 'NONE', #667, 0.2500000000000002220 ) ;
#3861 = DIRECTION ( 'NONE',  ( 0.000000000000000000, 1.000000000000000000, -3.965082230804130713E-16 ) ) ;
#3862 = CARTESIAN_POINT ( 'NONE',  ( 20.75000000000000355, 14.49999999999999467, 16.00000000000000000 ) ) ;
#3863 = ORIENTED_EDGE ( 'NONE', *, *, #3526, .F. ) ;
#3864 = PLANE ( 'NONE',  #2577 ) ;
#3865 = ADVANCED_FACE ( 'NONE', ( #3510, #1988 ), #768, .F. ) ;
#3866 = VERTEX_POINT ( 'NONE', #1383 ) ;
#3867 = DIRECTION ( 'NONE',  ( -1.000000000000000000, 1.386719069154237324E-15, -1.972152263052529514E-31 ) ) ;
#3868 = LINE ( 'NONE', #234, #579 ) ;
#3869 = DIRECTION ( 'NONE',  ( -1.000000000000000000, -8.566535683836085482E-17, -0.000000000000000000 ) ) ;
#3870 = ORIENTED_EDGE ( 'NONE', *, *, #416, .T. ) ;
#3871 = DIRECTION ( 'NONE',  ( -1.387778780781445873E-15, -1.000000000000000000, 6.938893903907229364E-16 ) ) ;
#3872 = ORIENTED_EDGE ( 'NONE', *, *, #916, .F. ) ;
#3873 = EDGE_CURVE ( 'NONE', #1140, #1229, #3590, .T. ) ;
#3874 = CARTESIAN_POINT ( 'NONE',  ( 0.000000000000000000, 0.000000000000000000, 61.00000000000000000 ) ) ;
#3875 = VECTOR ( 'NONE', #817, 1000.000000000000000 ) ;
#3876 = DIRECTION ( 'NONE',  ( -3.396701841952797380E-32, 3.965082230804130713E-16, 1.000000000000000000 ) ) ;
#3877 = VERTEX_POINT ( 'NONE', #535 ) ;
#3878 = CARTESIAN_POINT ( 'NONE',  ( 15.50000000000000000, 26.75000000000000000, 57.74999999999998579 ) ) ;
#3879 = DIRECTION ( 'NONE',  ( 0.000000000000000000, -1.000000000000000000, 0.000000000000000000 ) ) ;
#3880 = CARTESIAN_POINT ( 'NONE',  ( 40.25000000000000711, 16.87500000000000711, 10.99999999999999645 ) ) ;
#3881 = CYLINDRICAL_SURFACE ( 'NONE', #2402, 1.874999999999998224 ) ;
#3882 = EDGE_CURVE ( 'NONE', #1157, #1453, #3850, .T. ) ;
#3883 = ORIENTED_EDGE ( 'NONE', *, *, #927, .T. ) ;
#3884 = CARTESIAN_POINT ( 'NONE',  ( 26.40018202227703625, -7.459520530379256442, 24.81187154233451153 ) ) ;
#3885 = EDGE_LOOP ( 'NONE', ( #879, #252, #1883 ) ) ;
#3886 = ORIENTED_EDGE ( 'NONE', *, *, #1343, .T. ) ;
#3887 = DIRECTION ( 'NONE',  ( -1.000000000000000000, -8.566535683836086715E-17, 0.000000000000000000 ) ) ;
#3888 = LINE ( 'NONE', #3568, #2499 ) ;
#3889 = DIRECTION ( 'NONE',  ( -8.566535683836085482E-17, 1.000000000000000000, -5.782411586589358625E-16 ) ) ;
#3890 = ORIENTED_EDGE ( 'NONE', *, *, #2079, .F. ) ;
#3891 =( NAMED_UNIT ( * ) SI_UNIT ( $, .STERADIAN. ) SOLID_ANGLE_UNIT ( ) );
#3892 = ADVANCED_FACE ( 'NONE', ( #2694 ), #1192, .F. ) ;
#3893 = ORIENTED_EDGE ( 'NONE', *, *, #3832, .F. ) ;
#3894 = DIRECTION ( 'NONE',  ( -1.000000000000000000, 0.000000000000000000, 0.000000000000000000 ) ) ;
#3895 = DIRECTION ( 'NONE',  ( 1.000000000000000000, 8.566535683836087947E-17, -0.000000000000000000 ) ) ;
#3896 = EDGE_CURVE ( 'NONE', #931, #3521, #3553, .T. ) ;
#3897 = CIRCLE ( 'NONE', #1147, 1.875000000000000000 ) ;
#3898 = ADVANCED_FACE ( 'NONE', ( #594, #1486 ), #509, .T. ) ;
#3899 = VERTEX_POINT ( 'NONE', #2029 ) ;
#3900 = DIRECTION ( 'NONE',  ( 0.000000000000000000, -1.000000000000000000, 0.000000000000000000 ) ) ;
#3901 = DIRECTION ( 'NONE',  ( -0.000000000000000000, 1.000000000000000000, 0.000000000000000000 ) ) ;
#3902 = ORIENTED_EDGE ( 'NONE', *, *, #1242, .F. ) ;
#3903 = DIRECTION ( 'NONE',  ( -0.000000000000000000, -0.000000000000000000, 1.000000000000000000 ) ) ;
#3904 = ORIENTED_EDGE ( 'NONE', *, *, #907, .F. ) ;
#3905 = ORIENTED_EDGE ( 'NONE', *, *, #2496, .F. ) ;
#3906 = LINE ( 'NONE', #2709, #2364 ) ;
#3907 = CARTESIAN_POINT ( 'NONE',  ( 26.40017239460532039, -14.81188249368682008, 15.95952642094195362 ) ) ;
#3908 = VECTOR ( 'NONE', #1210, 1000.000000000000000 ) ;
#3909 = EDGE_CURVE ( 'NONE', #749, #3260, #273, .T. ) ;
#3910 = FACE_OUTER_BOUND ( 'NONE', #1567, .T. ) ;
#3911 = VERTEX_POINT ( 'NONE', #3912 ) ;
#3912 = CARTESIAN_POINT ( 'NONE',  ( 14.00000000000000178, -20.25000000000000355, 12.87499999999999645 ) ) ;
#3913 = AXIS2_PLACEMENT_3D ( 'NONE', #1923, #666, #404 ) ;
#3914 = EDGE_LOOP ( 'NONE', ( #1395, #2949, #1376, #573 ) ) ;
#3915 = DIRECTION ( 'NONE',  ( 0.000000000000000000, -1.000000000000000000, 0.000000000000000000 ) ) ;
#3916 = CARTESIAN_POINT ( 'NONE',  ( 26.50000000000000355, 7.249999999999971578, 55.00000000000000000 ) ) ;
#3917 = EDGE_CURVE ( 'NONE', #1108, #988, #1165, .T. ) ;
#3918 = VECTOR ( 'NONE', #3940, 1000.000000000000000 ) ;
#3919 = CIRCLE ( 'NONE', #655, 0.2500000000000002220 ) ;
#3920 = AXIS2_PLACEMENT_3D ( 'NONE', #3284, #3660, #919 ) ;
#3921 = CIRCLE ( 'NONE', #2194, 2.500000000000002220 ) ;
#3922 = CARTESIAN_POINT ( 'NONE',  ( 20.25000000000000000, 20.24999999999999645, 16.00000000000000000 ) ) ;
#3923 = LINE ( 'NONE', #2061, #3596 ) ;
#3924 = VERTEX_POINT ( 'NONE', #2395 ) ;
#3925 = DIRECTION ( 'NONE',  ( -1.000000000000000000, 1.386719069154237324E-15, -1.972152263052529514E-31 ) ) ;
#3926 = ORIENTED_EDGE ( 'NONE', *, *, #2355, .F. ) ;
#3927 = AXIS2_PLACEMENT_3D ( 'NONE', #3489, #3710, #727 ) ;
#3928 = ORIENTED_EDGE ( 'NONE', *, *, #704, .F. ) ;
#3929 = VECTOR ( 'NONE', #1473, 1000.000000000000000 ) ;
#3930 = CARTESIAN_POINT ( 'NONE',  ( 20.50000000000000711, -20.25000000000000355, 16.00000000000000000 ) ) ;
#3931 = CARTESIAN_POINT ( 'NONE',  ( 26.25000000000000355, -14.93301270189222230, 16.00000000000000000 ) ) ;
#3932 = TOROIDAL_SURFACE ( 'NONE', #225, 4.500000000000000888, 0.5000000000000000000 ) ;
#3933 = CARTESIAN_POINT ( 'NONE',  ( 23.37500000000000000, 23.37500000000000000, 16.00000000000000000 ) ) ;
#3934 = ORIENTED_EDGE ( 'NONE', *, *, #2368, .T. ) ;
#3935 = ORIENTED_EDGE ( 'NONE', *, *, #2783, .T. ) ;
#3936 = DIRECTION ( 'NONE',  ( 1.000000000000000000, -9.723461371658036076E-63, 7.925637631223201551E-32 ) ) ;
#3937 = ADVANCED_BREP_SHAPE_REPRESENTATION ( 'fix_imu', ( #3953, #1937 ), #2390 ) ;
#3938 = DIRECTION ( 'NONE',  ( 1.000000000000000000, 8.566535683836085482E-17, -0.000000000000000000 ) ) ;
#3939 = EDGE_CURVE ( 'NONE', #2267, #2022, #3400, .T. ) ;
#3940 = DIRECTION ( 'NONE',  ( -0.000000000000000000, -0.000000000000000000, -1.000000000000000000 ) ) ;
#3941 = CC_DESIGN_PERSON_AND_ORGANIZATION_ASSIGNMENT ( #1509, #2810, ( #151 ) ) ;
#3942 = FACE_OUTER_BOUND ( 'NONE', #2313, .T. ) ;
#3943 = ORIENTED_EDGE ( 'NONE', *, *, #3328, .T. ) ;
#3944 = DIRECTION ( 'NONE',  ( 0.000000000000000000, 0.000000000000000000, -1.000000000000000000 ) ) ;
#3945 = ORIENTED_EDGE ( 'NONE', *, *, #1631, .T. ) ;
#3946 = ORIENTED_EDGE ( 'NONE', *, *, #2429, .T. ) ;
#3947 = CARTESIAN_POINT ( 'NONE',  ( -0.000000000000000000, 20.24999999999999645, 6.000000000000000000 ) ) ;
#3948 = CARTESIAN_POINT ( 'NONE',  ( 20.34982760539467961, 14.81188249368681298, 15.95952642094195362 ) ) ;
#3949 = FACE_OUTER_BOUND ( 'NONE', #2702, .T. ) ;
#3950 = ORIENTED_EDGE ( 'NONE', *, *, #645, .T. ) ;
#3951 = COORDINATED_UNIVERSAL_TIME_OFFSET ( 1, 0, .AHEAD. ) ;
#3952 = ORIENTED_EDGE ( 'NONE', *, *, #3075, .F. ) ;
#3953 = MANIFOLD_SOLID_BREP ( 'Cut-Extrude14', #3493 ) ;
#3954 = DIRECTION ( 'NONE',  ( 0.000000000000000000, 1.000000000000000000, 0.000000000000000000 ) ) ;
#3955 = LINE ( 'NONE', #2757, #648 ) ;
#3956 = EDGE_CURVE ( 'NONE', #2159, #497, #2456, .T. ) ;
#3957 = ADVANCED_FACE ( 'NONE', ( #559 ), #721, .T. ) ;
#3958 = ADVANCED_FACE ( 'NONE', ( #831 ), #1402, .T. ) ;
#3959 = DIRECTION ( 'NONE',  ( 0.000000000000000000, 0.000000000000000000, 1.000000000000000000 ) ) ;
#3960 = DIRECTION ( 'NONE',  ( -0.000000000000000000, 0.000000000000000000, 1.000000000000000000 ) ) ;
#3961 = CIRCLE ( 'NONE', #3385, 2.749999999999999112 ) ;
#3962 = CIRCLE ( 'NONE', #1331, 2.500000000000003109 ) ;
ENDSEC;
END-ISO-10303-21;
